geo,time,cell_phones_per_100_people
abw,1960,0
abw,1965,0
abw,1970,0
abw,1975,0
abw,1976,0
abw,1977,0
abw,1978,0
abw,1979,0
abw,1980,0
abw,1981,0
abw,1982,0
abw,1983,0
abw,1984,0
abw,1985,0
abw,1986,0
abw,1987,0
abw,1988,0
abw,1989,0
abw,1990,0
abw,1991,0
abw,1992,0.02849
abw,1995,2.22972
abw,1996,3.77753
abw,1997,4.15598
abw,1998,6.37781
abw,1999,13.81422
abw,2000,16.89931
abw,2001,58.69
abw,2002,67.63042
abw,2003,75.77944
abw,2004,105.55287
abw,2005,109.74955
abw,2006,114.2968
abw,2007,117.59968
abw,2008,123.5172
abw,2009,129.26029
abw,2010,131.64992
abw,2012,132.66118
abw,2013,135.33805
abw,2014,135.14167
abw,2015,135.33748
abw,2019,131.68217
abw,2020,131.28492
abw,2021,131.09206
abw,2022,130.64797
afg,1960,0
afg,1965,0
afg,1970,0
afg,1975,0
afg,1976,0
afg,1977,0
afg,1978,0
afg,1979,0
afg,1980,0
afg,1981,0
afg,1982,0
afg,1983,0
afg,1984,0
afg,1985,0
afg,1986,0
afg,1987,0
afg,1988,0
afg,1989,0
afg,1990,0
afg,1991,0
afg,1992,0
afg,1993,0
afg,1994,0
afg,1995,0
afg,1996,0
afg,1997,0
afg,1998,0
afg,1999,0
afg,2000,0
afg,2001,0
afg,2002,0.11694
afg,2003,0.87978
afg,2004,2.54662
afg,2005,4.91711
afg,2006,9.9133
afg,2007,18.01668
afg,2008,29.82676
afg,2009,38.22894
afg,2010,36.11868
afg,2011,47.01518
afg,2012,50.19666
afg,2013,53.14902
afg,2014,56.13221
afg,2015,58.25602
afg,2016,62.25533
afg,2017,67.05079
afg,2018,59.81093
afg,2019,59.64708
afg,2020,58.04611
afg,2021,56.69448
afg,2022,56.26552
afg,2023,55.5475
afg,2024,60.09908
ago,1960,0
ago,1965,0
ago,1970,0
ago,1975,0
ago,1976,0
ago,1977,0
ago,1978,0
ago,1979,0
ago,1980,0
ago,1981,0
ago,1982,0
ago,1983,0
ago,1984,0
ago,1985,0
ago,1986,0
ago,1987,0
ago,1988,0
ago,1989,0
ago,1990,0
ago,1991,0
ago,1992,0
ago,1993,0.00844
ago,1994,0.01355
ago,1995,0.01433
ago,1996,0.02293
ago,1997,0.04742
ago,1998,0.0639
ago,1999,0.15122
ago,2000,0.15935
ago,2001,0.44784
ago,2002,0.80795
ago,2003,1.95054
ago,2004,3.9784
ago,2005,8.35159
ago,2006,15.26144
ago,2007,23.87815
ago,2008,31.38915
ago,2009,36.17891
ago,2010,40.36676
ago,2011,49.85153
ago,2012,50.78011
ago,2013,50.77349
ago,2014,51.73844
ago,2015,49.30972
ago,2016,44.55023
ago,2017,44.06821
ago,2018,42.45888
ago,2019,45.80653
ago,2020,43.78043
ago,2021,44.38687
ago,2022,66.60081
ago,2023,70.05196
ago,2024,69.70395
alb,1960,0
alb,1965,0
alb,1970,0
alb,1975,0
alb,1976,0
alb,1977,0
alb,1978,0
alb,1979,0
alb,1980,0
alb,1981,0
alb,1982,0
alb,1983,0
alb,1984,0
alb,1985,0
alb,1986,0
alb,1987,0
alb,1988,0
alb,1989,0
alb,1990,0
alb,1991,0
alb,1992,0
alb,1993,0
alb,1994,0
alb,1995,0
alb,1996,0.07031
alb,1997,0.10142
alb,1998,0.17326
alb,1999,0.34311
alb,2000,0.94092
alb,2001,12.47322
alb,2002,27.153
alb,2003,35.27803
alb,2004,40.64955
alb,2005,49.74528
alb,2006,62.60258
alb,2007,76.82841
alb,2008,62.13416
alb,2009,83.19292
alb,2010,91.92993
alb,2011,106.47418
alb,2012,120.27475
alb,2013,126.77181
alb,2014,115.70057
alb,2015,117.32966
alb,2016,116.28401
alb,2017,125.09994
alb,2018,93.80309
alb,2019,91.1635
alb,2020,91.18809
alb,2021,92.48434
alb,2022,98.39504
alb,2023,92.99733
alb,2024,89.13286
and,1960,0
and,1965,0
and,1970,0
and,1975,0
and,1976,0
and,1977,0
and,1978,0
and,1979,0
and,1980,0
and,1981,0
and,1982,0
and,1983,0
and,1984,0
and,1985,0
and,1986,0
and,1987,0
and,1988,0
and,1989,0
and,1990,0
and,1991,0
and,1992,1.3442
and,1993,1.31855
and,1994,1.28447
and,1995,4.48926
and,1996,8.55535
and,1997,13.32364
and,1998,21.65649
and,1999,31.37613
and,2000,35.84228
and,2001,44.68961
and,2002,49.30382
and,2003,74.68123
and,2004,78.52809
and,2005,83.38823
and,2006,86.70478
and,2007,77.55902
and,2008,76.89323
and,2009,76.94664
and,2010,81.15258
and,2011,83.62239
and,2012,83.12075
and,2013,85.02141
and,2014,89.83414
and,2015,98.83892
and,2016,105.47374
and,2017,108.91233
and,2018,109.91458
and,2019,114.95279
and,2020,103.87697
and,2021,119.68761
and,2022,142.42645
and,2023,156.09726
and,2024,155.69211
are,1982,0.19951
are,1983,0.28798
are,1984,0.37727
are,1985,0.5744
are,1986,0.76197
are,1987,0.87004
are,1988,0.821
are,1989,1.3922
are,1990,1.76712
are,1991,2.14142
are,1992,2.31161
are,1993,3.17485
are,1994,3.92817
are,1995,5.29863
are,1996,7.53416
are,1997,11.26583
are,1998,16.88655
are,1999,26.86844
are,2000,40.87833
are,2001,51.27587
are,2002,61.36411
are,2003,70.89711
are,2004,83.15973
are,2005,97.1993
are,2006,110.18532
are,2007,137.45795
are,2008,148.47269
are,2009,159.11415
are,2010,157.47258
are,2011,162.89362
are,2012,183.74063
are,2013,205.10548
are,2014,204.19183
are,2015,206.83941
are,2016,220.41161
are,2017,214.70134
are,2018,214.84213
are,2019,209.03321
are,2020,194.46775
are,2021,186.30089
are,2022,195.62459
are,2023,199.42384
are,2024,203.20641
arg,1960,0
arg,1965,0
arg,1970,0
arg,1975,0
arg,1976,0
arg,1977,0
arg,1978,0
arg,1979,0
arg,1980,0
arg,1981,0
arg,1982,0
arg,1983,0
arg,1984,0
arg,1985,0
arg,1986,0
arg,1987,0
arg,1988,0
arg,1989,0.00715
arg,1990,0.03677
arg,1991,0.07552
arg,1992,0.13879
arg,1993,0.32915
arg,1994,0.69925
arg,1995,1.16006
arg,1996,1.8848
arg,1997,5.60943
arg,1998,7.37131
arg,1999,10.50082
arg,2000,17.43417
arg,2001,17.91846
arg,2002,17.26756
arg,2003,20.40958
arg,2004,34.81145
arg,2005,56.4973
arg,2006,79.52728
arg,2007,100.96212
arg,2008,115.05196
arg,2009,128.46163
arg,2010,138.25164
arg,2011,145.51107
arg,2012,152.57358
arg,2013,158.19077
arg,2014,142.32548
arg,2015,142.24071
arg,2016,145.14658
arg,2017,139.75824
arg,2018,131.22427
arg,2019,125.30266
arg,2020,121.18061
arg,2021,130.3528
arg,2022,131.48356
arg,2023,137.70609
arg,2024,140.23498
arm,1960,0
arm,1965,0
arm,1970,0
arm,1975,0
arm,1976,0
arm,1977,0
arm,1978,0
arm,1979,0
arm,1980,0
arm,1981,0
arm,1982,0
arm,1983,0
arm,1984,0
arm,1985,0
arm,1986,0
arm,1987,0
arm,1988,0
arm,1989,0
arm,1990,0
arm,1991,0
arm,1992,0
arm,1993,0
arm,1994,0
arm,1995,0
arm,1996,0.00909
arm,1997,0.15284
arm,1998,0.24166
arm,1999,0.25455
arm,2000,0.55944
arm,2001,0.82688
arm,2002,2.335
arm,2003,3.76374
arm,2004,6.72643
arm,2005,10.57907
arm,2006,42.1272
arm,2007,63.07648
arm,2008,48.71638
arm,2009,74.4012
arm,2010,131.87483
arm,2011,109.85006
arm,2012,113.69735
arm,2013,114.49972
arm,2014,118.36542
arm,2015,118.59911
arm,2016,117.6708
arm,2017,119.67644
arm,2018,123
arm,2019,124.6137
arm,2020,120.68237
arm,2021,125.39513
arm,2022,130.54007
arm,2023,134.51996
arm,2024,134.88695
asm,1960,0
asm,1965,0
asm,1970,0
asm,1975,0
asm,1976,0
asm,1977,0
asm,1978,0
asm,1979,0
asm,1980,0
asm,1981,0
asm,1982,0
asm,1983,0
asm,1984,0
asm,1985,0
asm,1986,0
asm,1990,0
asm,1991,0
asm,1992,1.39782
asm,1993,1.75871
asm,1994,2.29498
asm,1995,2.34078
asm,1996,2.38532
asm,1997,2.51898
asm,1998,2.65004
asm,1999,3.12533
asm,2000,3.50365
asm,2001,3.77894
asm,2002,3.56805
asm,2003,3.68609
asm,2004,3.96001
atg,1960,0
atg,1965,0
atg,1970,0
atg,1975,0
atg,1976,0
atg,1977,0
atg,1978,0
atg,1979,0
atg,1980,0
atg,1981,0
atg,1982,0
atg,1983,0
atg,1984,0
atg,1985,0
atg,1986,0
atg,1987,0
atg,1988,0
atg,1990,0
atg,1996,1.86252
atg,1997,1.9658
atg,1998,2.06691
atg,1999,11.51434
atg,2000,29.36779
atg,2001,32.8649
atg,2002,49.59627
atg,2003,59.19059
atg,2004,68.59843
atg,2005,108.02527
atg,2006,136.68925
atg,2007,137.54651
atg,2008,164.74334
atg,2009,160.29487
atg,2010,196.8706
atg,2011,203.87342
atg,2012,145.97868
atg,2013,129.85783
atg,2014,135.23461
atg,2015,196.84819
atg,2016,200.06891
atg,2017,203.38683
atg,2019,201.39223
atg,2020,200.33534
atg,2021,199.24417
atg,2022,200.54072
aus,1960,0
aus,1965,0
aus,1970,0
aus,1975,0
aus,1976,0
aus,1977,0
aus,1978,0
aus,1979,0
aus,1980,0
aus,1981,0
aus,1982,0
aus,1983,0
aus,1984,0
aus,1985,0
aus,1986,0
aus,1987,0.0272
aus,1988,0.19135
aus,1989,0.56279
aus,1990,1.08484
aus,1991,1.68755
aus,1992,2.8461
aus,1993,3.91345
aus,1994,6.85181
aus,1995,12.45348
aus,1996,21.90882
aus,1997,24.86658
aus,1998,26.43849
aus,1999,33.58883
aus,2000,44.75115
aus,2001,57.48387
aus,2002,64.65818
aus,2003,72.38847
aus,2004,82.20814
aus,2005,90.76355
aus,2006,95.96631
aus,2007,101.45768
aus,2008,103.50674
aus,2009,101.91429
aus,2010,101.61876
aus,2011,105.82401
aus,2012,106.49971
aus,2013,107.3322
aus,2014,106.20624
aus,2015,107.60814
aus,2016,109.12881
aus,2017,107.79976
aus,2018,110.03313
aus,2019,109.75283
aus,2020,104.93016
aus,2021,105.11851
aus,2022,109.46917
aus,2023,112.51318
aus,2024,112.58103
aut,1960,0
aut,1965,0
aut,1970,0
aut,1975,0
aut,1976,0
aut,1977,0
aut,1978,0
aut,1979,0
aut,1980,0
aut,1981,0
aut,1982,0
aut,1983,0
aut,1984,0
aut,1985,0.12909
aut,1986,0.25246
aut,1987,0.3463
aut,1988,0.48662
aut,1989,0.66568
aut,1990,0.95977
aut,1991,1.48798
aut,1992,2.19943
aut,1993,2.79382
aut,1994,3.50581
aut,1995,4.82598
aut,1996,7.52331
aut,1997,14.55612
aut,1998,28.74799
aut,1999,53.18725
aut,2000,76.33914
aut,2001,81.33313
aut,2002,83.34946
aut,2003,89.55258
aut,2004,97.77952
aut,2005,105.29572
aut,2006,112.22629
aut,2007,119.46556
aut,2008,129.94919
aut,2009,137.01509
aut,2010,146.33431
aut,2011,155.155
aut,2012,161.15563
aut,2013,156.48349
aut,2014,151.53115
aut,2015,155.83714
aut,2016,126.79753
aut,2017,123.41487
aut,2018,124.23021
aut,2019,120.77637
aut,2020,120.13181
aut,2021,121.35773
aut,2022,121.16646
aut,2023,121.74621
aut,2024,124.4593
aze,1960,0
aze,1965,0
aze,1970,0
aze,1975,0
aze,1976,0
aze,1977,0
aze,1978,0
aze,1979,0
aze,1980,0
aze,1981,0
aze,1982,0
aze,1983,0
aze,1984,0
aze,1985,0
aze,1986,0
aze,1987,0
aze,1988,0
aze,1989,0
aze,1990,0
aze,1991,0
aze,1992,0
aze,1993,0
aze,1994,0.00639
aze,1995,0.07605
aze,1996,0.21386
aze,1997,0.5
aze,1998,0.80835
aze,1999,4.56708
aze,2000,5.14264
aze,2001,8.84659
aze,2002,9.53864
aze,2003,12.58373
aze,2004,17.156
aze,2005,26.07811
aze,2006,38.15125
aze,2007,51.18759
aze,2008,73.22224
aze,2009,85.74875
aze,2010,99.48903
aze,2011,109.33385
aze,2012,107.98853
aze,2013,106.58319
aze,2014,109.5667
aze,2015,109.68211
aze,2016,103.24846
aze,2017,101.58991
aze,2018,102.98728
aze,2019,106.32834
aze,2020,101.59668
aze,2021,105.69356
aze,2022,107.5063
aze,2023,107.68673
aze,2024,109.54315
bdi,1960,0
bdi,1965,0
bdi,1970,0
bdi,1975,0
bdi,1976,0
bdi,1977,0
bdi,1978,0
bdi,1979,0
bdi,1980,0
bdi,1981,0
bdi,1982,0
bdi,1983,0
bdi,1984,0
bdi,1985,0
bdi,1986,0
bdi,1987,0
bdi,1988,0
bdi,1989,0
bdi,1990,0
bdi,1991,0
bdi,1992,0
bdi,1993,0.00635
bdi,1994,0.00677
bdi,1995,0.00951
bdi,1996,0.00946
bdi,1997,0.01045
bdi,1998,0.01027
bdi,1999,0.01294
bdi,2000,0.25223
bdi,2001,0.50368
bdi,2002,0.762
bdi,2003,0.90868
bdi,2004,1.37553
bdi,2005,2.01653
bdi,2006,2.54273
bdi,2007,3.30806
bdi,2008,5.65018
bdi,2009,10.2904
bdi,2010,17.89622
bdi,2011,19.70149
bdi,2012,22.31278
bdi,2013,24.30068
bdi,2014,29.56778
bdi,2015,45.23793
bdi,2016,47.66973
bdi,2017,51.45333
bdi,2018,53.27369
bdi,2019,53.29955
bdi,2020,52.55712
bdi,2021,59.70079
bdi,2022,56.25999
bdi,2023,63.16314
bel,1960,0
bel,1965,0
bel,1970,0
bel,1975,0
bel,1976,0
bel,1977,0
bel,1978,0
bel,1979,0
bel,1980,0
bel,1981,0
bel,1982,0
bel,1983,0
bel,1984,0
bel,1985,0
bel,1986,0.03841
bel,1987,0.07296
bel,1988,0.19312
bel,1989,0.30986
bel,1990,0.43054
bel,1991,0.51487
bel,1992,0.61359
bel,1993,0.67476
bel,1994,1.27191
bel,1995,2.3304
bel,1996,4.72351
bel,1997,9.59632
bel,1998,17.23787
bel,1999,31.16719
bel,2000,54.90788
bel,2001,74.82256
bel,2002,78.40703
bel,2003,82.93773
bel,2004,87.62546
bel,2005,91.6576
bel,2006,93.35383
bel,2007,101.05998
bel,2008,105.90115
bel,2009,108.89957
bel,2010,111.13154
bel,2011,113.20185
bel,2012,110.85622
bel,2013,110.34868
bel,2014,113.60026
bel,2015,113.29233
bel,2016,110.74872
bel,2017,99.8304
bel,2018,100.16403
bel,2019,100.16496
bel,2020,99.91006
bel,2021,101.46294
bel,2022,101.68036
bel,2023,103.19643
bel,2024,103.90465
ben,1960,0
ben,1965,0
ben,1970,0
ben,1975,0
ben,1976,0
ben,1977,0
ben,1978,0
ben,1979,0
ben,1980,0
ben,1981,0
ben,1982,0
ben,1983,0
ben,1984,0
ben,1985,0
ben,1986,0
ben,1987,0
ben,1988,0
ben,1989,0
ben,1990,0
ben,1991,0
ben,1992,0
ben,1993,0
ben,1994,0
ben,1995,0.01737
ben,1996,0.04363
ben,1997,0.06725
ben,1998,0.09547
ben,1999,0.10708
ben,2000,0.76819
ben,2001,1.67884
ben,2002,2.85027
ben,2003,2.98462
ben,2004,5.62957
ben,2005,7.07639
ben,2006,12.14423
ben,2007,22.91471
ben,2008,39.2846
ben,2009,52.93012
ben,2010,72.21154
ben,2011,76.9318
ben,2012,80.86289
ben,2013,89.90192
ben,2014,78.51703
ben,2015,82.01933
ben,2016,76.01821
ben,2017,72.86715
ben,2018,76.40803
ben,2019,81.32353
ben,2020,85.23907
ben,2021,94.91826
ben,2022,105.74502
ben,2023,116.03605
ben,2024,125.94087
bfa,1960,0
bfa,1965,0
bfa,1970,0
bfa,1975,0
bfa,1976,0
bfa,1977,0
bfa,1978,0
bfa,1979,0
bfa,1980,0
bfa,1981,0
bfa,1982,0
bfa,1983,0
bfa,1984,0
bfa,1985,0
bfa,1986,0
bfa,1987,0
bfa,1988,0
bfa,1989,0
bfa,1990,0
bfa,1991,0
bfa,1992,0
bfa,1993,0
bfa,1994,0
bfa,1995,0
bfa,1996,0.00494
bfa,1997,0.01379
bfa,1998,0.02437
bfa,1999,0.04366
bfa,2000,0.21169
bfa,2001,0.61965
bfa,2002,0.87543
bfa,2003,1.81994
bfa,2004,2.93277
bfa,2005,4.54743
bfa,2006,7.07267
bfa,2007,12.54049
bfa,2008,19.81997
bfa,2009,24.33869
bfa,2010,35.28483
bfa,2011,46.10576
bfa,2012,58.09421
bfa,2013,63.52431
bfa,2014,68.53955
bfa,2015,76.93733
bfa,2016,79.66979
bfa,2017,90.20814
bfa,2018,94.62196
bfa,2019,97.14986
bfa,2020,102.97284
bfa,2021,112.19842
bfa,2022,113.99615
bfa,2023,116.16314
bfa,2024,116.58959
bgd,1960,0
bgd,1965,0
bgd,1970,0
bgd,1975,0
bgd,1976,0
bgd,1977,0
bgd,1978,0
bgd,1979,0
bgd,1980,0
bgd,1981,0
bgd,1982,0
bgd,1983,0
bgd,1984,0
bgd,1985,0
bgd,1986,0
bgd,1987,0
bgd,1988,0
bgd,1989,0
bgd,1990,0
bgd,1991,0
bgd,1992,0.00022
bgd,1993,0.00044
bgd,1994,0.00095
bgd,1995,0.00212
bgd,1996,0.00334
bgd,1997,0.0213
bgd,1998,0.06031
bgd,1999,0.11755
bgd,2000,0.20737
bgd,2001,0.3801
bgd,2002,0.77375
bgd,2003,0.96829
bgd,2004,1.94647
bgd,2005,6.21909
bgd,2006,13.06708
bgd,2007,23.22466
bgd,2008,29.86467
bgd,2009,34.04126
bgd,2010,44.62747
bgd,2011,54.93073
bgd,2012,62.66843
bgd,2013,74.45952
bgd,2014,80.31282
bgd,2015,82.4276
bgd,2016,84.55955
bgd,2017,93.06898
bgd,2018,98.92891
bgd,2019,100.39957
bgd,2020,106.00214
bgd,2021,110.01205
bgd,2022,109.86654
bgd,2023,111.28089
bgd,2024,108.07704
bgr,1960,0
bgr,1965,0
bgr,1970,0
bgr,1975,0
bgr,1976,0
bgr,1977,0
bgr,1978,0
bgr,1979,0
bgr,1980,0
bgr,1981,0
bgr,1982,0
bgr,1983,0
bgr,1984,0
bgr,1985,0
bgr,1986,0
bgr,1987,0
bgr,1988,0
bgr,1989,0
bgr,1990,0
bgr,1991,0
bgr,1992,0
bgr,1993,0.01161
bgr,1994,0.07604
bgr,1995,0.24677
bgr,1996,0.31647
bgr,1997,0.84145
bgr,1998,1.54221
bgr,1999,4.28801
bgr,2000,9.2244
bgr,2001,19.54984
bgr,2002,33.03952
bgr,2003,44.85758
bgr,2004,61.03328
bgr,2005,81.15505
bgr,2006,108.02485
bgr,2007,130.45503
bgr,2008,138.39672
bgr,2009,139.62082
bgr,2010,137.14025
bgr,2011,141.93831
bgr,2012,147.33786
bgr,2013,144.35515
bgr,2014,131.33514
bgr,2015,128.10326
bgr,2016,125.90603
bgr,2017,120.59563
bgr,2018,119.39451
bgr,2019,116.61698
bgr,2020,114.59674
bgr,2021,114.91199
bgr,2022,116.67916
bgr,2023,117.93269
bgr,2024,118.06715
bhr,1960,0
bhr,1965,0
bhr,1970,0
bhr,1975,0
bhr,1976,0
bhr,1977,0
bhr,1978,0
bhr,1979,0
bhr,1980,0
bhr,1981,0
bhr,1982,0
bhr,1983,0
bhr,1984,0
bhr,1985,0
bhr,1986,0.13727
bhr,1987,0.36694
bhr,1988,0.5971
bhr,1989,0.84961
bhr,1990,0.99475
bhr,1991,1.37351
bhr,1992,1.74635
bhr,1993,1.97994
bhr,1994,2.96939
bhr,1995,4.50293
bhr,1996,6.3342
bhr,1997,8.97016
bhr,1998,13.68999
bhr,1999,19.28358
bhr,2000,30.72474
bhr,2001,42.80083
bhr,2002,51.71385
bhr,2003,54.61877
bhr,2004,74.56193
bhr,2005,82.25388
bhr,2006,91.23432
bhr,2007,105.53941
bhr,2008,128.55929
bhr,2009,118.44948
bhr,2010,129.15786
bhr,2011,140.3506
bhr,2012,174.61956
bhr,2013,175.80216
bhr,2014,177.40013
bhr,2015,183.91961
bhr,2016,209.48913
bhr,2017,159.54689
bhr,2018,139.73542
bhr,2019,129.14274
bhr,2020,119.4116
bhr,2021,128.07891
bhr,2022,139.63614
bhr,2023,153.89994
bhr,2024,159.53614
bhs,1960,0
bhs,1965,0
bhs,1970,0
bhs,1975,0
bhs,1976,0
bhs,1977,0
bhs,1978,0
bhs,1979,0
bhs,1980,0
bhs,1981,0
bhs,1982,0
bhs,1983,0
bhs,1984,0
bhs,1985,0
bhs,1986,0
bhs,1987,0
bhs,1988,0
bhs,1989,0
bhs,1990,0.71007
bhs,1991,0.73173
bhs,1992,0.92207
bhs,1993,0.83321
bhs,1995,1.3687
bhs,1996,1.62266
bhs,1997,1.9989
bhs,1998,2.55931
bhs,1999,4.96796
bhs,2000,9.73459
bhs,2001,18.47113
bhs,2002,36.71709
bhs,2003,36.41879
bhs,2004,54.74304
bhs,2005,66.23291
bhs,2006,72.61916
bhs,2007,105.84857
bhs,2008,99.98045
bhs,2009,98.89805
bhs,2010,116.57215
bhs,2011,80.37845
bhs,2012,79.90007
bhs,2013,75.73499
bhs,2014,82.35513
bhs,2015,80.7521
bhs,2016,92.82189
bhs,2017,90.53869
bhs,2018,98.97891
bhs,2019,107.812
bhs,2020,117.71749
bhs,2021,100.25733
bhs,2022,101.62374
bhs,2023,100.04757
bhs,2024,96.6799
bih,1960,0
bih,1965,0
bih,1970,0
bih,1975,0
bih,1976,0
bih,1977,0
bih,1978,0
bih,1979,0
bih,1980,0
bih,1981,0
bih,1982,0
bih,1983,0
bih,1984,0
bih,1985,0
bih,1986,0
bih,1987,0
bih,1988,0
bih,1989,0
bih,1990,0
bih,1991,0
bih,1992,0
bih,1993,0
bih,1994,0
bih,1995,0
bih,1996,0.03839
bih,1997,0.22235
bih,1998,0.61192
bih,1999,1.26672
bih,2000,2.24498
bih,2001,10.64045
bih,2002,17.87917
bih,2003,25.72177
bih,2004,33.98806
bih,2005,38.92029
bih,2006,46.46059
bih,2007,61.05572
bih,2008,80.532
bih,2009,83.95392
bih,2010,81.60189
bih,2011,84.75292
bih,2012,91.48331
bih,2013,96.60635
bih,2014,97.93423
bih,2015,97.86784
bih,2016,98.0144
bih,2017,100.33258
bih,2018,102.18654
bih,2019,112.25479
bih,2020,106.37474
bih,2021,114.91161
bih,2022,118.94435
bih,2023,117.73369
bih,2024,121.23237
blr,1960,0
blr,1965,0
blr,1970,0
blr,1975,0
blr,1976,0
blr,1977,0
blr,1978,0
blr,1979,0
blr,1980,0
blr,1981,0
blr,1982,0
blr,1983,0
blr,1984,0
blr,1985,0
blr,1986,0
blr,1987,0
blr,1988,0
blr,1989,0
blr,1990,0
blr,1991,0
blr,1992,0
blr,1993,0.00309
blr,1994,0.01646
blr,1995,0.05637
blr,1996,0.06274
blr,1997,0.07852
blr,1998,0.11735
blr,1999,0.22755
blr,2000,0.49396
blr,2001,1.39191
blr,2002,4.6856
blr,2003,11.40447
blr,2004,23.00222
blr,2005,42.40348
blr,2006,62.03141
blr,2007,72.7795
blr,2008,85.29431
blr,2009,101.88132
blr,2010,108.87335
blr,2011,112.90192
blr,2012,112.82242
blr,2013,117.43352
blr,2014,120.36608
blr,2015,120.66963
blr,2016,120.43151
blr,2017,120.21265
blr,2018,122.56976
blr,2019,123.22981
blr,2020,125.16473
blr,2021,127.11732
blr,2022,128.315
blr,2023,128.97918
blr,2024,131.12302
blz,1960,0
blz,1965,0
blz,1970,0
blz,1975,0
blz,1976,0
blz,1977,0
blz,1978,0
blz,1979,0
blz,1980,0
blz,1981,0
blz,1982,0
blz,1983,0
blz,1984,0
blz,1985,0
blz,1986,0
blz,1987,0
blz,1988,0
blz,1989,0
blz,1990,0
blz,1991,0
blz,1992,0
blz,1993,0.206
blz,1994,0.41932
blz,1995,0.75999
blz,1996,1.04079
blz,1997,1.17172
blz,1998,1.57176
blz,1999,2.832
blz,2000,6.98176
blz,2001,15.76422
blz,2002,20.20593
blz,2003,22.89901
blz,2004,27.60519
blz,2005,34.31868
blz,2006,40.98959
blz,2007,39.95745
blz,2008,52.57967
blz,2009,51.75168
blz,2010,60.64138
blz,2011,67.95245
blz,2012,51.55974
blz,2013,51.11276
blz,2014,49.38052
blz,2015,59.47976
blz,2016,61.12557
blz,2017,64.15855
blz,2018,64.78016
blz,2019,66.07046
blz,2020,67.55166
blz,2021,66.77695
blz,2022,67.17503
bmu,1960,0
bmu,1965,0
bmu,1970,0
bmu,1975,0
bmu,1976,0
bmu,1977,0
bmu,1978,0
bmu,1979,0
bmu,1980,0
bmu,1981,0
bmu,1982,0
bmu,1983,0
bmu,1984,0
bmu,1985,0
bmu,1986,0
bmu,1989,1.30448
bmu,1990,1.93492
bmu,1991,2.48816
bmu,1992,3.3195
bmu,1993,5.78822
bmu,1994,8.67337
bmu,1995,10.63483
bmu,1996,13.33556
bmu,1997,17.06211
bmu,1998,20.74485
bmu,1999,20.99014
bmu,2000,21.12104
bmu,2001,21.55107
bmu,2002,48.27653
bmu,2003,64.11695
bmu,2004,78.33107
bmu,2005,84.06819
bmu,2006,95.64885
bmu,2007,109.50643
bmu,2008,124.80253
bmu,2009,133.72139
bmu,2010,138.40722
bmu,2012,142.97835
bmu,2013,148.33108
bmu,2014,93.64385
bmu,2015,59.87647
bmu,2016,100.69662
bmu,2017,102.2319
bmu,2019,104.51277
bmu,2020,105.61958
bmu,2021,105.185
bmu,2022,105.27421
bmu,2024,96.67677
bol,1960,0
bol,1965,0
bol,1970,0
bol,1975,0
bol,1976,0
bol,1977,0
bol,1978,0
bol,1979,0
bol,1980,0
bol,1981,0
bol,1982,0
bol,1983,0
bol,1984,0
bol,1985,0
bol,1986,0
bol,1987,0
bol,1988,0
bol,1989,0
bol,1990,0
bol,1991,0.00407
bol,1992,0.02098
bol,1993,0.03524
bol,1994,0.05272
bol,1995,0.09219
bol,1996,0.41806
bol,1997,1.45538
bol,1998,2.88734
bol,1999,4.98094
bol,2000,6.76967
bol,2001,8.91055
bol,2002,11.49766
bol,2003,14.12978
bol,2004,19.56468
bol,2005,25.8676
bol,2006,30.20623
bol,2007,33.59925
bol,2008,51.14884
bol,2009,64.53886
bol,2010,70.50727
bol,2011,80.7163
bol,2012,90.27559
bol,2013,97.59512
bol,2014,96.32638
bol,2015,92.26601
bol,2016,90.39533
bol,2017,96.63837
bol,2018,99.45659
bol,2019,100.14946
bol,2020,99.89882
bol,2021,100.80906
bol,2022,101.5715
bol,2024,98.02879
bra,1960,0
bra,1965,0
bra,1970,0
bra,1975,0
bra,1976,0
bra,1977,0
bra,1978,0
bra,1979,0
bra,1980,0
bra,1981,0
bra,1982,0
bra,1983,0
bra,1984,0
bra,1985,0
bra,1986,0
bra,1987,0
bra,1988,0
bra,1989,0
bra,1990,0.00044
bra,1991,0.00437
bra,1992,0.02053
bra,1993,0.11487
bra,1994,0.35657
bra,1995,0.78619
bra,1996,1.50458
bra,1997,2.69955
bra,1998,4.3079
bra,1999,8.66506
bra,2000,13.32513
bra,2001,16.30492
bra,2002,19.54077
bra,2003,25.67411
bra,2004,35.91348
bra,2005,46.67888
bra,2006,53.53172
bra,2007,64.16262
bra,2008,79.13197
bra,2009,88.18494
bra,2010,101.6665
bra,2011,120.0081
bra,2012,126.13196
bra,2013,136.58914
bra,2014,140.30468
bra,2015,127.83617
bra,2016,120.10118
bra,2017,108.09257
bra,2018,101.60246
bra,2019,97.37474
bra,2020,98.64562
bra,2021,104.82473
bra,2022,101.24547
bra,2023,101.02026
bra,2024,101.92685
brb,1960,0
brb,1965,0
brb,1970,0
brb,1975,0
brb,1976,0
brb,1977,0
brb,1978,0
brb,1979,0
brb,1980,0
brb,1981,0
brb,1982,0
brb,1983,0
brb,1984,0
brb,1985,0
brb,1986,0
brb,1987,0
brb,1988,0
brb,1989,0
brb,1990,0
brb,1991,0.18735
brb,1992,0.3059
brb,1993,0.59771
brb,1994,1.13369
brb,1995,1.75903
brb,1996,2.39085
brb,1997,3.04418
brb,1998,4.55163
brb,1999,7.68785
brb,2000,10.86266
brb,2001,20.23854
brb,2002,36.7949
brb,2003,52.67594
brb,2004,74.87448
brb,2005,76.73442
brb,2006,87.8212
brb,2007,94.95297
brb,2008,105.84788
brb,2009,122.95977
brb,2010,127.18253
brb,2011,125.99343
brb,2012,126.12787
brb,2013,110.81987
brb,2014,109.73889
brb,2015,120.00143
brb,2016,118.8163
brb,2017,117.62995
brb,2018,117.31852
brb,2019,117.11159
brb,2020,104.72208
brb,2021,112.22271
brb,2022,114.58072
brn,1960,0
brn,1965,0
brn,1970,0
brn,1975,0
brn,1976,0
brn,1977,0
brn,1978,0
brn,1979,0
brn,1980,0
brn,1981,0
brn,1982,0
brn,1983,0
brn,1984,0
brn,1985,0
brn,1986,0
brn,1987,0
brn,1988,0
brn,1990,0.67652
brn,1991,1.12095
brn,1992,1.47901
brn,1993,2.91662
brn,1994,5.35152
brn,1995,11.99644
brn,1996,14.21442
brn,1997,14.36713
brn,1998,15.34552
brn,1999,20.18071
brn,2000,29.10325
brn,2001,42.8997
brn,2002,45.17714
brn,2003,51.16736
brn,2004,57.36687
brn,2005,64.88983
brn,2006,82.65165
brn,2007,98.72328
brn,2008,105.57554
brn,2009,107.25545
brn,2010,110.90199
brn,2011,110.95974
brn,2012,115.82589
brn,2013,114.01063
brn,2014,108.47127
brn,2015,109.7515
brn,2016,122.42682
brn,2017,125.87044
brn,2018,129.26818
brn,2019,129.84526
brn,2020,119.93389
brn,2021,133.59707
brn,2022,116.10844
brn,2023,118.67375
brn,2024,118.13058
btn,1960,0
btn,1965,0
btn,1970,0
btn,1975,0
btn,1976,0
btn,1977,0
btn,1978,0
btn,1979,0
btn,1980,0
btn,1981,0
btn,1982,0
btn,1983,0
btn,1984,0
btn,1985,0
btn,1986,0
btn,1987,0
btn,1988,0
btn,1989,0
btn,1990,0
btn,1991,0
btn,1992,0
btn,1993,0
btn,1994,0
btn,1995,0
btn,1996,0
btn,1997,0
btn,1998,0
btn,1999,0
btn,2000,0
btn,2001,0
btn,2002,0
btn,2003,0.35364
btn,2004,2.94185
btn,2005,5.43918
btn,2006,12.23586
btn,2007,22.02033
btn,2008,36.92411
btn,2009,48.83917
btn,2010,56.19983
btn,2011,68.25553
btn,2012,78.19691
btn,2013,75.0527
btn,2014,85.18657
btn,2015,91.24096
btn,2016,93.3821
btn,2017,96.85657
btn,2018,92.60226
btn,2019,95.3473
btn,2020,96.77028
btn,2021,100.33091
btn,2022,95.12981
btn,2023,95.62606
btn,2024,99.75768
bwa,1960,0
bwa,1965,0
bwa,1970,0
bwa,1975,0
bwa,1976,0
bwa,1977,0
bwa,1978,0
bwa,1979,0
bwa,1980,0
bwa,1981,0
bwa,1982,0
bwa,1983,0
bwa,1984,0
bwa,1985,0
bwa,1986,0
bwa,1987,0
bwa,1988,0
bwa,1989,0
bwa,1990,0
bwa,1991,0
bwa,1992,0
bwa,1993,0
bwa,1994,0
bwa,1995,0
bwa,1996,0
bwa,1997,0
bwa,1998,0.91744
bwa,1999,5.43877
bwa,2000,13.24624
bwa,2001,19.40506
bwa,2002,19.0435
bwa,2003,25.05879
bwa,2004,28.93181
bwa,2005,30.64237
bwa,2006,43.9084
bwa,2007,60.26373
bwa,2008,76.19558
bwa,2009,94.14409
bwa,2010,116.24604
bwa,2011,139.87046
bwa,2012,146.14916
bwa,2013,151.67068
bwa,2014,157.01832
bwa,2015,157.73474
bwa,2016,147.17296
bwa,2017,142.9621
bwa,2018,147.06484
bwa,2019,160.66152
bwa,2020,161.85882
bwa,2021,173.25235
bwa,2022,178.20502
bwa,2023,179.02731
bwa,2024,163.99992
caf,1960,0
caf,1965,0
caf,1970,0
caf,1975,0
caf,1976,0
caf,1977,0
caf,1978,0
caf,1979,0
caf,1980,0
caf,1981,0
caf,1982,0
caf,1983,0
caf,1984,0
caf,1985,0
caf,1986,0
caf,1987,0
caf,1988,0
caf,1989,0
caf,1990,0
caf,1991,0
caf,1992,0
caf,1993,0
caf,1994,0
caf,1995,0.00134
caf,1996,0.03184
caf,1997,0.03961
caf,1998,0.04593
caf,1999,0.11386
caf,2000,0.12957
caf,2001,0.28065
caf,2002,0.31452
caf,2003,0.97488
caf,2004,1.43102
caf,2005,2.33165
caf,2006,2.5128
caf,2007,7.61859
caf,2008,12.50279
caf,2009,19.06893
caf,2010,21.79464
caf,2011,21.74018
caf,2012,24.79184
caf,2013,29.30153
caf,2014,24.9962
caf,2015,26.83967
caf,2016,26.48356
caf,2017,24.52042
caf,2018,26.22158
caf,2019,32.26269
caf,2020,36.42601
caf,2021,35.81698
caf,2022,38.82179
can,1960,0
can,1965,0
can,1970,0
can,1975,0
can,1976,0
can,1977,0
can,1978,0
can,1979,0
can,1980,0
can,1981,0
can,1982,0
can,1983,0
can,1984,0
can,1985,0.04643
can,1986,0.22974
can,1987,0.37207
can,1988,0.75567
can,1989,1.26697
can,1990,2.11072
can,1991,2.76927
can,1992,3.6215
can,1993,4.64969
can,1994,6.4379
can,1995,8.84203
can,1996,11.81928
can,1997,14.0382
can,1998,17.73439
can,1999,22.73384
can,2000,28.25021
can,2001,34.11656
can,2002,37.64637
can,2003,41.7477
can,2004,46.74369
can,2005,52.45533
can,2006,57.23313
can,2007,61.27552
can,2008,66.04814
can,2009,70.39449
can,2010,75.51971
can,2011,77.67226
can,2012,79.37572
can,2013,80.35489
can,2014,80.79022
can,2015,82.76738
can,2016,84.59195
can,2017,86.1024
can,2018,89.04946
can,2019,90.95892
can,2020,84.77477
can,2021,87.4056
can,2022,91.23867
can,2023,94.14973
can,2024,94.10597
che,1960,0
che,1965,0
che,1970,0
che,1975,0
che,1976,0
che,1977,0
che,1978,0
che,1979,0
che,1980,0
che,1981,0
che,1982,0
che,1983,0
che,1984,0
che,1985,0
che,1986,0
che,1987,0.08366
che,1988,0.4667
che,1989,1.09438
che,1990,1.86312
che,1991,2.56876
che,1992,3.12899
che,1993,3.71538
che,1994,4.75096
che,1995,6.35334
che,1996,9.374
che,1997,14.73655
che,1998,23.89578
che,1999,42.80908
che,2000,64.5673
che,2001,73.00727
che,2002,78.80888
che,2003,84.39415
che,2004,84.9756
che,2005,91.95904
che,2006,99.43368
che,2007,108.7935
che,2008,116.4227
che,2009,120.48343
che,2010,123.23615
che,2011,127.39654
che,2012,132.03116
che,2013,136.55124
che,2014,136.13773
che,2015,135.72308
che,2016,134.23568
che,2017,131.16969
che,2018,126.68114
che,2019,126.92064
che,2020,127.37637
che,2021,123.21237
che,2022,123.97123
che,2023,130.22188
che,2024,129.47137
chl,1960,0
chl,1965,0
chl,1970,0
chl,1975,0
chl,1976,0
chl,1977,0
chl,1978,0
chl,1979,0
chl,1980,0
chl,1981,0
chl,1982,0
chl,1983,0
chl,1984,0
chl,1985,0
chl,1986,0
chl,1987,0
chl,1988,0
chl,1989,0.03722
chl,1990,0.10433
chl,1991,0.26645
chl,1992,0.46754
chl,1993,0.60854
chl,1994,0.81411
chl,1995,1.36864
chl,1996,2.18586
chl,1997,2.76678
chl,1998,6.42972
chl,1999,14.89606
chl,2000,21.94018
chl,2001,32.52252
chl,2002,39.37659
chl,2003,45.35659
chl,2004,57.21382
chl,2005,64.65053
chl,2006,75.41737
chl,2007,83.70653
chl,2008,87.87103
chl,2009,96.71066
chl,2010,115.54453
chl,2011,128.60468
chl,2012,136.65626
chl,2013,133.77809
chl,2014,132.55967
chl,2015,128.58397
chl,2016,127.56512
chl,2017,124.00081
chl,2018,133.27013
chl,2019,130.49277
chl,2020,129.41374
chl,2021,136.57158
chl,2022,135.11428
chl,2023,135.87112
chl,2024,132.66041
chn,1960,0
chn,1965,0
chn,1970,0
chn,1975,0
chn,1976,0
chn,1977,0
chn,1978,0
chn,1979,0
chn,1980,0
chn,1981,0
chn,1982,0
chn,1983,0
chn,1984,0
chn,1985,0
chn,1986,0
chn,1987,0.00006
chn,1988,0.00029
chn,1989,0.00086
chn,1990,0.00159
chn,1991,0.00406
chn,1992,0.01495
chn,1993,0.05335
chn,1994,0.12988
chn,1995,0.29791
chn,1996,0.55793
chn,1997,1.06907
chn,1998,1.91388
chn,1999,3.44869
chn,2000,6.7156
chn,2001,11.32534
chn,2002,16.00826
chn,2003,20.85356
chn,2004,25.71415
chn,2005,30.03037
chn,2006,34.9802
chn,2007,41.28077
chn,2008,48.07579
chn,2009,55.65746
chn,2010,63.55634
chn,2011,72.50524
chn,2012,81.2076
chn,2013,89.13023
chn,2014,92.6612
chn,2015,92.54012
chn,2016,97.21388
chn,2017,104.07318
chn,2018,116.22913
chn,2019,122.67039
chn,2020,120.49672
chn,2021,121.49192
chn,2022,124.19525
chn,2023,128.24701
chn,2024,131.75393
civ,1960,0
civ,1965,0
civ,1970,0
civ,1975,0
civ,1976,0
civ,1977,0
civ,1978,0
civ,1979,0
civ,1980,0
civ,1981,0
civ,1982,0
civ,1983,0
civ,1984,0
civ,1985,0
civ,1986,0
civ,1987,0
civ,1988,0
civ,1989,0
civ,1990,0
civ,1991,0
civ,1992,0
civ,1993,0
civ,1994,0
civ,1995,0
civ,1996,0.09148
civ,1997,0.23475
civ,1998,0.57514
civ,1999,1.57308
civ,2000,2.6722
civ,2001,4.00764
civ,2002,5.5056
civ,2003,6.69626
civ,2004,8.54469
civ,2005,11.70712
civ,2006,19.78615
civ,2007,35.50884
civ,2008,48.56755
civ,2009,59.93428
civ,2010,69.36588
civ,2011,75.46881
civ,2012,77.12734
civ,2013,80.99868
civ,2014,90.12198
civ,2015,100.63878
civ,2016,105.62477
civ,2017,118.75506
civ,2018,123.09801
civ,2019,132.57401
civ,2020,138.66375
civ,2021,150.3438
civ,2022,161.23183
civ,2023,171.98894
civ,2024,183.87599
cmr,1960,0
cmr,1965,0
cmr,1970,0
cmr,1975,0
cmr,1976,0
cmr,1977,0
cmr,1978,0
cmr,1979,0
cmr,1980,0
cmr,1981,0
cmr,1982,0
cmr,1983,0
cmr,1984,0
cmr,1985,0
cmr,1986,0
cmr,1987,0
cmr,1988,0
cmr,1989,0
cmr,1990,0
cmr,1991,0
cmr,1992,0
cmr,1993,0
cmr,1994,0.01245
cmr,1995,0.02119
cmr,1996,0.02578
cmr,1997,0.03013
cmr,1998,0.03493
cmr,1999,0.04082
cmr,2000,0.69256
cmr,2001,2.72573
cmr,2002,4.46094
cmr,2003,6.66446
cmr,2004,9.21627
cmr,2005,13.19216
cmr,2006,17.86822
cmr,2007,25.13034
cmr,2008,33.16935
cmr,2009,41.87575
cmr,2010,43.91206
cmr,2011,51.83104
cmr,2012,62.99065
cmr,2013,73.19125
cmr,2014,77.23999
cmr,2015,79.78007
cmr,2016,79.80462
cmr,2017,83.45029
cmr,2018,74.39954
cmr,2019,83.9044
cmr,2020,85.27216
cmr,2021,80.8081
cmr,2022,89.82742
cmr,2023,96.48173
cmr,2024,108.21313
cod,1960,0
cod,1965,0
cod,1970,0
cod,1975,0
cod,1976,0
cod,1977,0
cod,1978,0
cod,1979,0
cod,1980,0
cod,1981,0
cod,1982,0
cod,1983,0
cod,1984,0
cod,1985,0
cod,1986,0
cod,1987,0
cod,1988,0
cod,1989,0
cod,1990,0
cod,1991,0
cod,1995,0.01964
cod,1996,0.01632
cod,1997,0.01986
cod,1998,0.02179
cod,1999,0.02541
cod,2000,0.0297
cod,2001,0.28773
cod,2002,1.04185
cod,2003,2.25179
cod,2004,3.49263
cod,2005,4.67216
cod,2006,7.28434
cod,2007,10.55096
cod,2008,15.43333
cod,2009,14.24223
cod,2010,17.24012
cod,2011,22.0819
cod,2012,27.42855
cod,2013,37.25046
cod,2014,47.32324
cod,2015,46.58794
cod,2016,34.4099
cod,2017,40.62226
cod,2018,40.50145
cod,2019,39.94
cod,2020,42.50276
cod,2021,47.28825
cod,2022,48.67735
cod,2023,53.18888
cod,2024,58.53215
cog,1960,0
cog,1965,0
cog,1970,0
cog,1975,0
cog,1976,0
cog,1977,0
cog,1978,0
cog,1979,0
cog,1980,0
cog,1981,0
cog,1982,0
cog,1983,0
cog,1984,0
cog,1985,0
cog,1986,0
cog,1987,0
cog,1988,0
cog,1989,0
cog,1990,0
cog,1991,0
cog,1992,0
cog,1993,0
cog,1994,0
cog,1995,0
cog,1996,0.0355
cog,1998,0.11542
cog,1999,0.16575
cog,2000,2.22127
cog,2001,4.5836
cog,2002,6.61937
cog,2003,9.57701
cog,2004,10.75998
cog,2005,15.10099
cog,2006,23.90934
cog,2007,32.34904
cog,2008,43.92835
cog,2009,68.86599
cog,2010,83.33721
cog,2011,84.27309
cog,2012,90.3529
cog,2013,95.93714
cog,2014,99.07996
cog,2015,102.32304
cog,2016,103.85759
cog,2017,94.48682
cog,2018,91.18899
cog,2019,91.06542
cog,2020,97.65613
cog,2021,95.8615
cog,2022,93.62593
cog,2023,94.87154
cog,2024,95.53193
col,1960,0
col,1965,0
col,1970,0
col,1975,0
col,1976,0
col,1977,0
col,1978,0
col,1979,0
col,1980,0
col,1981,0
col,1982,0
col,1983,0
col,1984,0
col,1985,0
col,1986,0
col,1987,0
col,1988,0
col,1989,0
col,1990,0
col,1991,0
col,1992,0
col,1993,0
col,1994,0.24594
col,1995,0.76338
col,1996,1.4273
col,1997,3.39152
col,1998,4.74438
col,1999,5.09663
col,2000,5.77336
col,2001,8.22292
col,2002,11.39896
col,2003,15.11137
col,2004,25.03559
col,2005,51.86452
col,2006,69.71647
col,2007,78.50312
col,2008,94.52898
col,2009,95.2296
col,2010,99.33076
col,2011,102.07869
col,2012,107.32908
col,2013,108.97809
col,2014,118.82264
col,2015,122.0514
col,2016,123.70995
col,2017,129.27201
col,2018,131.59547
col,2019,132.81076
col,2020,133.66102
col,2021,146.62784
col,2022,156.19516
col,2023,166.98011
col,2024,174.09429
com,1960,0
com,1965,0
com,1970,0
com,1975,0
com,1976,0
com,1977,0
com,1978,0
com,1979,0
com,1980,0
com,1981,0
com,1982,0
com,1983,0
com,1984,0
com,1985,0
com,1986,0
com,1987,0
com,1988,0
com,1989,0
com,1990,0
com,1991,0
com,1992,0
com,1993,0
com,1994,0
com,1995,0
com,1996,0
com,1997,0
com,1998,0
com,1999,0
com,2000,0
com,2001,0
com,2002,0
com,2003,0.351
com,2004,1.44273
com,2005,2.61913
com,2006,6.09786
com,2007,10.06667
com,2008,14.5781
com,2009,19.09753
com,2010,25.2396
com,2011,32.39818
com,2012,41.59309
com,2013,49.91439
com,2014,53.82971
com,2015,58.45556
com,2016,61.25979
com,2017,61.97082
com,2018,64.65908
com,2019,73.12917
com,2020,97.43394
com,2021,104.31143
com,2022,100.54904
com,2023,109.85563
cpv,1960,0
cpv,1965,0
cpv,1970,0
cpv,1975,0
cpv,1976,0
cpv,1977,0
cpv,1978,0
cpv,1979,0
cpv,1980,0
cpv,1981,0
cpv,1982,0
cpv,1983,0
cpv,1984,0
cpv,1985,0
cpv,1986,0
cpv,1987,0
cpv,1988,0
cpv,1989,0
cpv,1990,0
cpv,1991,0
cpv,1992,0
cpv,1993,0
cpv,1994,0
cpv,1995,0
cpv,1996,0
cpv,1997,0.00464
cpv,1998,0.23171
cpv,1999,1.79438
cpv,2000,4.35214
cpv,2001,6.84499
cpv,2002,9.19588
cpv,2003,11.26825
cpv,2004,13.72218
cpv,2005,16.8457
cpv,2006,22.18296
cpv,2007,30.67615
cpv,2008,55.38391
cpv,2009,57.41898
cpv,2010,72.94678
cpv,2011,77.51126
cpv,2012,83.07566
cpv,2013,97.50754
cpv,2014,119.72416
cpv,2015,119.33551
cpv,2016,117.44245
cpv,2017,119.37363
cpv,2018,118.87615
cpv,2019,115.8678
cpv,2020,105.83859
cpv,2021,114.23055
cpv,2022,113.24737
cpv,2023,113.02297
cpv,2024,111.84068
cri,1960,0
cri,1965,0
cri,1970,0
cri,1975,0
cri,1976,0
cri,1977,0
cri,1978,0
cri,1979,0
cri,1980,0
cri,1981,0
cri,1982,0
cri,1983,0
cri,1984,0
cri,1985,0
cri,1986,0
cri,1987,0
cri,1988,0
cri,1989,0
cri,1990,0
cri,1991,0
cri,1992,0.09055
cri,1993,0.13311
cri,1994,0.20019
cri,1995,0.52479
cri,1996,1.27265
cri,1997,1.72184
cri,1998,2.84632
cri,1999,3.54173
cri,2000,5.374
cri,2001,8.15536
cri,2002,12.32862
cri,2003,18.80502
cri,2004,21.97778
cri,2005,25.84471
cri,2006,33.40901
cri,2007,34.43227
cri,2008,42.48978
cri,2009,43.34241
cri,2010,68.66545
cri,2011,90.09148
cri,2012,115.31214
cri,2013,150.80066
cri,2014,147.2674
cri,2015,156.40389
cri,2016,171.16637
cri,2017,179.93127
cri,2018,171.35734
cri,2019,144.51408
cri,2020,142.48153
cri,2021,140.78806
cri,2022,136.51838
cri,2023,133.52766
cri,2024,136.02451
cub,1960,0
cub,1965,0
cub,1970,0
cub,1975,0
cub,1976,0
cub,1977,0
cub,1978,0
cub,1979,0
cub,1980,0
cub,1981,0
cub,1982,0
cub,1983,0
cub,1984,0
cub,1985,0
cub,1986,0
cub,1987,0
cub,1988,0
cub,1989,0
cub,1990,0
cub,1991,0
cub,1992,0.00217
cub,1993,0.00461
cub,1994,0.01058
cub,1995,0.01775
cub,1996,0.02214
cub,1997,0.02722
cub,1998,0.03676
cub,1999,0.0464
cub,2000,0.05883
cub,2001,0.07698
cub,2002,0.15971
cub,2003,0.31541
cub,2004,0.67443
cub,2005,1.2034
cub,2006,1.35403
cub,2007,1.75642
cub,2008,2.93786
cub,2009,5.49953
cub,2010,8.87827
cub,2011,11.6368
cub,2012,14.87763
cub,2013,17.66391
cub,2014,22.42426
cub,2015,29.58161
cub,2016,35.39888
cub,2017,41.01931
cub,2018,47.86015
cub,2019,53.93834
cub,2020,59.60587
cub,2021,63.86611
cub,2022,68.71804
cub,2023,69.57678
cub,2024,72.93
cym,1960,0
cym,1965,0
cym,1970,0
cym,1975,0
cym,1976,0
cym,1977,0
cym,1978,0
cym,1979,0
cym,1980,0
cym,1981,0
cym,1982,0
cym,1983,0
cym,1984,0
cym,1985,0
cym,1986,0
cym,1990,0
cym,1991,2.04462
cym,1992,3.44527
cym,1993,4.19469
cym,1994,5.77058
cym,1995,7.72514
cym,1997,11.54895
cym,1998,13.9934
cym,1999,21.96109
cym,2000,26.9698
cym,2001,41.3736
cym,2002,44.69116
cym,2003,47.89002
cym,2004,74.52814
cym,2005,173.00376
cym,2006,191.90372
cym,2007,204.27275
cym,2008,192.20152
cym,2009,206.5814
cym,2010,185.89623
cym,2011,174.04057
cym,2012,172.98026
cym,2013,167.14006
cym,2014,151.36137
cym,2015,151.26699
cym,2016,151.59429
cym,2017,149.77299
cym,2019,147.04353
cym,2020,145.59432
cym,2021,142.63707
cym,2022,139.315
cyp,1960,0
cyp,1965,0
cyp,1970,0
cyp,1975,0
cyp,1976,0
cyp,1977,0
cyp,1978,0
cyp,1979,0
cyp,1980,0
cyp,1981,0
cyp,1982,0
cyp,1983,0
cyp,1984,0
cyp,1985,0
cyp,1986,0
cyp,1987,0
cyp,1988,0.03004
cyp,1989,0.23753
cyp,1990,0.5447
cyp,1991,0.8625
cyp,1992,1.59499
cyp,1993,2.44295
cyp,1994,3.58967
cyp,1995,6.77327
cyp,1996,10.62299
cyp,1997,13.62085
cyp,1998,17.0492
cyp,1999,21.9622
cyp,2000,31.30093
cyp,2001,44.55776
cyp,2002,58.55864
cyp,2003,76.3248
cyp,2004,89.8
cyp,2005,105.17513
cyp,2006,114.49861
cyp,2007,127.29418
cyp,2008,127.58677
cyp,2009,119.34086
cyp,2010,123.13301
cyp,2011,126.55963
cyp,2012,128.74435
cyp,2013,127.86291
cyp,2014,129.04298
cyp,2015,128.63197
cyp,2016,130.33452
cyp,2017,133.94047
cyp,2018,134.84363
cyp,2019,137.76053
cyp,2020,135.58885
cyp,2021,142.05141
cyp,2022,146.71584
cyp,2023,148.33371
cyp,2024,156.21803
cze,1960,0
cze,1965,0
cze,1970,0
cze,1975,0
cze,1976,0
cze,1977,0
cze,1978,0
cze,1979,0
cze,1980,0
cze,1981,0
cze,1982,0
cze,1983,0
cze,1984,0
cze,1985,0
cze,1986,0
cze,1987,0
cze,1988,0
cze,1989,0
cze,1990,0
cze,1991,0.01205
cze,1992,0.04511
cze,1993,0.13609
cze,1994,0.29482
cze,1995,0.47422
cze,1996,1.94563
cze,1997,5.12051
cze,1998,9.40658
cze,1999,18.97283
cze,2000,42.45474
cze,2001,67.89674
cze,2002,84.08813
cze,2003,94.72891
cze,2004,105.0784
cze,2005,114.54964
cze,2006,120.39491
cze,2007,127.96688
cze,2008,132.77874
cze,2009,125.34916
cze,2010,123.60528
cze,2011,125.4603
cze,2012,128.6901
cze,2013,130.52124
cze,2014,132.28869
cze,2015,118.33982
cze,2016,118.5445
cze,2017,119.87429
cze,2018,120.43168
cze,2019,124.12615
cze,2020,123.21946
cze,2021,126.17315
cze,2022,128.1053
cze,2023,126.00475
cze,2024,126.60016
deu,1960,0
deu,1965,0
deu,1970,0
deu,1975,0
deu,1976,0
deu,1977,0
deu,1978,0
deu,1979,0
deu,1980,0
deu,1981,0
deu,1982,0
deu,1983,0
deu,1984,0
deu,1985,0.00139
deu,1986,0.03059
deu,1987,0.06242
deu,1988,0.12585
deu,1989,0.20733
deu,1990,0.34347
deu,1991,0.66696
deu,1992,1.21176
deu,1993,2.20219
deu,1994,3.07917
deu,1995,4.59178
deu,1996,6.77976
deu,1997,10.16257
deu,1998,17.06606
deu,1999,28.748
deu,2000,58.92863
deu,2001,68.50157
deu,2002,72.04728
deu,2003,78.91697
deu,2004,86.87982
deu,2005,96.61689
deu,2006,104.83468
deu,2007,118.3698
deu,2008,130.09747
deu,2009,129.73328
deu,2010,109.36408
deu,2011,112.41948
deu,2012,114.19195
deu,2013,123.4354
deu,2014,122.30867
deu,2015,117.40117
deu,2016,125.02401
deu,2017,132.00326
deu,2018,128.94558
deu,2019,128.2923
deu,2020,128.4248
deu,2021,127.1251
deu,2022,124.15826
deu,2023,124.66257
deu,2024,129.15092
dji,1960,0
dji,1965,0
dji,1970,0
dji,1975,0
dji,1976,0
dji,1977,0
dji,1978,0
dji,1979,0
dji,1980,0
dji,1981,0
dji,1982,0
dji,1983,0
dji,1984,0
dji,1985,0
dji,1986,0
dji,1987,0
dji,1988,0
dji,1989,0
dji,1990,0
dji,1991,0
dji,1992,0
dji,1993,0
dji,1994,0
dji,1995,0
dji,1996,0.01706
dji,1997,0.0304
dji,1998,0.03166
dji,1999,0.03892
dji,2000,0.03078
dji,2001,0.38895
dji,2002,1.88543
dji,2003,2.82722
dji,2004,4.17395
dji,2005,5.24961
dji,2006,5.23707
dji,2007,7.9516
dji,2008,12.64072
dji,2009,14.1275
dji,2010,17.80304
dji,2011,20.35184
dji,2012,21.97762
dji,2013,24.78849
dji,2014,28.62712
dji,2015,30.80917
dji,2016,33.27182
dji,2017,35.36571
dji,2018,36.85452
dji,2019,38.01438
dji,2020,39.2725
dji,2021,43.64235
dji,2022,46.77705
dji,2023,48.45049
dma,1960,0
dma,1965,0
dma,1970,0
dma,1975,0
dma,1976,0
dma,1977,0
dma,1978,0
dma,1979,0
dma,1980,0
dma,1981,0
dma,1982,0
dma,1983,0
dma,1984,0
dma,1985,0
dma,1986,0
dma,1987,0
dma,1988,0
dma,1989,0
dma,1990,0
dma,1991,0
dma,1992,0
dma,1993,0
dma,1994,0
dma,1995,0
dma,1996,0.66651
dma,1997,0.80485
dma,1998,0.94288
dma,1999,1.16452
dma,2000,1.75154
dma,2001,11.29042
dma,2002,17.80537
dma,2003,34.70838
dma,2004,60.94481
dma,2005,75.65397
dma,2006,103.91536
dma,2007,129.27215
dma,2008,132.16371
dma,2009,143.03555
dma,2010,153.30894
dma,2011,157.73971
dma,2012,158.13536
dma,2013,134.22506
dma,2014,104.99197
dma,2015,109.72021
dma,2016,112.69718
dma,2017,109.83123
dma,2018,112.68225
dma,2019,115.10312
dma,2020,110.40948
dma,2021,92.51362
dma,2022,85.1899
dnk,1960,0
dnk,1965,0
dnk,1970,0
dnk,1975,0
dnk,1976,0
dnk,1977,0
dnk,1978,0
dnk,1979,0
dnk,1980,0
dnk,1981,0
dnk,1982,0.14045
dnk,1983,0.31419
dnk,1984,0.5975
dnk,1985,0.90049
dnk,1986,1.12522
dnk,1987,1.5119
dnk,1988,1.97965
dnk,1989,2.41125
dnk,1990,2.88107
dnk,1991,3.41086
dnk,1992,4.07814
dnk,1993,6.88495
dnk,1994,9.65706
dnk,1995,15.70646
dnk,1996,25.04928
dnk,1997,27.36236
dnk,1998,36.4428
dnk,1999,49.41085
dnk,2000,62.9919
dnk,2001,73.89983
dnk,2002,83.29215
dnk,2003,88.43324
dnk,2004,95.60215
dnk,2005,100.54711
dnk,2006,107.18607
dnk,2007,115.49714
dnk,2008,119.35329
dnk,2009,123.72748
dnk,2010,115.73447
dnk,2011,128.76287
dnk,2012,130.41603
dnk,2013,125.21345
dnk,2014,126.86914
dnk,2015,124.55351
dnk,2016,121.94116
dnk,2017,123.86211
dnk,2018,124.55012
dnk,2019,124.57336
dnk,2020,124.37002
dnk,2021,125.60414
dnk,2022,126.48354
dnk,2023,126.71709
dnk,2024,126.68653
dom,1960,0
dom,1965,0
dom,1970,0
dom,1975,0
dom,1976,0
dom,1977,0
dom,1978,0
dom,1979,0
dom,1980,0
dom,1981,0
dom,1982,0
dom,1983,0
dom,1984,0
dom,1985,0
dom,1986,0
dom,1990,0.04441
dom,1991,0.07701
dom,1992,0.0968
dom,1993,0.1368
dom,1994,0.27175
dom,1995,0.71132
dom,1996,1.03025
dom,1997,1.73731
dom,1998,2.52814
dom,1999,5.04595
dom,2000,8.21779
dom,2001,14.56469
dom,2002,19.21107
dom,2003,23.29365
dom,2004,27.83188
dom,2005,39.2767
dom,2006,49.30488
dom,2007,58.30222
dom,2008,75.32002
dom,2009,89.01061
dom,2010,90.55626
dom,2011,88.18735
dom,2012,88.71729
dom,2013,90.25467
dom,2014,80.4955
dom,2015,84.30658
dom,2016,82.53034
dom,2017,82.20921
dom,2018,82.89374
dom,2019,82.13761
dom,2020,81.6619
dom,2021,87.52076
dom,2022,90.37602
dom,2023,91.86762
dom,2024,93.70958
dza,1960,0
dza,1965,0
dza,1970,0
dza,1975,0
dza,1976,0
dza,1977,0
dza,1978,0
dza,1979,0
dza,1980,0
dza,1981,0
dza,1982,0
dza,1983,0
dza,1984,0
dza,1985,0
dza,1986,0
dza,1987,0
dza,1988,0
dza,1989,0
dza,1990,0.00184
dza,1991,0.01829
dza,1992,0.01787
dza,1993,0.01748
dza,1994,0.00483
dza,1995,0.01647
dza,1996,0.04037
dza,1997,0.05903
dza,1998,0.06015
dza,1999,0.23726
dza,2000,0.27828
dza,2001,0.31917
dza,2002,1.41805
dza,2003,4.49694
dza,2004,14.96375
dza,2005,41.26145
dza,2006,62.45022
dza,2007,80.6177
dza,2008,77.6388
dza,2009,92.22151
dza,2010,90.58238
dza,2011,96.51129
dza,2012,99.68533
dza,2013,102.87101
dza,2014,110.44035
dza,2015,108.01637
dza,2016,115.1542
dza,2017,109.96986
dza,2018,110.93807
dza,2019,104.92207
dza,2020,103.43667
dza,2021,105.03709
dza,2022,107.78712
dza,2023,111.60624
dza,2024,115.45728
ecu,1960,0
ecu,1965,0
ecu,1970,0
ecu,1975,0
ecu,1976,0
ecu,1977,0
ecu,1978,0
ecu,1979,0
ecu,1980,0
ecu,1981,0
ecu,1982,0
ecu,1983,0
ecu,1984,0
ecu,1985,0
ecu,1986,0
ecu,1987,0
ecu,1988,0
ecu,1989,0
ecu,1990,0
ecu,1991,0
ecu,1992,0
ecu,1993,0
ecu,1994,0.16673
ecu,1995,0.47035
ecu,1996,0.50767
ecu,1997,1.05528
ecu,1998,1.99031
ecu,1999,3.0872
ecu,2000,3.80018
ecu,2001,6.65455
ecu,2002,11.88008
ecu,2003,17.93379
ecu,2004,26.04344
ecu,2005,45.11237
ecu,2006,60.23691
ecu,2007,69.37075
ecu,2008,80.16684
ecu,2009,89.31471
ecu,2010,98.03694
ecu,2011,100.04233
ecu,2012,105.68029
ecu,2013,105.18166
ecu,2014,103.55852
ecu,2015,79.57465
ecu,2016,84.10883
ecu,2017,87.42139
ecu,2018,92.51177
ecu,2019,91.42492
ecu,2020,88.25549
ecu,2021,94.95062
ecu,2022,98.1309
ecu,2023,101.03175
ecu,2024,101.59827
egy,1960,0
egy,1965,0
egy,1970,0
egy,1975,0
egy,1976,0
egy,1977,0
egy,1978,0
egy,1979,0
egy,1980,0
egy,1981,0
egy,1982,0
egy,1983,0
egy,1984,0
egy,1985,0
egy,1986,0
egy,1987,0.00497
egy,1988,0.00556
egy,1989,0.00649
egy,1990,0.00699
egy,1991,0.00768
egy,1992,0.00819
egy,1993,0.0112
egy,1994,0.01174
egy,1995,0.01148
egy,1996,0.01124
egy,1997,0.09759
egy,1998,0.13264
egy,1999,0.68801
egy,2000,1.86075
egy,2001,3.74243
egy,2002,5.89553
egy,2003,7.44671
egy,2004,9.61664
egy,2005,16.80571
egy,2006,21.76665
egy,2007,35.70838
egy,2008,48.08334
egy,2009,63.25851
egy,2010,79.21986
egy,2011,91.58233
egy,2012,103.90485
egy,2013,104.5854
egy,2014,97.73131
egy,2015,94.39625
egy,2016,96.2092
egy,2017,99.28844
egy,2018,88.74209
egy,2019,88.64478
egy,2020,87.23169
egy,2021,84.08662
egy,2022,90.67947
egy,2023,92.82616
egy,2024,97.12951
eri,1960,0
eri,1965,0
eri,1970,0
eri,1975,0
eri,1976,0
eri,1977,0
eri,1978,0
eri,1979,0
eri,1980,0
eri,1981,0
eri,1982,0
eri,1983,0
eri,1984,0
eri,1985,0
eri,1986,0
eri,1987,0
eri,1988,0
eri,1989,0
eri,1990,0
eri,1991,0
eri,1992,0
eri,1993,0
eri,1994,0
eri,1995,0
eri,1996,0
eri,1997,0
eri,1998,0
eri,1999,0
eri,2000,0
eri,2001,0
eri,2002,0
eri,2003,0
eri,2004,0.76974
eri,2005,1.51953
eri,2006,2.29317
eri,2007,3.07478
eri,2008,3.85719
eri,2009,4.88697
eri,2010,6.29077
eri,2011,8.06871
eri,2012,10.05216
eri,2013,11.54204
eri,2014,13.48551
eri,2015,15.29522
eri,2016,16.19356
eri,2017,22.06106
eri,2019,40.46054
eri,2020,54.7205
eri,2021,53.75826
eri,2022,59.12481
esp,1960,0
esp,1965,0
esp,1970,0
esp,1975,0
esp,1976,0
esp,1977,0
esp,1978,0
esp,1979,0
esp,1980,0
esp,1981,0
esp,1982,0
esp,1986,0.00441
esp,1987,0.01085
esp,1988,0.02998
esp,1989,0.07667
esp,1990,0.14065
esp,1991,0.2781
esp,1992,0.45991
esp,1993,0.65261
esp,1994,1.0396
esp,1995,2.37339
esp,1996,7.49477
esp,1997,10.79565
esp,1998,15.94913
esp,1999,37.0076
esp,2000,59.15454
esp,2001,71.90035
esp,2002,80.30279
esp,2003,87.56261
esp,2004,89.33265
esp,2005,97.12283
esp,2006,102.2365
esp,2007,106.38442
esp,2008,107.32839
esp,2009,109.47249
esp,2010,109.71157
esp,2011,111.89936
esp,2012,107.75607
esp,2013,107.03857
esp,2014,108.74582
esp,2015,109.39104
esp,2016,110.24706
esp,2017,112.03009
esp,2018,115.00907
esp,2019,116.69612
esp,2020,116.71204
esp,2021,118.99981
esp,2022,123.39953
esp,2023,127.71549
esp,2024,130.261
est,1960,0
est,1965,0
est,1970,0
est,1975,0
est,1976,0
est,1977,0
est,1978,0
est,1979,0
est,1980,0
est,1981,0
est,1982,0
est,1983,0
est,1984,0
est,1985,0
est,1986,0
est,1987,0
est,1988,0
est,1989,0
est,1990,0
est,1991,0.03641
est,1992,0.16217
est,1993,0.48018
est,1994,0.93337
est,1995,2.09613
est,1996,4.84432
est,1997,10.14429
est,1998,17.50349
est,1999,27.57396
est,2000,39.87124
est,2001,46.91065
est,2002,63.86673
est,2003,76.61239
est,2004,92.15184
est,2005,106.67617
est,2006,123.15128
est,2007,125.44512
est,2008,121.49402
est,2009,117.6849
est,2010,124.1362
est,2011,136.0654
est,2012,151.19657
est,2013,146.24746
est,2014,144.36062
est,2015,144.80296
est,2016,144.23547
est,2017,144.55662
est,2018,145.54349
est,2019,147.04693
est,2020,144.83221
est,2021,148.73959
est,2022,152.27077
est,2023,150.19573
est,2024,151.13183
eth,1960,0
eth,1965,0
eth,1970,0
eth,1975,0
eth,1976,0
eth,1977,0
eth,1978,0
eth,1979,0
eth,1980,0
eth,1981,0
eth,1982,0
eth,1983,0
eth,1984,0
eth,1985,0
eth,1986,0
eth,1987,0
eth,1988,0
eth,1989,0
eth,1990,0
eth,1991,0
eth,1992,0
eth,1993,0
eth,1994,0
eth,1995,0
eth,1996,0
eth,1997,0
eth,1998,0
eth,1999,0.01036
eth,2000,0.02634
eth,2001,0.03958
eth,2002,0.07031
eth,2003,0.06951
eth,2004,0.20444
eth,2005,0.52398
eth,2006,1.07393
eth,2007,1.45421
eth,2008,2.28483
eth,2009,4.60381
eth,2010,7.57026
eth,2011,15.1655
eth,2012,21.42396
eth,2013,26.05363
eth,2014,30.1536
eth,2015,40.7363
eth,2016,47.99933
eth,2017,36.10948
eth,2019,36.21993
eth,2020,37.42085
eth,2021,52.80886
eth,2022,56.9643
eth,2023,59.87487
eth,2024,65.08251
fin,1960,0
fin,1965,0
fin,1970,0
fin,1975,0
fin,1976,0
fin,1977,0
fin,1978,0
fin,1979,0
fin,1980,0.49132
fin,1981,0.58914
fin,1982,0.70191
fin,1983,0.86961
fin,1984,1.0654
fin,1985,1.37978
fin,1986,1.73438
fin,1987,2.14631
fin,1988,2.79305
fin,1989,3.82782
fin,1990,5.17136
fin,1991,6.3651
fin,1992,7.65592
fin,1993,9.65487
fin,1994,13.27634
fin,1995,20.34334
fin,1996,29.30899
fin,1997,42.0739
fin,1998,55.22384
fin,1999,63.37119
fin,2000,72.03399
fin,2001,80.48594
fin,2002,86.85188
fin,2003,91.06401
fin,2004,95.40663
fin,2005,100.45592
fin,2006,107.66681
fin,2007,114.96187
fin,2008,128.54349
fin,2009,144.22565
fin,2010,156.43208
fin,2011,165.91685
fin,2012,172.14721
fin,2013,136.25901
fin,2014,139.19883
fin,2015,134.97412
fin,2016,131.38278
fin,2017,129.98339
fin,2018,129.62912
fin,2019,129.48772
fin,2020,128.76129
fin,2021,129.03633
fin,2022,128.02329
fin,2023,127.47303
fin,2024,125.86095
fji,1960,0
fji,1965,0
fji,1970,0
fji,1975,0
fji,1976,0
fji,1977,0
fji,1978,0
fji,1979,0
fji,1980,0
fji,1981,0
fji,1982,0
fji,1983,0
fji,1984,0
fji,1985,0
fji,1986,0
fji,1987,0
fji,1988,0
fji,1989,0
fji,1990,0
fji,1991,0
fji,1992,0
fji,1993,0
fji,1994,0.1391
fji,1995,0.27769
fji,1996,0.46451
fji,1997,0.64631
fji,1998,0.98286
fji,1999,2.83937
fji,2000,6.54732
fji,2001,9.52606
fji,2002,10.47726
fji,2003,12.68426
fji,2004,16.26207
fji,2005,23.23265
fji,2006,31.97127
fji,2007,59.03643
fji,2008,66.41584
fji,2009,70.5437
fji,2010,76.65921
fji,2011,79.62856
fji,2012,93.86732
fji,2013,101.53369
fji,2014,95.48718
fji,2015,105.1571
fji,2016,113.65575
fji,2017,112.53386
fji,2018,110.6653
fji,2019,112.58073
fji,2020,108.36504
fji,2021,108.15841
fji,2022,111.74912
fji,2023,361.04864
fji,2024,574.15233
fra,1960,0
fra,1965,0
fra,1970,0
fra,1975,0
fra,1976,0
fra,1977,0
fra,1978,0
fra,1979,0
fra,1980,0
fra,1981,0
fra,1982,0
fra,1983,0
fra,1984,0
fra,1985,0
fra,1986,0.01635
fra,1987,0.07051
fra,1988,0.17587
fra,1989,0.31761
fra,1990,0.50201
fra,1991,0.66202
fra,1992,0.76797
fra,1993,1.00256
fra,1994,1.5429
fra,1995,2.26835
fra,1996,4.2738
fra,1997,10.05768
fra,1998,19.30102
fra,1999,36.73126
fra,2000,48.84086
fra,2001,61.75999
fra,2002,63.95999
fra,2003,68.6553
fra,2004,72.81376
fra,2005,78.03323
fra,2006,83.25888
fra,2007,88.66881
fra,2008,92.34123
fra,2009,91.77824
fra,2010,91.11858
fra,2011,93.8529
fra,2012,97.19246
fra,2013,98.34792
fra,2014,101.13229
fra,2015,102.71837
fra,2016,103.81666
fra,2017,105.71837
fra,2018,107.48243
fra,2019,109.60078
fra,2020,110.38722
fra,2021,113.95272
fra,2022,115.95052
fra,2023,116.6878
fro,1960,0
fro,1965,0
fro,1970,0
fro,1975,0
fro,1976,0
fro,1977,0
fro,1978,0
fro,1979,0
fro,1980,0
fro,1981,0
fro,1982,0
fro,1983,0
fro,1984,0
fro,1985,0
fro,1986,0
fro,1987,0
fro,1988,0
fro,1990,0
fro,1991,3.05277
fro,1992,3.73438
fro,1993,3.55907
fro,1994,4.44132
fro,1995,5.83952
fro,1996,7.39725
fro,1997,10.56499
fro,1998,14.52357
fro,1999,23.80594
fro,2000,37.16576
fro,2001,52.95631
fro,2002,74.18156
fro,2003,80.18472
fro,2004,86.00704
fro,2005,86.91301
fro,2006,103.17378
fro,2007,107.62264
fro,2008,113.11807
fro,2009,117.538
fro,2010,123.41132
fro,2011,121.99065
fro,2012,122.10601
fro,2013,119.6193
fro,2014,120.19385
fro,2015,108.83339
fro,2016,110.02363
fro,2017,112.69033
fro,2018,111.28267
fro,2019,106.0125
fro,2020,112.60007
fro,2021,111.09381
fro,2022,105.80437
fsm,1960,0
fsm,1965,0
fsm,1970,0
fsm,1975,0
fsm,1976,0
fsm,1977,0
fsm,1978,0
fsm,1979,0
fsm,1980,0
fsm,1981,0
fsm,1982,0
fsm,1983,0
fsm,1984,0
fsm,1985,0
fsm,1986,0
fsm,1987,0
fsm,1988,0
fsm,1989,0
fsm,1990,0
fsm,1991,0
fsm,1992,0
fsm,1993,0
fsm,1994,0
fsm,1995,0
fsm,1996,0
fsm,1997,0
fsm,1998,0
fsm,1999,0
fsm,2000,0
fsm,2001,0
fsm,2002,0.08893
fsm,2003,5.22688
fsm,2004,11.42015
fsm,2005,12.65034
fsm,2006,16.81222
fsm,2007,24.96906
fsm,2008,25.24418
fsm,2009,25.47311
fsm,2010,25.58862
fsm,2011,25.62722
fsm,2012,28.93039
fsm,2013,29.03506
fsm,2015,20.70072
fsm,2016,21.46413
fsm,2017,21.11234
fsm,2019,20.85562
fsm,2020,19.83483
fsm,2021,19.70902
fsm,2022,19.98858
gab,1960,0
gab,1965,0
gab,1970,0
gab,1975,0
gab,1976,0
gab,1977,0
gab,1978,0
gab,1979,0
gab,1980,0
gab,1981,0
gab,1982,0
gab,1983,0
gab,1984,0
gab,1985,0
gab,1986,0
gab,1987,0
gab,1988,0
gab,1989,0
gab,1990,0
gab,1991,0
gab,1992,0.02699
gab,1993,0.11263
gab,1994,0.23601
gab,1995,0.35652
gab,1996,0.591
gab,1997,0.80522
gab,1998,0.80127
gab,1999,0.71657
gab,2000,9.40754
gab,2001,11.45398
gab,2002,20.7629
gab,2003,21.70217
gab,2004,34.42346
gab,2005,50.33772
gab,2006,59.5349
gab,2007,75.11709
gab,2008,80.88727
gab,2009,87.2676
gab,2010,93.61124
gab,2011,133.01049
gab,2012,138.48845
gab,2013,143.49944
gab,2014,148.23759
gab,2015,138.2445
gab,2016,141.05021
gab,2017,123.4755
gab,2018,132.46531
gab,2019,131.97526
gab,2020,131.30156
gab,2021,132.30866
gab,2022,123.23319
gab,2023,122.60663
gab,2024,125.33711
gbr,1960,0
gbr,1965,0
gbr,1970,0
gbr,1975,0
gbr,1976,0
gbr,1977,0
gbr,1978,0
gbr,1979,0
gbr,1980,0
gbr,1981,0
gbr,1982,0
gbr,1983,0
gbr,1984,0
gbr,1985,0.08827
gbr,1986,0.22919
gbr,1987,0.51033
gbr,1988,0.98327
gbr,1989,1.70825
gbr,1990,1.9472
gbr,1991,2.19667
gbr,1992,2.62045
gbr,1993,3.93426
gbr,1994,6.81827
gbr,1995,9.90117
gbr,1996,12.48025
gbr,1997,15.17763
gbr,1998,25.45932
gbr,1999,46.36293
gbr,2000,73.57595
gbr,2001,78.06458
gbr,2002,82.67949
gbr,2003,90.69855
gbr,2004,99.19885
gbr,2005,108.04599
gbr,2006,114.7857
gbr,2007,119.98892
gbr,2008,120.81927
gbr,2009,122.3575
gbr,2010,121.78084
gbr,2011,121.49766
gbr,2012,122.46523
gbr,2013,122.1847
gbr,2014,120.95826
gbr,2015,121.21174
gbr,2016,119.78656
gbr,2017,119.20674
gbr,2018,118.18438
gbr,2019,120.25011
gbr,2020,117.30485
gbr,2021,117.88743
gbr,2022,119.834
gbr,2023,122.78154
gbr,2024,121.64333
geo,1960,0
geo,1965,0
geo,1970,0
geo,1975,0
geo,1976,0
geo,1977,0
geo,1978,0
geo,1979,0
geo,1980,0
geo,1981,0
geo,1982,0
geo,1983,0
geo,1984,0
geo,1985,0
geo,1986,0
geo,1987,0
geo,1988,0
geo,1989,0
geo,1990,0
geo,1991,0
geo,1992,0
geo,1993,0
geo,1994,0
geo,1995,0.00308
geo,1996,0.04831
geo,1997,0.64655
geo,1998,1.3279
geo,1999,3.03204
geo,2000,4.49919
geo,2001,7.15803
geo,2002,12.20053
geo,2003,17.40857
geo,2004,20.72559
geo,2005,29.16716
geo,2006,42.63353
geo,2007,65.52376
geo,2008,69.90486
geo,2009,72.39201
geo,2010,102.1129
geo,2011,114.51693
geo,2012,122.38415
geo,2013,131.0831
geo,2014,142.39087
geo,2015,146.3965
geo,2016,145.88059
geo,2017,145.07249
geo,2018,143.85813
geo,2019,141.75541
geo,2020,134.36601
geo,2021,146.56647
geo,2022,154.01356
geo,2023,155.24997
geo,2024,161.20178
gha,1960,0
gha,1965,0
gha,1970,0
gha,1975,0
gha,1976,0
gha,1977,0
gha,1978,0
gha,1979,0
gha,1980,0
gha,1981,0
gha,1982,0
gha,1983,0
gha,1984,0
gha,1985,0
gha,1986,0
gha,1987,0
gha,1988,0
gha,1989,0
gha,1990,0
gha,1991,0
gha,1992,0.00246
gha,1993,0.01047
gha,1994,0.01958
gha,1995,0.03555
gha,1996,0.07154
gha,1997,0.1197
gha,1998,0.2231
gha,1999,0.36516
gha,2000,0.66224
gha,2001,1.20889
gha,2002,1.86583
gha,2003,3.73546
gha,2004,7.75095
gha,2005,12.8046
gha,2006,22.60019
gha,2007,32.16294
gha,2008,47.71322
gha,2009,60.7695
gha,2010,68.44731
gha,2011,81.11045
gha,2012,95.82618
gha,2013,102.338
gha,2014,108.2705
gha,2015,121.99716
gha,2016,130.48137
gha,2017,122.47177
gha,2018,133.60999
gha,2019,130.70523
gha,2020,126.88739
gha,2021,124.40263
gha,2022,120.80342
gha,2023,98.80592
gha,2024,113.64797
gib,1960,0
gib,1965,0
gib,1970,0
gib,1975,0
gib,1976,0
gib,1977,0
gib,1978,0
gib,1979,0
gib,1980,0
gib,1981,0
gib,1982,0
gib,1983,0
gib,1984,0
gib,1985,0
gib,1986,0
gib,1987,0
gib,1988,0
gib,1989,0
gib,1990,0
gib,1991,0
gib,1992,0
gib,1993,0
gib,1994,0
gib,1995,2.4077
gib,1996,3.64483
gib,1997,5.87723
gib,1998,8.84716
gib,1999,13.17205
gib,2000,20.05846
gib,2001,35.42322
gib,2002,43.71744
gib,2003,56.23541
gib,2004,64.05015
gib,2005,68.58005
gib,2006,74.33939
gib,2007,79.984
gib,2008,85.48976
gib,2009,92.78785
gib,2010,96.00614
gib,2011,102.65319
gib,2012,108.49543
gib,2014,115.80776
gib,2015,124.84861
gib,2016,122.2176
gib,2017,119.82771
gib,2018,117.76267
gib,2019,114.20804
gib,2020,97.9681
gib,2021,92.65017
gib,2022,97.6043
gin,1960,0
gin,1965,0
gin,1970,0
gin,1975,0
gin,1976,0
gin,1977,0
gin,1978,0
gin,1979,0
gin,1980,0
gin,1981,0
gin,1982,0
gin,1983,0
gin,1984,0
gin,1985,0
gin,1986,0
gin,1987,0
gin,1988,0
gin,1989,0
gin,1990,0
gin,1991,0
gin,1992,0
gin,1993,0.0006
gin,1994,0.01118
gin,1995,0.01272
gin,1996,0.01236
gin,1997,0.03657
gin,1998,0.26984
gin,1999,0.30804
gin,2000,0.49962
gin,2001,0.65188
gin,2002,1.04648
gin,2003,1.25694
gin,2004,1.7092
gin,2005,2.04416
gin,2007,20.69905
gin,2008,27.78095
gin,2009,34.3963
gin,2010,38.47602
gin,2011,45.61018
gin,2012,51.13454
gin,2013,66.44528
gin,2014,75.6869
gin,2015,91.47562
gin,2016,92.02329
gin,2017,94.46409
gin,2018,94.55501
gin,2019,98.76215
gin,2020,107.77655
gin,2021,110.18552
gin,2022,95.31746
gin,2023,97.8795
gmb,1960,0
gmb,1965,0
gmb,1970,0
gmb,1975,0
gmb,1976,0
gmb,1977,0
gmb,1978,0
gmb,1979,0
gmb,1980,0
gmb,1981,0
gmb,1982,0
gmb,1983,0
gmb,1984,0
gmb,1985,0
gmb,1986,0
gmb,1987,0
gmb,1988,0
gmb,1989,0
gmb,1990,0
gmb,1991,0
gmb,1992,0.0181
gmb,1993,0.03912
gmb,1994,0.06734
gmb,1995,0.11609
gmb,1996,0.24205
gmb,1997,0.35945
gmb,1998,0.37222
gmb,1999,0.38002
gmb,2000,0.38486
gmb,2001,3.68459
gmb,2002,6.51173
gmb,2003,9.46368
gmb,2004,10.79373
gmb,2005,14.84538
gmb,2006,23.57319
gmb,2007,45.32692
gmb,2008,64.14912
gmb,2009,70.15382
gmb,2010,76.73227
gmb,2011,70.63082
gmb,2012,74.69999
gmb,2013,87.88081
gmb,2014,105.50526
gmb,2015,122.07852
gmb,2016,124.27382
gmb,2017,126.63367
gmb,2018,132.57837
gmb,2019,105.20464
gmb,2020,106.44826
gmb,2021,108.8474
gmb,2022,106.78225
gmb,2023,117.11566
gmb,2024,126.24377
gnb,1960,0
gnb,1965,0
gnb,1970,0
gnb,1975,0
gnb,1976,0
gnb,1977,0
gnb,1978,0
gnb,1979,0
gnb,1980,0
gnb,1981,0
gnb,1982,0
gnb,1983,0
gnb,1984,0
gnb,1985,0
gnb,1986,0
gnb,1987,0
gnb,1988,0
gnb,1989,0
gnb,1990,0
gnb,1991,0
gnb,1992,0
gnb,1993,0
gnb,1994,0
gnb,1995,0
gnb,1996,0
gnb,1997,0
gnb,1998,0
gnb,1999,0
gnb,2000,0
gnb,2001,0
gnb,2002,0
gnb,2003,0.09668
gnb,2004,2.92324
gnb,2005,7.15302
gnb,2006,11.11635
gnb,2007,20.41529
gnb,2008,33.61141
gnb,2009,36.71079
gnb,2010,43.24489
gnb,2011,45.55966
gnb,2012,63.53289
gnb,2013,55.42005
gnb,2014,63.65418
gnb,2015,69.32677
gnb,2016,70.1916
gnb,2017,76.43937
gnb,2018,77.02194
gnb,2019,80.82453
gnb,2020,95.06287
gnb,2021,108.62961
gnb,2022,125.93467
gnb,2023,128.11053
gnb,2024,147.19763
gnq,1960,0
gnq,1965,0
gnq,1970,0
gnq,1975,0
gnq,1976,0
gnq,1977,0
gnq,1978,0
gnq,1979,0
gnq,1980,0
gnq,1981,0
gnq,1982,0
gnq,1983,0
gnq,1984,0
gnq,1985,0
gnq,1986,0
gnq,1987,0
gnq,1988,0
gnq,1989,0
gnq,1990,0
gnq,1991,0
gnq,1992,0
gnq,1993,0
gnq,1994,0
gnq,1995,0
gnq,1996,0.01047
gnq,1997,0.04954
gnq,1998,0.04716
gnq,1999,0.0916
gnq,2000,0.71096
gnq,2001,2.00044
gnq,2002,4.01024
gnq,2003,4.89466
gnq,2004,6.87841
gnq,2005,10.22835
gnq,2006,12.11701
gnq,2007,14.47815
gnq,2008,16.59705
gnq,2009,17.6107
gnq,2010,33.5796
gnq,2011,38.56068
gnq,2012,38.73858
gnq,2013,37.94207
gnq,2014,36.90025
gnq,2015,36.68255
gnq,2016,38.16837
gnq,2017,36.23364
gnq,2018,36.57603
gnq,2019,36.94219
gnq,2020,43.34954
gnq,2021,46.43481
gnq,2022,49.53805
grc,1960,0
grc,1965,0
grc,1970,0
grc,1975,0
grc,1976,0
grc,1977,0
grc,1978,0
grc,1979,0
grc,1980,0
grc,1981,0
grc,1982,0
grc,1983,0
grc,1984,0
grc,1985,0
grc,1986,0
grc,1987,0
grc,1988,0
grc,1989,0
grc,1990,0
grc,1991,0
grc,1992,0
grc,1993,0.4544
grc,1994,1.43697
grc,1995,2.54476
grc,1996,4.92419
grc,1997,8.62231
grc,1998,18.71205
grc,1999,35.51072
grc,2000,55.01812
grc,2001,73.44482
grc,2002,85.52816
grc,2003,81.84481
grc,2004,85.17424
grc,2005,93.43488
grc,2006,99.67069
grc,2007,111.30911
grc,2008,124.57795
grc,2009,119.68861
grc,2010,110.4996
grc,2011,109.17414
grc,2012,120.92614
grc,2013,114.14269
grc,2014,111.48823
grc,2015,116.13309
grc,2016,116.36511
grc,2017,120.30563
grc,2018,113.41845
grc,2019,110.85503
grc,2020,106.6698
grc,2021,108.64353
grc,2022,109.02696
grc,2023,110.79217
grc,2024,113.59761
grd,1960,0
grd,1965,0
grd,1970,0
grd,1975,0
grd,1976,0
grd,1977,0
grd,1978,0
grd,1979,0
grd,1980,0
grd,1981,0
grd,1982,0
grd,1983,0
grd,1984,0
grd,1985,0
grd,1986,0
grd,1987,0
grd,1988,0
grd,1989,0
grd,1990,0.15144
grd,1991,0.14736
grd,1992,0.17914
grd,1993,0.276
grd,1994,0.33923
grd,1995,0.38439
grd,1996,0.54365
grd,1997,0.9247
grd,1998,1.32768
grd,1999,1.88347
grd,2000,4.00182
grd,2001,5.9396
grd,2002,6.96746
grd,2003,38.84225
grd,2004,39.61929
grd,2005,42.70144
grd,2006,41.94216
grd,2007,46.48939
grd,2008,54.12459
grd,2009,102.84934
grd,2010,109.28432
grd,2011,107.83019
grd,2012,115.19574
grd,2013,117.19404
grd,2014,102.64518
grd,2015,104.43946
grd,2016,103.33797
grd,2017,98.04137
grd,2018,102.61905
grd,2019,100.17503
grd,2020,102.07923
grd,2021,86.57103
grd,2022,95.75924
grl,1960,0
grl,1965,0
grl,1970,0
grl,1975,0
grl,1976,0
grl,1977,0
grl,1978,0
grl,1979,0
grl,1980,0
grl,1981,0
grl,1982,0
grl,1983,0
grl,1984,0
grl,1985,0
grl,1986,0
grl,1987,0
grl,1988,0
grl,1989,0
grl,1990,0
grl,1991,0
grl,1992,0.30707
grl,1993,0.78624
grl,1994,1.7307
grl,1995,3.67821
grl,1996,7.36598
grl,1997,11.55835
grl,1998,15.85624
grl,1999,24.09903
grl,2000,26.88893
grl,2001,28.15408
grl,2002,35.20639
grl,2003,52.41099
grl,2004,68.59086
grl,2005,81.61545
grl,2006,94.7559
grl,2007,116.93847
grl,2008,98.50867
grl,2009,94.59679
grl,2010,101.29827
grl,2011,103.35715
grl,2012,104.71485
grl,2013,106.87806
grl,2014,108.23705
grl,2015,108.88774
grl,2017,111.1448
grl,2018,109.48746
grl,2019,109.9351
grl,2020,117.61412
grl,2021,118.85048
grl,2022,118.63726
gtm,1960,0
gtm,1965,0
gtm,1970,0
gtm,1975,0
gtm,1976,0
gtm,1977,0
gtm,1978,0
gtm,1979,0
gtm,1980,0
gtm,1981,0
gtm,1982,0
gtm,1983,0
gtm,1984,0
gtm,1985,0
gtm,1986,0
gtm,1987,0
gtm,1988,0
gtm,1989,0
gtm,1990,0.00323
gtm,1991,0.01309
gtm,1992,0.02236
gtm,1993,0.03041
gtm,1994,0.10364
gtm,1995,0.28948
gtm,1996,0.40839
gtm,1997,0.58865
gtm,1998,0.99647
gtm,1999,2.94674
gtm,2000,7.32485
gtm,2001,9.57808
gtm,2002,12.87741
gtm,2003,16.24462
gtm,2004,24.73769
gtm,2005,34.46054
gtm,2006,53.70314
gtm,2007,87.14861
gtm,2008,107.27272
gtm,2009,121.74967
gtm,2010,124.60573
gtm,2011,131.68563
gtm,2012,137.75723
gtm,2013,141.13135
gtm,2014,107.84407
gtm,2015,113.45906
gtm,2016,112.26744
gtm,2017,120.63772
gtm,2018,121.50008
gtm,2019,122.04379
gtm,2020,117.47588
gtm,2021,125.71896
gtm,2022,115.15644
gtm,2023,113.70937
gtm,2024,112.52086
gum,1960,0
gum,1965,0
gum,1970,0
gum,1975,0
gum,1976,0
gum,1977,0
gum,1978,0
gum,1979,0
gum,1980,0
gum,1981,0
gum,1982,0
gum,1983,0
gum,1984,0
gum,1985,0
gum,1986,0
gum,1987,0
gum,1988,0
gum,1989,0
gum,1990,0
gum,1991,0.61603
gum,1992,0.90869
gum,1993,1.31028
gum,1994,2.77188
gum,1995,3.30793
gum,1996,3.81122
gum,1997,3.67589
gum,1998,8.21006
gum,1999,12.62666
gum,2000,16.9931
gum,2001,20.20715
gum,2002,43.43406
gum,2003,48.91594
gum,2004,59.82541
guy,1960,0
guy,1965,0
guy,1970,0
guy,1975,0
guy,1976,0
guy,1977,0
guy,1978,0
guy,1979,0
guy,1980,0
guy,1981,0
guy,1982,0
guy,1983,0
guy,1984,0
guy,1985,0
guy,1986,0
guy,1987,0
guy,1988,0
guy,1989,0
guy,1990,0
guy,1991,0
guy,1992,0.11289
guy,1993,0.13772
guy,1994,0.1669
guy,1995,0.16536
guy,1996,0.15924
guy,1997,0.18538
guy,1998,0.19215
guy,1999,0.37137
guy,2000,5.20768
guy,2001,9.85249
guy,2002,10.39741
guy,2003,18.07821
guy,2004,22.51468
guy,2005,36.97763
guy,2006,52.70328
guy,2007,71.18533
guy,2008,59.33812
guy,2009,64.95638
guy,2010,74.7938
guy,2011,70.86442
guy,2012,73.3024
guy,2013,74.00259
guy,2014,75.16351
guy,2015,71.50917
guy,2016,76.57135
guy,2017,83.6991
guy,2019,96.32707
guy,2020,106.00869
guy,2021,104.9686
guy,2022,112.56504
hkg,1960,0
hkg,1965,0
hkg,1970,0
hkg,1975,0
hkg,1976,0
hkg,1977,0
hkg,1978,0
hkg,1979,0
hkg,1980,0
hkg,1981,0
hkg,1982,0
hkg,1983,0
hkg,1984,0.01875
hkg,1985,0.08131
hkg,1986,0.18206
hkg,1987,0.503
hkg,1988,0.90511
hkg,1989,1.55045
hkg,1990,2.29357
hkg,1991,3.20192
hkg,1992,3.88376
hkg,1993,4.7759
hkg,1994,7.85939
hkg,1995,12.78653
hkg,1996,21.50269
hkg,1997,34.61854
hkg,1998,48.49283
hkg,1999,64.36422
hkg,2000,81.24711
hkg,2001,85.2695
hkg,2002,93.7596
hkg,2003,107.1483
hkg,2004,119.24745
hkg,2005,123.67768
hkg,2006,136.25764
hkg,2007,154.22593
hkg,2008,164.9432
hkg,2009,178.31736
hkg,2010,194.23364
hkg,2011,214.09755
hkg,2012,227.57113
hkg,2013,233.6502
hkg,2014,231.70234
hkg,2015,227.03654
hkg,2016,237.37777
hkg,2017,247.079
hkg,2018,266.34009
hkg,2019,286.61865
hkg,2020,291.91627
hkg,2021,319.85207
hkg,2022,292.80766
hkg,2023,319.4939
hkg,2024,364.84898
hnd,1960,0
hnd,1965,0
hnd,1970,0
hnd,1975,0
hnd,1976,0
hnd,1977,0
hnd,1978,0
hnd,1979,0
hnd,1980,0
hnd,1981,0
hnd,1982,0
hnd,1983,0
hnd,1984,0
hnd,1985,0
hnd,1986,0
hnd,1987,0
hnd,1988,0
hnd,1989,0
hnd,1990,0
hnd,1991,0
hnd,1992,0
hnd,1993,0
hnd,1994,0
hnd,1995,0
hnd,1996,0.03867
hnd,1997,0.23481
hnd,1998,0.55316
hnd,1999,1.21327
hnd,2000,2.36054
hnd,2001,3.51627
hnd,2002,4.7055
hnd,2003,5.32871
hnd,2004,9.68902
hnd,2005,17.13561
hnd,2006,29.26479
hnd,2007,53.41343
hnd,2008,77.51193
hnd,2009,102.45248
hnd,2010,113.61714
hnd,2011,94.39905
hnd,2012,84.56649
hnd,2013,87.37757
hnd,2014,85.23654
hnd,2015,87.12918
hnd,2016,83.21808
hnd,2017,85.87173
hnd,2018,77.7101
hnd,2019,76.02683
hnd,2020,68.78361
hnd,2021,73.47717
hnd,2022,75.85514
hnd,2023,74.41482
hnd,2024,70.93974
hrv,1960,0
hrv,1965,0
hrv,1970,0
hrv,1975,0
hrv,1976,0
hrv,1977,0
hrv,1978,0
hrv,1979,0
hrv,1980,0
hrv,1981,0
hrv,1982,0
hrv,1983,0
hrv,1984,0
hrv,1985,0
hrv,1986,0
hrv,1987,0
hrv,1988,0
hrv,1989,0
hrv,1990,0.00492
hrv,1991,0.04168
hrv,1992,0.13171
hrv,1993,0.2375
hrv,1994,0.44951
hrv,1995,0.7008
hrv,1996,1.36474
hrv,1997,2.55594
hrv,1998,3.91637
hrv,1999,6.40562
hrv,2000,23.87829
hrv,2001,40.80376
hrv,2002,53.70918
hrv,2003,58.91537
hrv,2004,65.78801
hrv,2005,84.60236
hrv,2006,101.83975
hrv,2007,116.6505
hrv,2008,105.56585
hrv,2009,108.45574
hrv,2010,114.58233
hrv,2011,119.48961
hrv,2012,116.71931
hrv,2013,111.28176
hrv,2014,105.7323
hrv,2015,105.54364
hrv,2016,106.7184
hrv,2017,105.79476
hrv,2018,109.03404
hrv,2019,110.4938
hrv,2020,110.6663
hrv,2021,112.16944
hrv,2022,114.6772
hrv,2023,117.1126
hrv,2024,121.73253
hti,1960,0
hti,1965,0
hti,1970,0
hti,1975,0
hti,1976,0
hti,1977,0
hti,1978,0
hti,1979,0
hti,1980,0
hti,1981,0
hti,1982,0
hti,1983,0
hti,1984,0
hti,1985,0
hti,1986,0
hti,1987,0
hti,1988,0
hti,1989,0
hti,1990,0
hti,1991,0
hti,1992,0
hti,1993,0
hti,1994,0
hti,1995,0
hti,1996,0
hti,1997,0
hti,1998,0.12406
hti,1999,0.30455
hti,2000,0.6624
hti,2001,1.08208
hti,2002,1.62646
hti,2003,3.653
hti,2004,4.48921
hti,2005,5.5202
hti,2006,13.02004
hti,2007,26.67151
hti,2008,33.57545
hti,2009,37.64869
hti,2010,40.80261
hti,2011,42.36047
hti,2012,60.52717
hti,2013,70.04448
hti,2014,65.25748
hti,2015,69.37026
hti,2016,60.94772
hti,2017,58.29179
hti,2018,60.23226
hti,2019,61.62341
hti,2020,65.09337
hti,2021,64.3452
hti,2022,65.18893
hun,1960,0
hun,1965,0
hun,1970,0
hun,1975,0
hun,1976,0
hun,1977,0
hun,1978,0
hun,1979,0
hun,1980,0
hun,1981,0
hun,1982,0
hun,1983,0
hun,1984,0
hun,1985,0
hun,1986,0
hun,1987,0
hun,1988,0
hun,1989,0
hun,1990,0.02549
hun,1991,0.08171
hun,1992,0.22461
hun,1993,0.44135
hun,1994,1.38265
hun,1995,2.56605
hun,1996,4.58952
hun,1997,6.86147
hun,1998,10.42937
hun,1999,15.91508
hun,2000,30.18742
hun,2001,48.85986
hun,2002,67.92064
hun,2003,78.58952
hun,2004,86.52953
hun,2005,92.59162
hun,2006,99.16196
hun,2007,109.92465
hun,2008,122.03835
hun,2009,117.9085
hun,2010,120.36945
hun,2011,117.52607
hun,2012,116.76783
hun,2013,117.20013
hun,2014,118.89566
hun,2015,100.62374
hun,2016,101.44201
hun,2017,101.62926
hun,2018,102.7372
hun,2019,105.14156
hun,2020,105.9819
hun,2021,105.13729
hun,2022,105.79385
hun,2023,105.05442
hun,2024,104.58063
idn,1960,0
idn,1965,0
idn,1970,0
idn,1975,0
idn,1976,0
idn,1977,0
idn,1978,0
idn,1979,0
idn,1980,0
idn,1981,0
idn,1982,0
idn,1983,0
idn,1984,0.00108
idn,1985,0.00122
idn,1986,0.00268
idn,1987,0.00367
idn,1988,0.00513
idn,1989,0.00722
idn,1990,0.00993
idn,1991,0.01323
idn,1992,0.01885
idn,1993,0.02787
idn,1994,0.04003
idn,1995,0.10631
idn,1996,0.27934
idn,1997,0.44773
idn,1998,0.51277
idn,1999,1.05261
idn,2000,1.69815
idn,2001,2.97627
idn,2002,5.26817
idn,2003,8.21836
idn,2004,13.30981
idn,2005,20.31864
idn,2006,27.27188
idn,2007,39.39339
idn,2008,58.53576
idn,2009,67.29584
idn,2010,85.78387
idn,2011,100.13452
idn,2012,111.58105
idn,2013,122.42482
idn,2014,125.76719
idn,2015,129.4688
idn,2016,145.70425
idn,2017,162.78251
idn,2018,118.33022
idn,2019,125.24435
idn,2020,129.40362
idn,2021,132.19944
idn,2022,122.87301
idn,2023,125.23819
idn,2024,122.51495
ind,1960,0
ind,1965,0
ind,1970,0
ind,1975,0
ind,1976,0
ind,1977,0
ind,1978,0
ind,1979,0
ind,1980,0
ind,1981,0
ind,1982,0
ind,1983,0
ind,1984,0
ind,1985,0
ind,1986,0
ind,1987,0
ind,1988,0
ind,1989,0
ind,1990,0
ind,1991,0
ind,1992,0
ind,1993,0
ind,1994,0
ind,1995,0.00795
ind,1996,0.03335
ind,1997,0.08798
ind,1998,0.11703
ind,1999,0.1811
ind,2000,0.33812
ind,2001,0.60674
ind,2002,1.1844
ind,2003,3.01665
ind,2004,4.59687
ind,2005,7.80652
ind,2006,14.15747
ind,2007,19.62079
ind,2008,28.7177
ind,2009,42.84614
ind,2010,60.49064
ind,2011,70.87257
ind,2012,67.62635
ind,2013,68.39667
ind,2014,71.93668
ind,2015,75.37933
ind,2016,83.91784
ind,2017,85.97035
ind,2018,85.55008
ind,2019,82.89814
ind,2020,82.25405
ind,2021,81.60397
ind,2022,80.1818
ind,2023,80.5632
ind,2024,79.35269
irl,1960,0
irl,1965,0
irl,1970,0
irl,1975,0
irl,1976,0
irl,1977,0
irl,1978,0
irl,1979,0
irl,1980,0
irl,1981,0
irl,1982,0
irl,1983,0
irl,1984,0
irl,1985,0.00856
irl,1986,0.04267
irl,1987,0.0989
irl,1988,0.1801
irl,1989,0.38983
irl,1990,0.71728
irl,1991,0.91303
irl,1992,1.24704
irl,1993,1.72321
irl,1994,2.47233
irl,1995,4.41405
irl,1996,8.00171
irl,1997,14.97191
irl,1998,25.71584
irl,1999,45.08171
irl,2000,64.71913
irl,2001,76.88363
irl,2002,76.36613
irl,2003,87.65482
irl,2004,94.9321
irl,2005,102.76073
irl,2006,109.87067
irl,2007,113.13769
irl,2008,112.53072
irl,2009,103.76609
irl,2010,103.12331
irl,2011,107.1349
irl,2012,108.98983
irl,2013,105.5378
irl,2014,105.46088
irl,2015,104.2429
irl,2016,102.55839
irl,2017,101.84212
irl,2018,102.03049
irl,2019,104.59752
irl,2020,105.04561
irl,2021,106.86972
irl,2022,110.60885
irl,2023,110.79834
irl,2024,112.63882
irn,1960,0
irn,1965,0
irn,1970,0
irn,1975,0
irn,1976,0
irn,1977,0
irn,1978,0
irn,1979,0
irn,1980,0
irn,1981,0
irn,1982,0
irn,1983,0
irn,1984,0
irn,1985,0
irn,1986,0
irn,1987,0
irn,1988,0
irn,1989,0
irn,1990,0
irn,1991,0
irn,1992,0
irn,1993,0
irn,1994,0.01534
irn,1995,0.02616
irn,1996,0.09735
irn,1997,0.38243
irn,1998,0.61451
irn,1999,0.76073
irn,2000,1.44928
irn,2001,3.09458
irn,2002,3.35112
irn,2003,5.01659
irn,2004,7.22451
irn,2005,11.84839
irn,2006,20.96296
irn,2007,39.90475
irn,2008,56.94293
irn,2009,68.73724
irn,2010,69.81552
irn,2011,71.49838
irn,2012,73.27342
irn,2013,81.13719
irn,2014,84.5269
irn,2015,89.83223
irn,2016,96.0722
irn,2017,102.37596
irn,2018,103.02427
irn,2019,135.62227
irn,2020,145.48557
irn,2021,153.62464
irn,2022,162.71294
irn,2023,166.27982
irn,2024,174.06639
irq,1960,0
irq,1965,0
irq,1970,0
irq,1975,0
irq,1976,0
irq,1977,0
irq,1978,0
irq,1979,0
irq,1980,0
irq,1981,0
irq,1982,0
irq,1983,0
irq,1984,0
irq,1985,0
irq,1986,0
irq,1987,0
irq,1988,0
irq,1989,0
irq,1990,0
irq,1991,0
irq,1992,0
irq,1993,0
irq,1994,0
irq,1995,0
irq,1996,0
irq,1997,0
irq,1998,0
irq,1999,0
irq,2000,0
irq,2001,0
irq,2002,0.0769
irq,2003,0.29848
irq,2004,2.08138
irq,2005,5.39647
irq,2006,32.65726
irq,2007,49.38513
irq,2008,60.50526
irq,2009,66.9264
irq,2010,74.93681
irq,2011,79.34661
irq,2012,79.50119
irq,2013,91.97327
irq,2014,90.28713
irq,2015,89.34644
irq,2016,86.94392
irq,2017,84.94646
irq,2018,90.71597
irq,2019,90.36853
irq,2020,88.97993
irq,2021,94.60928
irq,2022,99.13237
irq,2023,101.38872
irq,2024,100.08028
isl,1960,0
isl,1965,0
isl,1970,0
isl,1975,0
isl,1976,0
isl,1977,0
isl,1978,0
isl,1979,0
isl,1980,0
isl,1981,0
isl,1982,0
isl,1983,0
isl,1984,0
isl,1985,0
isl,1986,1.08565
isl,1987,2.03551
isl,1988,2.60847
isl,1989,3.11925
isl,1990,3.9252
isl,1991,4.99591
isl,1992,5.83744
isl,1993,6.59602
isl,1994,8.2055
isl,1995,11.53724
isl,1996,17.39084
isl,1997,24.08939
isl,1998,38.01885
isl,1999,62.17501
isl,2000,76.39932
isl,2001,87.04732
isl,2002,90.55343
isl,2003,96.56947
isl,2004,99.28124
isl,2005,95.37587
isl,2006,99.35763
isl,2007,104.63563
isl,2008,106.11249
isl,2009,106.62342
isl,2010,107.20365
isl,2011,107.81733
isl,2012,109.7472
isl,2013,109.99707
isl,2014,112.98731
isl,2015,116.00444
isl,2016,119.67941
isl,2017,116.79616
isl,2018,116.58108
isl,2019,114.62323
isl,2020,114.93942
isl,2021,117.34256
isl,2022,120.11484
isl,2023,121.4755
isl,2024,120.92751
isr,1990,0.31728
isr,1991,0.46532
isr,1992,0.71079
isr,1993,1.23698
isr,1994,2.49565
isr,1995,8.13064
isr,1996,18.66518
isr,1997,29.11997
isr,1998,36.5789
isr,1999,48.04734
isr,2000,71.99907
isr,2001,87.8696
isr,2002,98.62687
isr,2003,101.77688
isr,2004,109.174
isr,2005,115.29076
isr,2006,122.78968
isr,2007,127.8572
isr,2008,126.81748
isr,2009,125.19955
isr,2010,124.1833
isr,2011,123.14244
isr,2012,121.25745
isr,2013,122.59047
isr,2014,120.29612
isr,2015,131.25693
isr,2016,128.74535
isr,2017,126.04946
isr,2018,125.73344
isr,2019,135.14335
isr,2020,139.42586
isr,2021,139.77531
isr,2022,151.13796
isr,2023,153.33664
isr,2024,177.3931
ita,1960,0
ita,1965,0
ita,1970,0
ita,1975,0
ita,1976,0
ita,1977,0
ita,1978,0
ita,1979,0
ita,1980,0
ita,1981,0
ita,1982,0
ita,1983,0
ita,1984,0
ita,1985,0.01133
ita,1986,0.01597
ita,1987,0.02919
ita,1988,0.05931
ita,1989,0.1165
ita,1990,0.46867
ita,1991,1.0001
ita,1992,1.37772
ita,1993,2.12271
ita,1994,3.93785
ita,1995,6.89635
ita,1996,11.28667
ita,1997,20.61966
ita,1998,35.98429
ita,1999,53.20215
ita,2000,73.76354
ita,2001,89.42557
ita,2002,94.39117
ita,2003,98.32057
ita,2004,107.86098
ita,2005,122.18109
ita,2006,136.87137
ita,2007,151.92513
ita,2008,151.67637
ita,2009,150.29526
ita,2010,155.68406
ita,2011,159.09274
ita,2012,160.55872
ita,2013,159.69815
ita,2014,148.21699
ita,2015,144.76398
ita,2016,142.12731
ita,2017,138.88243
ita,2018,138.26467
ita,2019,132.18123
ita,2020,129.49001
ita,2021,130.78149
ita,2022,131.67397
ita,2023,131.87167
ita,2024,132.57514
jam,1960,0
jam,1965,0
jam,1970,0
jam,1975,0
jam,1976,0
jam,1977,0
jam,1978,0
jam,1979,0
jam,1980,0
jam,1981,0
jam,1982,0
jam,1983,0
jam,1984,0
jam,1985,0
jam,1986,0
jam,1987,0
jam,1988,0
jam,1989,0
jam,1990,0
jam,1991,0.10146
jam,1992,0.31332
jam,1993,0.61898
jam,1994,1.05089
jam,1995,1.79878
jam,1996,2.15722
jam,1997,2.58302
jam,1998,3.0515
jam,1999,5.56136
jam,2000,14.07118
jam,2001,22.7795
jam,2002,47.14797
jam,2003,59.33699
jam,2004,68.76487
jam,2005,73.7408
jam,2006,84.2161
jam,2007,98.91411
jam,2008,99.91518
jam,2009,108.00389
jam,2010,115.76919
jam,2011,106.69811
jam,2012,97.9263
jam,2013,102.24555
jam,2014,107.5791
jam,2015,111.94201
jam,2016,116.2791
jam,2017,109.78271
jam,2018,105.13731
jam,2019,107.1053
jam,2020,101.50208
jam,2021,102.38667
jam,2022,105.76202
jam,2023,115.09223
jam,2024,117.69391
jor,1960,0
jor,1965,0
jor,1970,0
jor,1975,0
jor,1976,0
jor,1977,0
jor,1978,0
jor,1979,0
jor,1980,0
jor,1981,0
jor,1982,0
jor,1983,0
jor,1984,0
jor,1985,0
jor,1986,0
jor,1987,0
jor,1988,0
jor,1989,0
jor,1990,0.04134
jor,1991,0.03988
jor,1992,0.03781
jor,1993,0.03572
jor,1994,0.0338
jor,1995,0.26558
jor,1996,0.52321
jor,1997,0.95142
jor,1998,1.70153
jor,1999,2.39189
jor,2000,7.22021
jor,2001,15.74184
jor,2002,21.71622
jor,2003,23.08173
jor,2004,27.61124
jor,2005,52.03839
jor,2006,67.57195
jor,2007,69.89135
jor,2008,76.01811
jor,2009,84.21414
jor,2010,90.72168
jor,2011,100.02857
jor,2012,118.41441
jor,2013,129.05684
jor,2014,126.1689
jor,2015,144.56113
jor,2016,98.12199
jor,2017,94.81212
jor,2018,83.45923
jor,2019,72.89027
jor,2020,64.31426
jor,2021,65.74488
jor,2022,67.74571
jor,2023,67.54568
jor,2024,69.64262
jpn,1960,0
jpn,1965,0
jpn,1970,0
jpn,1975,0
jpn,1976,0
jpn,1977,0
jpn,1978,0
jpn,1979,0
jpn,1980,0
jpn,1981,0.01121
jpn,1982,0.01663
jpn,1983,0.0227
jpn,1984,0.03353
jpn,1985,0.05102
jpn,1986,0.07816
jpn,1987,0.12331
jpn,1988,0.19779
jpn,1989,0.39714
jpn,1990,0.70184
jpn,1991,1.11071
jpn,1992,1.37615
jpn,1993,1.70811
jpn,1994,3.46179
jpn,1995,9.33729
jpn,1996,21.40087
jpn,1997,30.35349
jpn,1998,37.45404
jpn,1999,44.91768
jpn,2000,52.57462
jpn,2001,58.79229
jpn,2002,63.6299
jpn,2003,67.87354
jpn,2004,71.56707
jpn,2005,75.4292
jpn,2006,77.99074
jpn,2007,83.80119
jpn,2008,86.14111
jpn,2009,90.71935
jpn,2010,96.17885
jpn,2011,103.64155
jpn,2012,110.31906
jpn,2013,115.78717
jpn,2014,123.8221
jpn,2015,126.15096
jpn,2016,131.21486
jpn,2017,135.98584
jpn,2018,141.72873
jpn,2019,147.20991
jpn,2020,154.43221
jpn,2021,159.51612
jpn,2022,168.60294
jpn,2023,178.43244
kaz,1960,0
kaz,1965,0
kaz,1970,0
kaz,1975,0
kaz,1976,0
kaz,1977,0
kaz,1978,0
kaz,1979,0
kaz,1980,0
kaz,1981,0
kaz,1982,0
kaz,1983,0
kaz,1984,0
kaz,1985,0
kaz,1986,0
kaz,1987,0
kaz,1988,0
kaz,1989,0
kaz,1990,0
kaz,1991,0
kaz,1992,0
kaz,1993,0
kaz,1994,0.00239
kaz,1995,0.02799
kaz,1996,0.06069
kaz,1997,0.07081
kaz,1998,0.19193
kaz,1999,0.32446
kaz,2000,1.27281
kaz,2001,3.73663
kaz,2002,6.5595
kaz,2003,8.45049
kaz,2004,15.43833
kaz,2005,33.80486
kaz,2006,48.28536
kaz,2007,75.7982
kaz,2008,90.77132
kaz,2009,102.66762
kaz,2010,115.23917
kaz,2011,147.90107
kaz,2012,174.70943
kaz,2013,172.9553
kaz,2014,160.5026
kaz,2015,145.48249
kaz,2016,139.05117
kaz,2017,143.1128
kaz,2018,137.67483
kaz,2019,133.87973
kaz,2020,124.69846
kaz,2021,123.94394
kaz,2022,125.64158
kaz,2023,127.11478
kaz,2024,127.08515
ken,1960,0
ken,1965,0
ken,1970,0
ken,1975,0
ken,1976,0
ken,1977,0
ken,1978,0
ken,1979,0
ken,1980,0
ken,1981,0
ken,1982,0
ken,1983,0
ken,1984,0
ken,1985,0
ken,1986,0
ken,1987,0
ken,1988,0
ken,1989,0
ken,1990,0
ken,1991,0
ken,1992,0.00446
ken,1993,0.00458
ken,1994,0.00761
ken,1995,0.00848
ken,1996,0.01023
ken,1997,0.02386
ken,1998,0.03691
ken,1999,0.07928
ken,2000,0.41577
ken,2001,1.89758
ken,2002,3.63815
ken,2003,4.72713
ken,2004,7.33478
ken,2005,12.88386
ken,2006,19.8903
ken,2007,29.83833
ken,2008,41.58401
ken,2009,47.92153
ken,2010,60.02344
ken,2011,65.67302
ken,2012,70.02265
ken,2013,70.75411
ken,2014,73.03275
ken,2015,80.09583
ken,2016,80.97724
ken,2017,87.02653
ken,2018,98.59447
ken,2019,106.54782
ken,2020,117.60253
ken,2021,122.29752
ken,2022,121.169
ken,2023,120.61242
ken,2024,126.47771
kgz,1960,0
kgz,1965,0
kgz,1970,0
kgz,1975,0
kgz,1976,0
kgz,1977,0
kgz,1978,0
kgz,1979,0
kgz,1980,0
kgz,1981,0
kgz,1982,0
kgz,1983,0
kgz,1984,0
kgz,1985,0
kgz,1986,0
kgz,1987,0
kgz,1988,0
kgz,1989,0
kgz,1990,0
kgz,1991,0
kgz,1992,0
kgz,1993,0
kgz,1994,0
kgz,1995,0
kgz,1996,0
kgz,1997,0
kgz,1998,0.02806
kgz,1999,0.05276
kgz,2000,0.1791
kgz,2001,0.53234
kgz,2002,1.03756
kgz,2003,2.68013
kgz,2004,5.06194
kgz,2005,10.32439
kgz,2006,23.88582
kgz,2007,40.80894
kgz,2008,63.52837
kgz,2009,83.12555
kgz,2010,96.06166
kgz,2011,112.20071
kgz,2012,119.33344
kgz,2013,116.21789
kgz,2014,128.2305
kgz,2015,126.28437
kgz,2016,124.63903
kgz,2017,136.13765
kgz,2018,137.74228
kgz,2019,132.77669
kgz,2020,109.78011
kgz,2021,108.17165
kgz,2022,106.92597
kgz,2023,108.59119
kgz,2024,107.4923
khm,1960,0
khm,1965,0
khm,1970,0
khm,1975,0
khm,1976,0
khm,1977,0
khm,1978,0
khm,1979,0
khm,1980,0
khm,1981,0
khm,1982,0
khm,1983,0
khm,1984,0
khm,1985,0
khm,1986,0
khm,1987,0
khm,1988,0
khm,1989,0
khm,1990,0
khm,1991,0
khm,1992,0
khm,1993,0.04696
khm,1994,0.09626
khm,1995,0.12913
khm,1996,0.20655
khm,1997,0.29354
khm,1998,0.52571
khm,1999,0.74894
khm,2000,1.04753
khm,2001,1.76528
khm,2002,2.95599
khm,2003,3.81878
khm,2004,6.50447
khm,2005,7.90225
khm,2006,12.62297
khm,2007,18.66321
khm,2008,30.14912
khm,2009,43.90336
khm,2010,56.20935
khm,2011,93.44148
khm,2012,127.83544
khm,2013,133.58099
khm,2014,132.83292
khm,2015,133.45841
khm,2016,125.62764
khm,2017,115.55119
khm,2018,119.30994
khm,2019,129.95744
khm,2020,126.07589
khm,2021,117.23479
khm,2022,113.39151
khm,2023,120.80912
khm,2024,116.09196
kir,1960,0
kir,1965,0
kir,1970,0
kir,1975,0
kir,1976,0
kir,1977,0
kir,1978,0
kir,1979,0
kir,1980,0
kir,1981,0
kir,1982,0
kir,1983,0
kir,1984,0
kir,1985,0
kir,1986,0
kir,1987,0
kir,1988,0
kir,1989,0
kir,1990,0
kir,1991,0
kir,1992,0
kir,1993,0
kir,1994,0
kir,1995,0
kir,1996,0
kir,1997,0
kir,1998,0.02564
kir,1999,0.22912
kir,2000,0.33855
kir,2001,0.43726
kir,2002,0.5365
kir,2003,0.55853
kir,2004,0.64006
kir,2005,0.66303
kir,2006,0.69988
kir,2007,0.7348
kir,2008,0.95949
kir,2009,9.30523
kir,2010,9.74665
kir,2011,12.46125
kir,2012,16.03078
kir,2013,17.56883
kir,2014,26.01321
kir,2015,35.09823
kir,2016,43.89
kir,2017,38.34795
kir,2018,43.68959
kir,2019,44.10713
kir,2020,43.34769
kir,2021,40.998
kir,2022,49.11205
kir,2023,51.25406
kir,2024,53.52444
kna,1960,0
kna,1965,0
kna,1970,0
kna,1975,0
kna,1976,0
kna,1977,0
kna,1978,0
kna,1979,0
kna,1980,0
kna,1981,0
kna,1982,0
kna,1983,0
kna,1984,0
kna,1985,0
kna,1986,0
kna,1987,0
kna,1988,0
kna,1989,0
kna,1990,0
kna,1996,0.6961
kna,1997,0.46958
kna,1998,0.9948
kna,1999,1.56163
kna,2000,2.65205
kna,2001,4.58906
kna,2002,10.86484
kna,2003,47.6438
kna,2004,62.6147
kna,2005,109.82622
kna,2006,109.51491
kna,2007,138.09789
kna,2008,159.06907
kna,2009,160.92591
kna,2010,170.77232
kna,2011,164.22813
kna,2012,161.58867
kna,2013,163.58962
kna,2014,138.03648
kna,2015,155.05129
kna,2016,162.68295
kna,2017,163.39639
kna,2018,152.30174
kna,2019,138.91634
kna,2020,133.4009
kna,2021,121.25612
kna,2022,116.92393
kna,2023,118.89302
kor,1960,0
kor,1965,0
kor,1970,0
kor,1975,0
kor,1976,0
kor,1977,0
kor,1978,0
kor,1979,0
kor,1980,0
kor,1981,0
kor,1982,0
kor,1983,0
kor,1986,0.01696
kor,1987,0.02418
kor,1988,0.04735
kor,1989,0.09116
kor,1990,0.18133
kor,1991,0.37338
kor,1992,0.60829
kor,1993,1.04998
kor,1994,2.12607
kor,1995,3.61571
kor,1996,6.96666
kor,1997,14.96612
kor,1998,30.31034
kor,1999,50.3923
kor,2000,57.34084
kor,2001,61.74204
kor,2002,68.37864
kor,2003,70.69841
kor,2004,76.70502
kor,2005,80.12749
kor,2006,83.73262
kor,2007,92.09402
kor,2008,94.31409
kor,2009,98.759
kor,2010,104.09665
kor,2011,106.87831
kor,2012,108.11468
kor,2013,109.20625
kor,2014,113.35858
kor,2015,115.59545
kor,2016,119.48951
kor,2017,123.64207
kor,2018,128.49463
kor,2019,133.07979
kor,2020,135.97327
kor,2021,140.51638
kor,2022,148.68361
kor,2023,162.11366
kor,2024,172.52024
kos,2005,30.90707
kos,2006,30.99699
kos,2007,31.09966
kos,2008,31.20735
kos,2009,31.31476
kos,2010,31.41871
kos,2022,34.5402
kwt,1960,0
kwt,1965,0
kwt,1970,0
kwt,1975,0
kwt,1976,0
kwt,1977,0
kwt,1978,0
kwt,1979,0
kwt,1980,0
kwt,1981,0
kwt,1982,0
kwt,1983,0
kwt,1984,0
kwt,1985,0
kwt,1986,0.41665
kwt,1987,0.69808
kwt,1988,0.82192
kwt,1989,1.01809
kwt,1990,1.23796
kwt,1991,3.21015
kwt,1992,3.14692
kwt,1993,3.88905
kwt,1994,5.19132
kwt,1995,7.10533
kwt,1996,8.86875
kwt,1997,11.92187
kwt,1998,13.73971
kwt,1999,15.97932
kwt,2000,24.35145
kwt,2001,43.71848
kwt,2002,59.56386
kwt,2003,67.30237
kwt,2004,82.25794
kwt,2005,61.78878
kwt,2006,49.88187
kwt,2007,56.87637
kwt,2008,56.57012
kwt,2009,93.66582
kwt,2010,135.19001
kwt,2011,157.4993
kwt,2012,152.83074
kwt,2013,182.73843
kwt,2014,207.32365
kwt,2015,199.89138
kwt,2016,191.29422
kwt,2017,171.8261
kwt,2018,164.21958
kwt,2019,164.94165
kwt,2020,153.86646
kwt,2021,158.64685
kwt,2022,168.35016
kwt,2023,167.68429
lao,1960,0
lao,1965,0
lao,1970,0
lao,1975,0
lao,1976,0
lao,1977,0
lao,1978,0
lao,1979,0
lao,1980,0
lao,1981,0
lao,1982,0
lao,1983,0
lao,1984,0
lao,1985,0
lao,1986,0
lao,1987,0
lao,1988,0
lao,1989,0
lao,1990,0
lao,1991,0
lao,1992,0.00636
lao,1993,0.00726
lao,1994,0.013
lao,1995,0.03123
lao,1996,0.07514
lao,1997,0.09543
lao,1998,0.12299
lao,1999,0.22618
lao,2000,0.23348
lao,2001,0.53509
lao,2002,0.98309
lao,2003,1.97045
lao,2004,3.53172
lao,2005,11.20241
lao,2006,16.92992
lao,2007,24.41135
lao,2008,32.88572
lao,2009,51.82357
lao,2010,63.20291
lao,2011,85.28397
lao,2012,65.96126
lao,2013,69.76771
lao,2014,68.9015
lao,2015,54.79795
lao,2016,57.29662
lao,2017,52.88879
lao,2018,51.37925
lao,2019,64.06686
lao,2020,63.11399
lao,2021,64.71015
lao,2022,63.3546
lao,2023,64.75881
lbn,1960,0
lbn,1965,0
lbn,1970,0
lbn,1975,0
lbn,1976,0
lbn,1977,0
lbn,1978,0
lbn,1979,0
lbn,1980,0
lbn,1981,0
lbn,1982,0
lbn,1983,0
lbn,1984,0
lbn,1985,0
lbn,1986,0
lbn,1987,0
lbn,1988,0
lbn,1989,0
lbn,1990,0
lbn,1991,0
lbn,1992,0
lbn,1993,0
lbn,1994,0
lbn,1995,3.03058
lbn,1996,4.90798
lbn,1997,9.10275
lbn,1998,12.09203
lbn,1999,14.75287
lbn,2000,17.16197
lbn,2001,17.41863
lbn,2002,17.36537
lbn,2003,17.57725
lbn,2004,19.23008
lbn,2005,21.27029
lbn,2006,23.28771
lbn,2007,26.01093
lbn,2008,28.97254
lbn,2009,47.8802
lbn,2010,56.80421
lbn,2011,67.83039
lbn,2012,71.72181
lbn,2013,67.6382
lbn,2014,69.12371
lbn,2015,71.96096
lbn,2016,67.64198
lbn,2017,71.41223
lbn,2018,73.9321
lbn,2019,73.13648
lbn,2020,75.20031
lbn,2021,74.99352
lbn,2022,74.01483
lbr,1960,0
lbr,1965,0
lbr,1970,0
lbr,1975,0
lbr,1976,0
lbr,1977,0
lbr,1978,0
lbr,1979,0
lbr,1980,0
lbr,1981,0
lbr,1982,0
lbr,1983,0
lbr,1984,0
lbr,1985,0
lbr,1986,0
lbr,1987,0
lbr,1988,0
lbr,1989,0
lbr,1990,0
lbr,1991,0
lbr,1992,0
lbr,1993,0
lbr,1994,0
lbr,1995,0
lbr,1996,0
lbr,1997,0
lbr,1998,0
lbr,1999,0
lbr,2000,0.05123
lbr,2001,0.06633
lbr,2002,0.16156
lbr,2003,1.51465
lbr,2004,2.98933
lbr,2005,4.84699
lbr,2006,8.02111
lbr,2007,15.34457
lbr,2008,22.36656
lbr,2009,27.5185
lbr,2010,38.71275
lbr,2011,47.86903
lbr,2012,54.42206
lbr,2013,57.06127
lbr,2014,70.66282
lbr,2015,78.37867
lbr,2016,65.54371
lbr,2017,54.85752
lbr,2019,38.40419
lbr,2020,32.10043
lbr,2021,31.4299
lbr,2022,32.06389
lby,1960,0
lby,1965,0
lby,1970,0
lby,1975,0
lby,1976,0
lby,1977,0
lby,1978,0
lby,1979,0
lby,1980,0
lby,1981,0
lby,1982,0
lby,1983,0
lby,1984,0
lby,1985,0
lby,1986,0
lby,1987,0
lby,1988,0
lby,1989,0
lby,1990,0
lby,1991,0
lby,1992,0
lby,1993,0
lby,1994,0
lby,1995,0
lby,1996,0
lby,1997,0.20398
lby,1998,0.40153
lby,1999,0.59312
lby,2000,0.754
lby,2001,0.9253
lby,2002,1.27078
lby,2003,2.26003
lby,2004,8.71582
lby,2005,34.13669
lby,2006,65.67598
lby,2007,73.71756
lby,2008,118.34172
lby,2009,149.74967
lby,2010,167.74808
lby,2011,157.64906
lby,2012,155.14632
lby,2013,162.34582
lby,2014,132.20393
lby,2015,149.22459
lby,2016,115.49943
lby,2017,89.33381
lby,2019,164.0044
lby,2020,164.98711
lby,2021,195.11785
lby,2022,192.97309
lca,1960,0
lca,1965,0
lca,1970,0
lca,1975,0
lca,1976,0
lca,1977,0
lca,1978,0
lca,1979,0
lca,1980,0
lca,1981,0
lca,1982,0
lca,1983,0
lca,1984,0
lca,1985,0
lca,1986,0
lca,1987,0
lca,1988,0
lca,1989,0
lca,1990,0
lca,1994,0.34803
lca,1995,0.65639
lca,1996,0.90927
lca,1997,1.02924
lca,1998,1.21131
lca,1999,1.45334
lca,2000,1.57613
lca,2001,1.685
lca,2002,8.85481
lca,2003,60.74514
lca,2004,61.49575
lca,2005,63.85978
lca,2006,63.37052
lca,2007,87.62622
lca,2008,103.69473
lca,2009,111.69666
lca,2010,115.9772
lca,2011,126.03535
lca,2012,125.15427
lca,2013,122.31887
lca,2014,108.16192
lca,2015,107.33884
lca,2016,100.57047
lca,2017,100.19961
lca,2018,104.4781
lca,2019,83.18652
lca,2020,81.86872
lca,2021,96.23744
lca,2022,98.66764
lie,1990,0
lie,1998,23.29916
lie,1999,27.59467
lie,2000,30.19962
lie,2001,32.8908
lie,2002,33.79171
lie,2003,73.39988
lie,2004,74.15162
lie,2005,79.27993
lie,2006,82.21587
lie,2007,90.8789
lie,2008,95.92597
lie,2009,97.99255
lie,2010,98.61385
lie,2011,101.92997
lie,2012,98.59001
lie,2013,104.11
lie,2014,109.38837
lie,2015,109.49198
lie,2016,117.76685
lie,2017,122.59445
lie,2018,123.97912
lie,2019,124.21436
lie,2020,126.10468
lie,2021,126.07059
lie,2022,126.30669
lie,2023,127.05945
lie,2024,128.90143
lka,1960,0
lka,1965,0
lka,1970,0
lka,1975,0
lka,1976,0
lka,1977,0
lka,1978,0
lka,1979,0
lka,1980,0
lka,1981,0
lka,1982,0
lka,1983,0
lka,1984,0
lka,1985,0
lka,1986,0
lka,1987,0
lka,1988,0
lka,1989,0
lka,1990,0.00587
lka,1991,0.01033
lka,1992,0.015
lka,1993,0.08239
lka,1994,0.16202
lka,1995,0.2823
lka,1996,0.38766
lka,1997,0.62273
lka,1998,0.93855
lka,1999,1.37466
lka,2000,2.22983
lka,2001,3.40638
lka,2002,4.70269
lka,2003,6.98394
lka,2004,11.00757
lka,2005,16.62885
lka,2006,26.59388
lka,2007,38.95802
lka,2008,53.72171
lka,2009,78.55596
lka,2010,83.14209
lka,2011,87.19789
lka,2012,91.32423
lka,2013,95.1136
lka,2014,102.67105
lka,2015,109.98469
lka,2016,117.73752
lka,2017,127.66974
lka,2018,136.08423
lka,2019,126.51445
lka,2020,131.77342
lka,2021,135.5226
lka,2022,151.72676
lka,2023,142.2774
lka,2024,132.54874
lso,1960,0
lso,1965,0
lso,1970,0
lso,1975,0
lso,1976,0
lso,1977,0
lso,1978,0
lso,1979,0
lso,1980,0
lso,1981,0
lso,1982,0
lso,1983,0
lso,1984,0
lso,1985,0
lso,1986,0
lso,1987,0
lso,1988,0
lso,1989,0
lso,1990,0
lso,1991,0
lso,1992,0
lso,1993,0
lso,1994,0
lso,1995,0
lso,1996,0.06455
lso,1997,0.17743
lso,1998,0.49511
lso,1999,0.60173
lso,2000,1.07789
lso,2001,2.84878
lso,2002,6.91605
lso,2003,6.3449
lso,2004,9.95435
lso,2005,12.78936
lso,2006,18.4011
lso,2007,24.69989
lso,2008,30.16545
lso,2009,33.36896
lso,2010,49.46512
lso,2011,61.1891
lso,2012,75.93639
lso,2013,87.05526
lso,2014,102.82199
lso,2015,101.6882
lso,2016,107.15797
lso,2017,110.37008
lso,2018,72.45552
lso,2019,76.11248
lso,2020,69.8944
lso,2021,80.53682
lso,2022,68.10014
lso,2023,69.35131
lso,2024,70.32805
ltu,1960,0
ltu,1965,0
ltu,1970,0
ltu,1975,0
ltu,1976,0
ltu,1977,0
ltu,1978,0
ltu,1979,0
ltu,1980,0
ltu,1981,0
ltu,1982,0
ltu,1983,0
ltu,1984,0
ltu,1985,0
ltu,1986,0
ltu,1987,0
ltu,1988,0
ltu,1989,0
ltu,1990,0
ltu,1991,0
ltu,1992,0.00703
ltu,1993,0.03278
ltu,1994,0.11967
ltu,1995,0.39482
ltu,1996,1.3695
ltu,1997,4.47474
ltu,1998,7.30089
ltu,1999,9.13608
ltu,2000,14.96971
ltu,2001,29.31177
ltu,2002,47.78003
ltu,2003,61.55303
ltu,2004,90.35925
ltu,2005,131.0386
ltu,2006,144.29639
ltu,2007,152.01202
ltu,2008,157.03198
ltu,2009,156.84795
ltu,2010,157.88964
ltu,2011,163.04337
ltu,2012,167.22607
ltu,2013,154.34146
ltu,2014,145.49429
ltu,2015,143.99149
ltu,2016,146.55039
ltu,2017,154.14799
ltu,2018,134.33361
ltu,2019,132.52884
ltu,2020,131.34133
ltu,2021,133.35727
ltu,2022,135.83415
ltu,2023,137.20372
ltu,2024,138.72884
lux,1960,0
lux,1965,0
lux,1970,0
lux,1975,0
lux,1976,0
lux,1977,0
lux,1978,0
lux,1979,0
lux,1980,0
lux,1981,0
lux,1982,0
lux,1983,0
lux,1984,0
lux,1985,0.01092
lux,1986,0.07931
lux,1987,0.10121
lux,1988,0.14514
lux,1989,0.17642
lux,1990,0.21612
lux,1991,0.29477
lux,1992,0.28607
lux,1993,1.28108
lux,1994,3.20736
lux,1995,6.58383
lux,1996,10.89056
lux,1997,16.06264
lux,1998,30.80926
lux,1999,48.72271
lux,2000,69.5372
lux,2001,92.60037
lux,2002,105.96139
lux,2003,119.29054
lux,2004,102.55381
lux,2005,109.59187
lux,2006,150.78267
lux,2007,142.524
lux,2008,144.58373
lux,2009,144.52404
lux,2010,143.27664
lux,2011,147.51188
lux,2012,143.38795
lux,2013,145.09344
lux,2014,144.24417
lux,2015,141.65918
lux,2016,130.93267
lux,2017,133.11092
lux,2018,131.32687
lux,2019,131.87017
lux,2020,132.90897
lux,2021,136.87109
lux,2022,139.65129
lux,2023,144.47495
lva,1960,0
lva,1965,0
lva,1970,0
lva,1975,0
lva,1976,0
lva,1977,0
lva,1978,0
lva,1979,0
lva,1980,0
lva,1981,0
lva,1982,0
lva,1983,0
lva,1984,0
lva,1985,0
lva,1986,0
lva,1987,0
lva,1988,0
lva,1989,0
lva,1990,0
lva,1991,0
lva,1992,0.03857
lva,1993,0.144
lva,1994,0.3209
lva,1995,0.58374
lva,1996,1.12458
lva,1997,3.08538
lva,1998,6.80086
lva,1999,11.30686
lva,2000,16.94337
lva,2001,28.09027
lva,2002,39.68225
lva,2003,53.2791
lva,2004,67.87076
lva,2005,83.56172
lva,2006,98.40759
lva,2007,100.73756
lva,2008,105.55165
lva,2009,107.54219
lva,2010,109.92783
lva,2011,112.09059
lva,2012,129.30455
lva,2013,127.07339
lva,2014,119.54974
lva,2015,130.94915
lva,2016,135.22746
lva,2017,126.84699
lva,2018,107.39743
lva,2019,108.22191
lva,2020,107.90249
lva,2021,114.64467
lva,2022,115.20263
lva,2023,119.90994
lva,2024,121.2622
mac,1960,0
mac,1965,0
mac,1970,0
mac,1975,0
mac,1976,0
mac,1977,0
mac,1978,0
mac,1979,0
mac,1980,0
mac,1981,0
mac,1982,0
mac,1983,0
mac,1984,0
mac,1985,0
mac,1986,0
mac,1987,0
mac,1988,0
mac,1989,0.40197
mac,1990,0.6373
mac,1991,1.33751
mac,1992,2.82327
mac,1993,3.97545
mac,1994,5.51597
mac,1995,9.04622
mac,1996,11.07799
mac,1997,12.8358
mac,1998,19.6081
mac,1999,27.75464
mac,2000,32.25454
mac,2001,43.68997
mac,2002,60.55472
mac,2003,77.60978
mac,2004,89.6827
mac,2005,107.53859
mac,2006,125.08123
mac,2007,152.08903
mac,2008,174.01452
mac,2009,188.79201
mac,2010,199.40459
mac,2011,235.0793
mac,2012,274.65622
mac,2013,287.64345
mac,2014,304.18496
mac,2015,304.75104
mac,2016,310.5683
mac,2017,316.60155
mac,2018,331.09999
mac,2019,416.26054
mac,2020,237.34377
mac,2021,183.57479
mac,2022,172.24472
mac,2023,192.47834
mac,2024,201.13695
mar,1960,0
mar,1965,0
mar,1970,0
mar,1975,0
mar,1976,0
mar,1977,0
mar,1978,0
mar,1979,0
mar,1980,0
mar,1981,0
mar,1982,0
mar,1983,0
mar,1984,0
mar,1985,0
mar,1986,0
mar,1987,0.00026
mar,1988,0.00044
mar,1989,0.00287
mar,1990,0.00364
mar,1991,0.00594
mar,1992,0.01251
mar,1993,0.02571
mar,1994,0.05189
mar,1995,0.10932
mar,1996,0.15682
mar,1997,0.26832
mar,1998,0.41495
mar,1999,1.29737
mar,2000,8.23968
mar,2001,16.56012
mar,2002,21.22967
mar,2003,24.88846
mar,2004,31.17174
mar,2005,40.82201
mar,2006,52.01208
mar,2007,64.22433
mar,2008,72.1861
mar,2009,79.02013
mar,2010,98.50699
mar,2011,111.06372
mar,2012,116.97213
mar,2013,125.56035
mar,2014,128.97184
mar,2015,124.48049
mar,2016,118.5318
mar,2017,123.89432
mar,2018,124.82752
mar,2019,128.8748
mar,2020,135.0884
mar,2021,138.91127
mar,2022,141.87
mar,2023,148.1551
mar,2024,153.05726
mco,1960,0
mco,1965,0
mco,1970,0
mco,1975,0
mco,1976,0
mco,1977,0
mco,1978,0
mco,1979,0
mco,1980,0
mco,1981,0
mco,1982,0
mco,1983,0
mco,1984,0
mco,1985,0
mco,1986,0
mco,1987,0
mco,1988,0
mco,1989,0
mco,1990,0
mco,1991,0
mco,1992,0
mco,1993,3.70681
mco,1994,8.18801
mco,1995,9.54514
mco,1996,17.0245
mco,1997,22.52252
mco,1998,35.62358
mco,1999,40.37785
mco,2000,42.91172
mco,2001,44.07803
mco,2002,45.87626
mco,2003,46.58368
mco,2004,48.75104
mco,2005,53.37162
mco,2006,57.10765
mco,2007,64.07639
mco,2008,69.10416
mco,2009,71.06662
mco,2010,70.60278
mco,2011,93.64579
mco,2012,95.63251
mco,2013,100.04796
mco,2014,93.21025
mco,2015,92.5538
mco,2016,89.32557
mco,2017,87.52588
mco,2018,85.67647
mco,2019,88.64835
mco,2020,93.25887
mco,2021,97.14226
mco,2022,100.06165
mco,2023,104.06099
mco,2024,107.40079
mda,1960,0
mda,1965,0
mda,1970,0
mda,1975,0
mda,1976,0
mda,1977,0
mda,1978,0
mda,1979,0
mda,1980,0
mda,1981,0
mda,1982,0
mda,1983,0
mda,1984,0
mda,1985,0
mda,1986,0
mda,1987,0
mda,1988,0
mda,1989,0
mda,1990,0
mda,1991,0
mda,1992,0
mda,1993,0
mda,1994,0
mda,1995,0.00031
mda,1996,0.02077
mda,1997,0.05007
mda,1998,0.16079
mda,1999,0.41822
mda,2000,3.2822
mda,2001,5.37022
mda,2002,8.16391
mda,2003,11.62133
mda,2004,19.44809
mda,2005,27.3224
mda,2006,34.63511
mda,2007,48.88695
mda,2008,64.11995
mda,2009,57.64404
mda,2010,70.22571
mda,2011,90.44196
mda,2012,102.91898
mda,2013,108.45169
mda,2014,111.82921
mda,2015,112.95868
mda,2016,117.00837
mda,2017,117.32104
mda,2018,115.32
mda,2019,116.10519
mda,2020,111.44467
mda,2021,128.98364
mda,2022,137.18255
mda,2023,129.54608
mda,2024,120.08349
mdg,1960,0
mdg,1965,0
mdg,1970,0
mdg,1975,0
mdg,1976,0
mdg,1977,0
mdg,1978,0
mdg,1979,0
mdg,1980,0
mdg,1981,0
mdg,1982,0
mdg,1983,0
mdg,1984,0
mdg,1985,0
mdg,1986,0
mdg,1987,0
mdg,1988,0
mdg,1989,0
mdg,1990,0
mdg,1991,0
mdg,1992,0
mdg,1993,0
mdg,1994,0.00223
mdg,1995,0.00937
mdg,1996,0.01606
mdg,1997,0.02774
mdg,1998,0.08382
mdg,1999,0.22727
mdg,2000,0.38201
mdg,2001,0.86597
mdg,2002,0.92884
mdg,2003,1.56966
mdg,2004,1.79446
mdg,2005,2.66324
mdg,2006,5.30076
mdg,2007,10.91421
mdg,2008,23.10876
mdg,2009,29.16284
mdg,2010,34.76357
mdg,2011,38.03636
mdg,2012,37.41555
mdg,2013,35.09485
mdg,2014,39.22527
mdg,2015,42.05722
mdg,2016,30.6447
mdg,2017,32.59063
mdg,2018,38.75155
mdg,2019,46.07798
mdg,2020,54.80847
mdg,2021,53.91772
mdg,2022,64.74949
mdg,2023,75.4563
mdv,1960,0
mdv,1965,0
mdv,1970,0
mdv,1975,0
mdv,1976,0
mdv,1977,0
mdv,1978,0
mdv,1979,0
mdv,1980,0
mdv,1981,0
mdv,1982,0
mdv,1983,0
mdv,1984,0
mdv,1985,0
mdv,1986,0
mdv,1987,0
mdv,1988,0
mdv,1989,0
mdv,1990,0
mdv,1991,0
mdv,1992,0
mdv,1993,0
mdv,1994,0
mdv,1995,0
mdv,1996,0.00758
mdv,1997,0.47948
mdv,1998,0.58657
mdv,1999,1.0521
mdv,2000,2.70833
mdv,2001,6.58862
mdv,2002,14.36787
mdv,2003,22.41754
mdv,2004,37.5717
mdv,2005,66.44932
mdv,2006,86.36359
mdv,2007,96.62844
mdv,2008,129.58533
mdv,2009,131.43924
mdv,2010,137.01828
mdv,2011,141.95502
mdv,2012,144.91234
mdv,2013,156.2629
mdv,2014,160.97452
mdv,2015,172.78596
mdv,2016,183.19724
mdv,2017,196.40967
mdv,2018,181.34344
mdv,2019,169.77432
mdv,2020,142.93612
mdv,2021,136.78921
mdv,2022,136.45866
mdv,2023,141.60123
mdv,2024,148.13707
mex,1960,0
mex,1965,0
mex,1970,0
mex,1975,0
mex,1976,0
mex,1977,0
mex,1978,0
mex,1979,0
mex,1980,0
mex,1981,0
mex,1982,0
mex,1983,0
mex,1984,0
mex,1985,0
mex,1986,0
mex,1987,0
mex,1988,0.0019
mex,1989,0.01059
mex,1990,0.07823
mex,1991,0.19304
mex,1992,0.36785
mex,1993,0.44563
mex,1994,0.64457
mex,1995,0.76527
mex,1996,1.11578
mex,1997,1.86817
mex,1998,3.53442
mex,1999,8.0258
mex,2000,14.27407
mex,2001,21.73602
mex,2002,25.53286
mex,2003,29.22716
mex,2004,36.83266
mex,2005,44.54029
mex,2006,51.64901
mex,2007,61.1904
mex,2008,68.22555
mex,2009,74.28016
mex,2010,80.4263
mex,2011,82.07252
mex,2012,86.22562
mex,2013,90.20124
mex,2014,87.61446
mex,2015,88.94543
mex,2016,91.39419
mex,2017,92.64935
mex,2018,96.46122
mex,2019,97.03586
mex,2020,96.92375
mex,2021,99.09481
mex,2022,105.72062
mex,2023,111.73542
mex,2024,116.48671
mhl,1960,0
mhl,1965,0
mhl,1970,0
mhl,1975,0
mhl,1976,0
mhl,1977,0
mhl,1978,0
mhl,1979,0
mhl,1980,0
mhl,1981,0
mhl,1982,0
mhl,1983,0
mhl,1984,0
mhl,1985,0
mhl,1986,0
mhl,1987,0
mhl,1988,0
mhl,1989,0
mhl,1990,0
mhl,1991,0
mhl,1992,0
mhl,1993,0
mhl,1994,0.5618
mhl,1995,0.52069
mhl,1996,0.70822
mhl,1997,0.89003
mhl,1998,0.64894
mhl,1999,0.8229
mhl,2000,0.88155
mhl,2001,0.95652
mhl,2002,1.07341
mhl,2003,1.15804
mhl,2004,1.24346
mhl,2005,1.27153
mhl,2014,31.127
mhl,2015,31.7623
mhl,2017,34.38716
mhl,2019,36.35785
mhl,2020,37.46546
mhl,2021,38.67817
mhl,2022,39.70607
mkd,1960,0
mkd,1965,0
mkd,1970,0
mkd,1975,0
mkd,1976,0
mkd,1977,0
mkd,1978,0
mkd,1979,0
mkd,1980,0
mkd,1981,0
mkd,1982,0
mkd,1983,0
mkd,1984,0
mkd,1985,0
mkd,1986,0
mkd,1987,0
mkd,1988,0
mkd,1989,0
mkd,1990,0
mkd,1991,0
mkd,1992,0
mkd,1993,0
mkd,1994,0
mkd,1995,0
mkd,1996,0.05305
mkd,1997,0.61679
mkd,1998,1.49475
mkd,1999,2.40802
mkd,2000,5.62634
mkd,2001,10.80554
mkd,2002,17.61142
mkd,2003,37.2824
mkd,2004,47.23517
mkd,2005,54.12012
mkd,2006,60.49306
mkd,2007,86.1891
mkd,2008,95.01153
mkd,2009,94.30345
mkd,2010,104.96806
mkd,2011,108.46761
mkd,2012,110.26844
mkd,2013,111.12463
mkd,2014,111.34259
mkd,2015,105.21202
mkd,2016,104.54988
mkd,2017,103.45869
mkd,2018,102.57229
mkd,2019,101.23163
mkd,2020,99.47239
mkd,2021,104.87513
mkd,2022,111.30308
mkd,2023,106.45878
mkd,2024,108.38712
mli,1960,0
mli,1965,0
mli,1970,0
mli,1975,0
mli,1976,0
mli,1977,0
mli,1978,0
mli,1979,0
mli,1980,0
mli,1981,0
mli,1982,0
mli,1983,0
mli,1984,0
mli,1985,0
mli,1986,0
mli,1987,0
mli,1988,0
mli,1989,0
mli,1990,0
mli,1991,0
mli,1992,0
mli,1993,0
mli,1994,0
mli,1995,0
mli,1996,0.01172
mli,1997,0.02743
mli,1998,0.04212
mli,1999,0.05851
mli,2000,0.08995
mli,2001,0.20145
mli,2002,0.37414
mli,2003,1.94895
mli,2004,3.10524
mli,2005,5.62823
mli,2006,10.81439
mli,2007,17.5054
mli,2008,23.01465
mli,2009,28.89788
mli,2010,46.66222
mli,2011,65.71072
mli,2012,86.17566
mli,2013,113.11458
mli,2014,130.43957
mli,2015,122.08298
mli,2016,105.3483
mli,2017,111.21031
mli,2018,107.40403
mli,2019,108.81451
mli,2020,116.58741
mli,2021,108.69312
mli,2022,112.11985
mlt,1960,0
mlt,1965,0
mlt,1970,0
mlt,1975,0
mlt,1976,0
mlt,1977,0
mlt,1978,0
mlt,1979,0
mlt,1980,0
mlt,1981,0
mlt,1982,0
mlt,1983,0
mlt,1984,0
mlt,1985,0
mlt,1986,0
mlt,1987,0
mlt,1988,0
mlt,1989,0
mlt,1990,0
mlt,1991,0.61844
mlt,1992,0.94116
mlt,1993,1.41243
mlt,1994,1.98118
mlt,1995,2.82599
mlt,1996,3.24449
mlt,1997,4.54971
mlt,1998,5.74065
mlt,1999,9.48048
mlt,2000,28.61851
mlt,2001,59.4403
mlt,2002,68.26501
mlt,2003,71.03712
mlt,2004,74.50547
mlt,2005,78.38479
mlt,2006,83.46797
mlt,2007,88.33477
mlt,2008,92.04404
mlt,2009,100.30609
mlt,2010,107.79083
mlt,2011,122.87178
mlt,2012,124.75721
mlt,2013,129.92167
mlt,2014,125.71872
mlt,2015,117.79402
mlt,2016,128.5987
mlt,2017,129.24907
mlt,2018,127.09376
mlt,2019,125.86649
mlt,2020,122.17569
mlt,2021,123.94141
mlt,2022,132.86116
mlt,2023,140.59359
mlt,2024,142.07006
mmr,1960,0
mmr,1965,0
mmr,1970,0
mmr,1975,0
mmr,1976,0
mmr,1977,0
mmr,1978,0
mmr,1979,0
mmr,1980,0
mmr,1981,0
mmr,1982,0
mmr,1983,0
mmr,1984,0
mmr,1985,0
mmr,1986,0
mmr,1987,0
mmr,1988,0
mmr,1989,0
mmr,1990,0
mmr,1991,0
mmr,1992,0
mmr,1993,0.00154
mmr,1994,0.00454
mmr,1995,0.00645
mmr,1996,0.01672
mmr,1997,0.01931
mmr,1998,0.01913
mmr,1999,0.02529
mmr,2000,0.02958
mmr,2001,0.04953
mmr,2002,0.10378
mmr,2003,0.14253
mmr,2004,0.19642
mmr,2005,0.2713
mmr,2006,0.44829
mmr,2007,0.51458
mmr,2008,0.75921
mmr,2009,1.03165
mmr,2010,1.21164
mmr,2011,2.51644
mmr,2012,7.48356
mmr,2013,13.59335
mmr,2014,57.27783
mmr,2015,80.23972
mmr,2016,98.23426
mmr,2017,92.3918
mmr,2018,116.97214
mmr,2019,155.66942
mmr,2020,148.15821
mmr,2021,127.24065
mmr,2022,107.53509
mmr,2023,121.02763
mmr,2024,114.32904
mne,2004,76.3334
mne,2005,85.67463
mne,2006,101.54763
mne,2007,142.09502
mne,2008,182.98825
mne,2009,204.63144
mne,2010,185.10081
mne,2011,183.20436
mne,2012,156.40196
mne,2013,156.96444
mne,2014,160.49036
mne,2015,160.45499
mne,2016,166.71985
mne,2017,168.46483
mne,2018,184.2191
mne,2019,188.17396
mne,2020,177.66521
mne,2021,185.48847
mne,2022,207.27815
mne,2023,207.23792
mne,2024,221.68732
mng,1960,0
mng,1965,0
mng,1970,0
mng,1975,0
mng,1976,0
mng,1977,0
mng,1978,0
mng,1979,0
mng,1980,0
mng,1981,0
mng,1982,0
mng,1983,0
mng,1984,0
mng,1985,0
mng,1986,0
mng,1987,0
mng,1988,0
mng,1989,0
mng,1990,0
mng,1991,0
mng,1992,0
mng,1993,0
mng,1994,0
mng,1995,0
mng,1996,0.03818
mng,1997,0.08397
mng,1998,0.37553
mng,1999,1.42319
mng,2000,6.29689
mng,2001,7.8702
mng,2002,8.63974
mng,2003,12.64967
mng,2004,16.85922
mng,2005,21.73651
mng,2006,29.97962
mng,2007,45.80518
mng,2008,66.92841
mng,2009,84.38078
mng,2010,92.92076
mng,2011,107.18106
mng,2012,120.73885
mng,2013,100.90126
mng,2014,103.92044
mng,2015,103.07842
mng,2016,110.74585
mng,2017,125.184
mng,2018,133.28387
mng,2019,136.7192
mng,2020,132.61027
mng,2021,140.35214
mng,2022,142.80858
mng,2023,141.08482
mng,2024,140.67003
mnp,1960,0
mnp,1965,0
mnp,1970,0
mnp,1975,0
mnp,1976,0
mnp,1977,0
mnp,1978,0
mnp,1979,0
mnp,1980,0
mnp,1981,0
mnp,1982,0
mnp,1983,0
mnp,1984,0
mnp,1985,0
mnp,1986,0
mnp,1987,0
mnp,1988,0
mnp,1989,0
mnp,1990,0
mnp,1993,1.52665
mnp,1994,1.60109
mnp,1995,2.46321
mnp,1999,3.81049
mnp,2000,4.38879
mnp,2001,19.41633
mnp,2002,25.66264
mnp,2003,28.46028
mnp,2004,32.02165
moz,1960,0
moz,1965,0
moz,1970,0
moz,1975,0
moz,1976,0
moz,1977,0
moz,1978,0
moz,1979,0
moz,1980,0
moz,1981,0
moz,1982,0
moz,1983,0
moz,1984,0
moz,1985,0
moz,1986,0
moz,1987,0
moz,1988,0
moz,1989,0
moz,1990,0
moz,1991,0
moz,1992,0
moz,1993,0
moz,1994,0
moz,1995,0
moz,1996,0
moz,1997,0.01513
moz,1998,0.03974
moz,1999,0.07061
moz,2000,0.28167
moz,2001,0.82347
moz,2002,1.34378
moz,2003,2.24704
moz,2004,3.56849
moz,2005,7.40692
moz,2006,11.2537
moz,2007,14.46747
moz,2008,20.18882
moz,2009,26.6651
moz,2010,31.41051
moz,2011,33.21634
moz,2012,36.17816
moz,2013,49.50296
moz,2014,71.67015
moz,2015,75.84472
moz,2016,54.96412
moz,2017,42.16197
moz,2018,48.50071
moz,2019,49.43507
moz,2020,50.23188
moz,2021,43.16362
moz,2022,45.81782
moz,2023,47.5003
moz,2024,49.50477
mrt,1960,0
mrt,1965,0
mrt,1970,0
mrt,1975,0
mrt,1976,0
mrt,1977,0
mrt,1978,0
mrt,1979,0
mrt,1980,0
mrt,1981,0
mrt,1982,0
mrt,1983,0
mrt,1984,0
mrt,1985,0
mrt,1986,0
mrt,1987,0
mrt,1988,0
mrt,1989,0
mrt,1990,0
mrt,1991,0
mrt,1992,0
mrt,1993,0
mrt,1994,0
mrt,1995,0
mrt,1996,0
mrt,1997,0
mrt,1998,0
mrt,1999,0
mrt,2000,0.58544
mrt,2001,4.12366
mrt,2002,9.02772
mrt,2003,12.52492
mrt,2004,18.21057
mrt,2005,25.36917
mrt,2006,35.17723
mrt,2007,45.71419
mrt,2008,65.71835
mrt,2009,66.44188
mrt,2010,81.86608
mrt,2011,94.63163
mrt,2012,111.23073
mrt,2013,106.79848
mrt,2014,97.52673
mrt,2015,91.89412
mrt,2016,88.43835
mrt,2017,96.75954
mrt,2018,105.27509
mrt,2019,105.44109
mrt,2020,126.27703
mrt,2021,137.54032
mrt,2022,109.8839
mrt,2023,90.77249
mrt,2024,92.07489
mus,1960,0
mus,1965,0
mus,1970,0
mus,1975,0
mus,1976,0
mus,1977,0
mus,1978,0
mus,1979,0
mus,1980,0
mus,1981,0
mus,1982,0
mus,1983,0
mus,1984,0
mus,1985,0
mus,1986,0
mus,1987,0
mus,1988,0
mus,1989,0
mus,1990,0.20178
mus,1991,0.2264
mus,1992,0.2603
mus,1993,0.35623
mus,1994,0.4974
mus,1995,1.01146
mus,1996,1.77759
mus,1997,3.59001
mus,1998,5.05892
mus,1999,8.4717
mus,2000,14.79498
mus,2001,22.22351
mus,2002,28.16111
mus,2003,37.22771
mus,2004,43.82661
mus,2005,52.24468
mus,2006,61.11779
mus,2007,73.1476
mus,2008,81.06634
mus,2009,84.97043
mus,2010,92.84257
mus,2011,100.60897
mus,2012,115.25245
mus,2013,118.79311
mus,2014,127.86328
mus,2015,136.3719
mus,2016,140.42389
mus,2017,142.52453
mus,2018,148.8168
mus,2019,145.11728
mus,2020,149.06996
mus,2021,154.05319
mus,2022,164.30928
mus,2023,165.25752
mus,2024,172.68357
mwi,1960,0
mwi,1965,0
mwi,1970,0
mwi,1975,0
mwi,1976,0
mwi,1977,0
mwi,1978,0
mwi,1979,0
mwi,1980,0
mwi,1981,0
mwi,1982,0
mwi,1983,0
mwi,1984,0
mwi,1985,0
mwi,1986,0
mwi,1987,0
mwi,1988,0
mwi,1989,0
mwi,1990,0
mwi,1991,0
mwi,1992,0
mwi,1993,0
mwi,1994,0
mwi,1995,0.00378
mwi,1996,0.03589
mwi,1997,0.06659
mwi,1998,0.09783
mwi,1999,0.20503
mwi,2000,0.43302
mwi,2001,0.48072
mwi,2002,0.72427
mwi,2003,1.10917
mwi,2004,1.77698
mwi,2005,3.28008
mwi,2006,4.69867
mwi,2007,7.74032
mwi,2008,10.78734
mwi,2009,17.26648
mwi,2010,21.02568
mwi,2011,25.88645
mwi,2012,29.58001
mwi,2013,32.73174
mwi,2014,33.88684
mwi,2015,38.43419
mwi,2016,40.88444
mwi,2017,43.08551
mwi,2018,38.19557
mwi,2019,46.7841
mwi,2020,51.21704
mwi,2021,59.55994
mwi,2022,59.64957
mwi,2023,61.08661
mwi,2024,69.26053
mys,1960,0
mys,1965,0
mys,1970,0
mys,1975,0
mys,1976,0
mys,1977,0
mys,1978,0
mys,1979,0
mys,1980,0
mys,1981,0
mys,1982,0
mys,1983,0
mys,1984,0
mys,1986,0.06952
mys,1987,0.10859
mys,1988,0.16522
mys,1989,0.2316
mys,1990,0.49449
mys,1991,0.72152
mys,1992,1.08262
mys,1993,1.78489
mys,1994,2.91862
mys,1995,4.99117
mys,1996,7.34843
mys,1997,9.41213
mys,1998,10.08687
mys,1999,13.36692
mys,2000,22.29967
mys,2001,31.39008
mys,2002,37.56045
mys,2003,45.07366
mys,2004,57.84983
mys,2005,75.65005
mys,2006,73.67624
mys,2007,86.47553
mys,2008,100.51846
mys,2009,107.17951
mys,2010,118.15663
mys,2011,125.71583
mys,2012,139.31475
mys,2013,142.52211
mys,2014,146.36565
mys,2015,141.21053
mys,2016,136.72517
mys,2017,130.85352
mys,2018,128.87315
mys,2019,133.37292
mys,2020,129.01791
mys,2021,137.68494
mys,2022,138.20844
mys,2023,142.73209
mys,2024,139.66465
nam,1960,0
nam,1965,0
nam,1970,0
nam,1975,0
nam,1976,0
nam,1977,0
nam,1978,0
nam,1979,0
nam,1980,0
nam,1981,0
nam,1982,0
nam,1983,0
nam,1984,0
nam,1985,0
nam,1986,0
nam,1987,0
nam,1988,0
nam,1989,0
nam,1990,0
nam,1991,0
nam,1992,0
nam,1993,0
nam,1994,0
nam,1995,0.21802
nam,1996,0.40265
nam,1997,0.73823
nam,1998,1.1233
nam,1999,1.68703
nam,2000,4.50885
nam,2001,5.74029
nam,2002,7.93663
nam,2003,11.66494
nam,2004,14.73136
nam,2005,22.82422
nam,2006,30.56628
nam,2007,39.6448
nam,2008,51.39088
nam,2009,78.53955
nam,2010,92.42875
nam,2011,102.2443
nam,2012,97.82102
nam,2013,121.10559
nam,2014,115.52
nam,2015,107.39237
nam,2016,109.04956
nam,2017,106.91477
nam,2018,107.06026
nam,2019,106.53316
nam,2020,106.20659
nam,2021,103.72735
nam,2022,100.55782
nam,2023,87.6761
nam,2024,85.1649
ncl,1960,0
ncl,1965,0
ncl,1970,0
ncl,1975,0
ncl,1976,0
ncl,1977,0
ncl,1978,0
ncl,1979,0
ncl,1980,0
ncl,1981,0
ncl,1982,0
ncl,1983,0
ncl,1984,0
ncl,1985,0
ncl,1986,0
ncl,1987,0
ncl,1988,0
ncl,1989,0
ncl,1990,0
ncl,1991,0
ncl,1992,0
ncl,1993,0
ncl,1994,0
ncl,1995,0.41312
ncl,1996,1.00938
ncl,1997,2.49399
ncl,1998,6.12909
ncl,1999,11.72174
ncl,2000,22.38837
ncl,2001,29.82649
ncl,2002,34.44772
ncl,2003,41.0317
ncl,2004,48.34629
ncl,2005,54.94085
ncl,2006,62.61437
ncl,2007,70.33603
ncl,2008,77.4053
ncl,2009,81.47522
ncl,2010,84.41368
ncl,2011,85.2808
ncl,2012,85.04121
ncl,2013,86.87893
ncl,2014,86.44355
ncl,2015,91.91611
ncl,2019,91.67648
ncl,2020,91.4926
ncl,2021,91.15962
ncl,2022,91.67639
ner,1960,0
ner,1965,0
ner,1970,0
ner,1975,0
ner,1976,0
ner,1977,0
ner,1978,0
ner,1979,0
ner,1980,0
ner,1981,0
ner,1982,0
ner,1983,0
ner,1984,0
ner,1985,0
ner,1986,0
ner,1987,0
ner,1988,0
ner,1989,0
ner,1990,0
ner,1991,0
ner,1992,0
ner,1993,0
ner,1994,0
ner,1995,0
ner,1996,0
ner,1997,0.00093
ner,1998,0.01243
ner,1999,0.01952
ner,2000,0.01786
ner,2001,0.01783
ner,2002,0.46595
ner,2003,0.64363
ner,2004,1.29974
ner,2005,2.35423
ner,2006,3.38506
ner,2007,6.0796
ner,2008,12.35281
ner,2009,16.30114
ner,2010,22.16848
ner,2011,27.61295
ner,2012,30.24954
ner,2013,37.8312
ner,2014,42.8624
ner,2015,44.93092
ner,2016,36.12052
ner,2017,40.95499
ner,2019,52.81126
ner,2020,60.03555
ner,2021,61.50631
ner,2022,63.37705
ner,2023,65.73503
ner,2024,60.59399
nga,1960,0
nga,1965,0
nga,1970,0
nga,1975,0
nga,1976,0
nga,1977,0
nga,1978,0
nga,1979,0
nga,1980,0
nga,1981,0
nga,1982,0
nga,1983,0
nga,1984,0
nga,1985,0
nga,1986,0
nga,1987,0
nga,1988,0
nga,1989,0
nga,1990,0
nga,1991,0
nga,1992,0
nga,1993,0.0088
nga,1994,0.01214
nga,1995,0.01202
nga,1996,0.01262
nga,1997,0.01318
nga,1998,0.01714
nga,1999,0.02089
nga,2000,0.02374
nga,2001,0.20519
nga,2002,1.17557
nga,2003,2.29549
nga,2004,6.48476
nga,2005,12.8171
nga,2006,21.6815
nga,2007,26.35632
nga,2008,39.96858
nga,2009,45.98489
nga,2010,52.38615
nga,2011,55.53013
nga,2012,64.00533
nga,2013,70.28251
nga,2014,74.75128
nga,2015,79.10453
nga,2016,78.97014
nga,2017,72.36797
nga,2018,84.28401
nga,2019,88.1169
nga,2020,95.43566
nga,2021,89.29159
nga,2022,99.58522
nga,2023,98.47728
nga,2024,70.76191
nic,1960,0
nic,1965,0
nic,1970,0
nic,1975,0
nic,1976,0
nic,1977,0
nic,1978,0
nic,1979,0
nic,1980,0
nic,1981,0
nic,1982,0
nic,1983,0
nic,1984,0
nic,1985,0
nic,1986,0
nic,1987,0
nic,1988,0
nic,1989,0
nic,1990,0
nic,1991,0
nic,1992,0
nic,1993,0.00716
nic,1994,0.0472
nic,1995,0.09318
nic,1996,0.10598
nic,1997,0.15441
nic,1998,0.36807
nic,1999,0.87584
nic,2000,1.79774
nic,2001,3.23339
nic,2002,4.60684
nic,2003,8.95623
nic,2004,14.0079
nic,2005,20.95389
nic,2006,33.77503
nic,2007,45.51884
nic,2008,55.73299
nic,2009,59.12673
nic,2010,69.05937
nic,2011,82.89211
nic,2012,99.16012
nic,2013,113.78854
nic,2014,116.50654
nic,2015,118.12747
nic,2016,124.27286
nic,2017,129.50565
nic,2018,116.27241
nic,2019,89.27727
nic,2020,90.81407
nic,2021,93.81651
nic,2022,104.27848
nic,2023,105.84314
nic,2024,105.96114
nld,1960,0
nld,1965,0
nld,1970,0
nld,1975,0
nld,1976,0
nld,1977,0
nld,1978,0
nld,1979,0
nld,1980,0
nld,1981,0
nld,1982,0
nld,1983,0
nld,1985,0.03307
nld,1986,0.10485
nld,1987,0.1649
nld,1988,0.22354
nld,1989,0.3771
nld,1990,0.52862
nld,1991,0.76429
nld,1992,1.09566
nld,1993,1.41629
nld,1994,2.09128
nld,1995,3.48943
nld,1996,6.53855
nld,1997,10.98535
nld,1998,21.31328
nld,1999,42.65907
nld,2000,66.97279
nld,2001,75.38913
nld,2002,74.28759
nld,2003,80.65052
nld,2004,90.10344
nld,2005,96.16348
nld,2006,104.86332
nld,2007,116.65709
nld,2008,124.27956
nld,2009,120.76732
nld,2010,114.35652
nld,2011,117.67398
nld,2012,116.56384
nld,2013,114.73406
nld,2014,114.86728
nld,2015,121.6375
nld,2016,121.42036
nld,2017,118.57673
nld,2018,121.16216
nld,2019,124.08833
nld,2020,121.42273
nld,2021,123.44785
nld,2022,115.82056
nld,2023,125.27274
nld,2024,128.53877
nld_curacao,2009,129.0531
nld_curacao,2010,130.05182
nld_curacao,2011,130.09977
nld_curacao,2012,127.23103
nld_curacao,2013,124.76442
nld_curacao,2014,116.68939
nld_curacao,2015,114.3309
nld_curacao,2016,111.24197
nld_curacao,2017,111.07788
nld_curacao,2018,102.64727
nld_curacao,2019,97.20011
nld_curacao,2020,91.88295
nld_curacao,2021,90.66023
nld_curacao,2022,92.73247
nld_curacao,2023,93.79756
nor,1960,0
nor,1965,0
nor,1970,0
nor,1975,0
nor,1976,0
nor,1977,0
nor,1978,0
nor,1979,0
nor,1980,0
nor,1981,0.04073
nor,1982,0.26875
nor,1983,0.56855
nor,1984,0.94318
nor,1985,1.51891
nor,1986,2.08907
nor,1987,2.86668
nor,1988,3.61533
nor,1989,3.96612
nor,1990,4.64038
nor,1991,5.50045
nor,1992,6.60012
nor,1993,8.61297
nor,1994,13.56959
nor,1995,22.51044
nor,1996,28.79019
nor,1997,38.06211
nor,1998,46.75432
nor,1999,59.70227
nor,2000,71.79015
nor,2001,79.60286
nor,2002,83.51671
nor,2003,88.96218
nor,2004,98.54101
nor,2005,102.8407
nor,2006,104.4721
nor,2007,106.97896
nor,2008,109.29313
nor,2009,110.89195
nor,2010,114.52445
nor,2011,115.59628
nor,2012,115.52357
nor,2013,112.04553
nor,2014,111.69009
nor,2015,110.11835
nor,2016,109.42681
nor,2017,108.39264
nor,2018,107.70254
nor,2019,108.00527
nor,2020,108.29684
nor,2021,109.58564
nor,2022,111.6572
nor,2023,109.65423
nor,2024,109.34861
npl,1960,0
npl,1965,0
npl,1970,0
npl,1975,0
npl,1976,0
npl,1977,0
npl,1978,0
npl,1979,0
npl,1980,0
npl,1981,0
npl,1982,0
npl,1983,0
npl,1984,0
npl,1985,0
npl,1986,0
npl,1987,0
npl,1988,0
npl,1989,0
npl,1990,0
npl,1991,0
npl,1992,0
npl,1993,0
npl,1994,0
npl,1995,0
npl,1996,0
npl,1997,0
npl,1998,0
npl,1999,0.02278
npl,2000,0.04166
npl,2001,0.06929
npl,2002,0.08639
npl,2003,0.31869
npl,2004,0.44886
npl,2005,0.86401
npl,2006,4.35567
npl,2007,12.20261
npl,2008,15.5613
npl,2009,20.60086
npl,2010,33.6317
npl,2011,48.62451
npl,2012,60.31841
npl,2013,77.42766
npl,2014,83.19251
npl,2015,98.89456
npl,2016,114.89814
npl,2017,128.86389
npl,2018,139.52594
npl,2019,136.18608
npl,2020,131.92102
npl,2021,129.64542
npl,2022,121.11449
npl,2023,117.75958
npl,2024,99.84714
nru,1960,0
nru,1965,0
nru,1970,0
nru,1975,0
nru,1976,0
nru,1977,0
nru,1978,0
nru,1979,0
nru,1980,0
nru,1981,0
nru,1982,0
nru,1983,0
nru,1984,0
nru,1985,0
nru,1986,0
nru,1987,0
nru,1988,0
nru,1989,0
nru,1990,0
nru,1991,0
nru,1992,0
nru,1993,1.46685
nru,1994,4.37999
nru,1995,4.84684
nru,1996,5.7999
nru,1997,7.23729
nru,1998,8.19198
nru,1999,9.63113
nru,2000,11.80173
nru,2001,14.8075
nru,2010,61.73454
nru,2011,66.34977
nru,2012,66.23162
nru,2015,85.8134
nru,2016,88.78924
nru,2017,88.30802
nru,2019,86.30362
nru,2020,85.88852
nru,2021,85.40439
nru,2022,87.17058
nzl,1960,0
nzl,1965,0
nzl,1970,0
nzl,1975,0
nzl,1976,0
nzl,1977,0
nzl,1978,0
nzl,1979,0
nzl,1980,0
nzl,1981,0
nzl,1982,0
nzl,1983,0
nzl,1984,0
nzl,1985,0
nzl,1986,0
nzl,1987,0.07274
nzl,1988,0.30157
nzl,1989,0.86689
nzl,1990,1.5924
nzl,1991,2.07663
nzl,1992,2.83647
nzl,1993,4.02379
nzl,1994,6.60611
nzl,1995,9.93497
nzl,1996,13.21726
nzl,1997,14.99529
nzl,1998,20.73467
nzl,1999,36.38978
nzl,2000,39.97331
nzl,2001,58.79085
nzl,2002,61.98244
nzl,2003,64.61018
nzl,2004,74.12014
nzl,2005,85.36866
nzl,2006,90.92168
nzl,2007,100.6616
nzl,2008,108.40429
nzl,2009,109.19303
nzl,2010,108.3314
nzl,2011,109.97787
nzl,2012,111.56758
nzl,2013,107.00852
nzl,2014,112.75744
nzl,2015,121.36898
nzl,2016,129.38065
nzl,2017,132.98005
nzl,2018,128.9369
nzl,2019,120.47534
nzl,2020,123.00057
nzl,2021,114.45471
nzl,2022,115.98419
nzl,2023,126.85498
nzl,2024,130.09346
omn,1960,0
omn,1965,0
omn,1970,0
omn,1975,0
omn,1976,0
omn,1977,0
omn,1978,0
omn,1979,0
omn,1980,0
omn,1981,0
omn,1982,0
omn,1983,0
omn,1984,0
omn,1985,0.00347
omn,1986,0.04785
omn,1987,0.07155
omn,1988,0.10196
omn,1989,0.12049
omn,1990,0.15065
omn,1991,0.1939
omn,1992,0.23804
omn,1993,0.27103
omn,1994,0.31423
omn,1995,0.36529
omn,1996,0.67064
omn,1997,2.3558
omn,1998,4.35195
omn,1999,5.36608
omn,2000,7.14294
omn,2001,14.07431
omn,2002,19.8299
omn,2003,24.89349
omn,2004,32.96972
omn,2005,53.09007
omn,2006,70.44535
omn,2007,94.08549
omn,2008,117.02626
omn,2009,138.04959
omn,2010,151.44609
omn,2011,147.92643
omn,2012,150.87328
omn,2013,149.20891
omn,2014,153.80604
omn,2015,155.7561
omn,2016,153.29146
omn,2017,148.82163
omn,2018,139.96742
omn,2019,138.23211
omn,2020,140.3786
omn,2021,135.07697
omn,2022,136.80057
omn,2023,122.29146
omn,2024,120.61105
pak,1960,0
pak,1965,0
pak,1970,0
pak,1975,0
pak,1976,0
pak,1977,0
pak,1978,0
pak,1979,0
pak,1980,0
pak,1981,0
pak,1982,0
pak,1983,0
pak,1984,0
pak,1985,0
pak,1986,0
pak,1987,0
pak,1988,0
pak,1989,0
pak,1990,0.00173
pak,1991,0.00713
pak,1992,0.01103
pak,1993,0.01274
pak,1994,0.01908
pak,1995,0.03077
pak,1996,0.04958
pak,1997,0.09554
pak,1998,0.1348
pak,1999,0.17744
pak,2000,0.19789
pak,2001,0.46625
pak,2002,1.04063
pak,2003,1.43881
pak,2004,2.93247
pak,2005,7.27898
pak,2006,19.20416
pak,2007,34.06993
pak,2008,46.44863
pak,2009,48.53571
pak,2010,49.78233
pak,2011,53.44619
pak,2012,57.85761
pak,2013,60.51778
pak,2014,63.36184
pak,2015,57.9406
pak,2016,62.00132
pak,2017,64.73018
pak,2018,67.85677
pak,2019,71.66603
pak,2020,74.73322
pak,2021,78.80123
pak,2022,79.10505
pak,2023,76.53976
pak,2024,76.85446
pan,1960,0
pan,1965,0
pan,1970,0
pan,1975,0
pan,1976,0
pan,1977,0
pan,1978,0
pan,1979,0
pan,1980,0
pan,1981,0
pan,1982,0
pan,1983,0
pan,1984,0
pan,1985,0
pan,1986,0
pan,1987,0
pan,1988,0
pan,1989,0
pan,1990,0
pan,1991,0
pan,1992,0
pan,1993,0
pan,1994,0
pan,1995,0
pan,1996,0.25256
pan,1997,0.83006
pan,1998,2.9767
pan,1999,7.91296
pan,2000,13.63291
pan,2001,15.47924
pan,2002,16.80368
pan,2003,21.70683
pan,2004,38.75386
pan,2005,52.78377
pan,2006,64.42772
pan,2007,87.58236
pan,2008,111.84346
pan,2009,170.20299
pan,2010,183.16891
pan,2011,182.35874
pan,2012,165.28707
pan,2013,162.19875
pan,2014,177.43861
pan,2015,144.99693
pan,2016,127.61624
pan,2017,128.82587
pan,2018,137.29756
pan,2019,137.57
pan,2020,142.28308
pan,2021,147.89986
pan,2022,152.06217
pan,2023,156.58651
per,1960,0
per,1965,0
per,1970,0
per,1975,0
per,1976,0
per,1977,0
per,1978,0
per,1979,0
per,1980,0
per,1981,0
per,1982,0
per,1983,0
per,1984,0
per,1985,0
per,1986,0
per,1987,0
per,1988,0
per,1989,0
per,1990,0.00746
per,1991,0.02524
per,1992,0.0935
per,1993,0.15438
per,1994,0.21765
per,1995,0.3008
per,1996,0.80688
per,1997,1.66295
per,1998,2.87643
per,1999,3.85991
per,2000,4.78924
per,2001,6.65051
per,2002,8.45399
per,2003,10.6247
per,2004,14.69385
per,2005,19.86876
per,2006,32.19828
per,2007,54.0374
per,2008,72.9545
per,2009,85.47781
per,2010,100.10015
per,2011,110.77436
per,2012,99.45081
per,2013,99.91743
per,2014,105.85811
per,2015,112.40482
per,2016,119.65454
per,2017,124.23252
per,2018,132.15663
per,2019,122.79035
per,2020,119.8541
per,2021,129.99374
per,2022,124.11932
per,2023,121.97508
per,2024,124.62354
phl,1960,0
phl,1965,0
phl,1970,0
phl,1975,0
phl,1976,0
phl,1977,0
phl,1978,0
phl,1979,0
phl,1980,0
phl,1981,0
phl,1982,0
phl,1983,0
phl,1984,0
phl,1985,0
phl,1986,0
phl,1987,0
phl,1988,0
phl,1989,0
phl,1990,0
phl,1991,0.05489
phl,1992,0.08683
phl,1993,0.15496
phl,1994,0.25411
phl,1995,0.71315
phl,1996,1.35179
phl,1997,1.84769
phl,1998,2.3273
phl,1999,3.73772
phl,2000,8.1059
phl,2001,14.93727
phl,2002,18.51837
phl,2003,26.56565
phl,2004,38.12265
phl,2005,39.51442
phl,2006,47.89342
phl,2007,62.96426
phl,2008,73.48202
phl,2009,80.08396
phl,2010,86.31162
phl,2011,95.86883
phl,2012,101.79967
phl,2013,100.73203
phl,2014,107.2845
phl,2015,111.8932
phl,2016,112.518
phl,2017,110.96214
phl,2018,122.96046
phl,2019,151.00664
phl,2020,133.45621
phl,2021,144.42429
phl,2022,147.42893
phl,2023,117.27552
phl,2024,115.29875
plw,2002,12.60319
plw,2003,19.96032
plw,2004,19.79818
plw,2005,30.53131
plw,2006,42.59685
plw,2007,55.38804
plw,2008,61.37619
plw,2009,68.11695
plw,2010,78.88671
plw,2011,85.43534
plw,2012,96.54377
plw,2013,101.68291
plw,2014,107.89726
plw,2015,133.61283
plw,2019,134.84661
plw,2020,134.89209
plw,2021,134.96036
plw,2022,135.14274
plw,2023,135.3867
png,1960,0
png,1965,0
png,1970,0
png,1975,0
png,1976,0
png,1977,0
png,1978,0
png,1979,0
png,1980,0
png,1981,0
png,1982,0
png,1983,0
png,1984,0
png,1985,0
png,1986,0
png,1987,0
png,1988,0
png,1989,0
png,1990,0
png,1991,0
png,1992,0
png,1993,0
png,1994,0
png,1995,0
png,1996,0.04774
png,1997,0.07776
png,1998,0.10816
png,1999,0.13265
png,2000,0.15459
png,2001,0.18679
png,2002,0.25321
png,2003,0.28576
png,2004,0.76344
png,2005,1.14751
png,2006,1.48198
png,2007,4.30827
png,2008,12.16761
png,2009,19.13938
png,2010,25.00913
png,2011,30.53689
png,2012,33.52146
png,2013,36.13283
png,2014,39.40779
png,2015,40.71714
png,2016,42.20173
png,2017,43.7752
png,2018,45.7714
png,2019,47.19529
png,2020,49.0844
png,2021,48.11795
png,2022,49.19067
png,2023,34.0589
png,2024,38.76518
pol,1960,0
pol,1965,0
pol,1970,0
pol,1975,0
pol,1976,0
pol,1977,0
pol,1978,0
pol,1979,0
pol,1980,0
pol,1981,0
pol,1982,0
pol,1983,0
pol,1984,0
pol,1985,0
pol,1986,0
pol,1987,0
pol,1988,0
pol,1989,0
pol,1990,0
pol,1991,0
pol,1992,0.00574
pol,1993,0.04097
pol,1994,0.10148
pol,1995,0.1953
pol,1996,0.56482
pol,1997,2.11532
pol,1998,5.02356
pol,1999,10.31549
pol,2000,17.63549
pol,2001,26.15778
pol,2002,36.35544
pol,2003,45.54874
pol,2004,60.51227
pol,2005,76.50326
pol,2006,96.5178
pol,2007,108.85933
pol,2008,115.60816
pol,2009,117.9055
pol,2010,123.24893
pol,2011,131.27978
pol,2012,141.40974
pol,2013,148.91245
pol,2014,148.71328
pol,2015,142.52021
pol,2016,138.5187
pol,2017,131.90147
pol,2018,126.26619
pol,2019,126.59731
pol,2020,129.28849
pol,2021,132.9872
pol,2022,137.00215
pol,2023,135.1463
pol,2024,138.01616
prk,1960,0
prk,1965,0
prk,1970,0
prk,1975,0
prk,1976,0
prk,1977,0
prk,1978,0
prk,1979,0
prk,1980,0
prk,1981,0
prk,1982,0
prk,1983,0
prk,1984,0
prk,1985,0
prk,1986,0
prk,1987,0
prk,1988,0
prk,1989,0
prk,1990,0
prk,1991,0
prk,1992,0
prk,1993,0
prk,1994,0
prk,1995,0
prk,1996,0
prk,1997,0
prk,1998,0
prk,1999,0
prk,2000,0
prk,2001,0
prk,2002,0
prk,2003,0
prk,2004,0
prk,2005,0
prk,2006,0
prk,2007,0
prk,2008,0
prk,2009,0.2784
prk,2010,1.72856
prk,2011,3.9844
prk,2012,6.74289
prk,2013,9.5541
prk,2014,11.00142
prk,2015,12.66845
prk,2016,14.03204
prk,2017,14.75731
prk,2019,16.33405
prk,2020,22.95657
prk,2021,22.87236
prk,2022,24.1311
prt,1960,0
prt,1965,0
prt,1970,0
prt,1975,0
prt,1976,0
prt,1977,0
prt,1978,0
prt,1979,0
prt,1980,0
prt,1981,0
prt,1982,0
prt,1983,0
prt,1984,0
prt,1985,0
prt,1986,0
prt,1987,0
prt,1988,0
prt,1989,0.02776
prt,1990,0.06495
prt,1991,0.12617
prt,1992,0.37341
prt,1993,1.0138
prt,1994,1.73194
prt,1995,3.39107
prt,1996,6.57885
prt,1997,14.87538
prt,1998,30.20442
prt,1999,45.64927
prt,2000,64.81395
prt,2001,77.04546
prt,2002,83.26096
prt,2003,95.6808
prt,2004,100.85598
prt,2005,108.99095
prt,2006,116.1754
prt,2007,127.78646
prt,2008,132.99015
prt,2009,111.52404
prt,2010,115.42461
prt,2011,116.83749
prt,2012,113.35865
prt,2013,114.6553
prt,2014,114.31289
prt,2015,112.96424
prt,2016,111.84679
prt,2017,113.87362
prt,2018,114.85852
prt,2019,115.14556
prt,2020,114.27638
prt,2021,119.7687
prt,2022,122.80131
prt,2023,123.00151
prt,2024,124.12998
pry,1960,0
pry,1965,0
pry,1970,0
pry,1975,0
pry,1976,0
pry,1977,0
pry,1978,0
pry,1979,0
pry,1980,0
pry,1981,0
pry,1982,0
pry,1983,0
pry,1984,0
pry,1985,0
pry,1986,0
pry,1987,0
pry,1988,0
pry,1989,0
pry,1990,0
pry,1991,0
pry,1992,0.03507
pry,1993,0.07729
pry,1994,0.1704
pry,1995,0.34334
pry,1996,0.69742
pry,1997,1.74834
pry,1998,4.70239
pry,1999,8.6671
pry,2000,16.09158
pry,2001,22.16787
pry,2002,31.68436
pry,2003,33.23695
pry,2004,32.46086
pry,2005,34.63595
pry,2006,58.72398
pry,2007,84.44028
pry,2008,103.15637
pry,2009,99.07257
pry,2010,103.18731
pry,2011,112.28672
pry,2012,115.20593
pry,2013,117.89991
pry,2014,120.35427
pry,2015,120.34197
pry,2016,119.84834
pry,2017,117.82104
pry,2018,115.74996
pry,2019,119.13705
pry,2020,119.09995
pry,2021,119.31264
pry,2022,128.08806
pry,2023,126.60548
pse,1990,0
pse,1992,0
pse,1993,0
pse,1994,0
pse,2000,0.22451
pse,2001,5.42645
pse,2002,7.57298
pse,2003,7.77179
pse,2004,12.56419
pse,2005,15.95502
pse,2006,22.54536
pse,2007,27.33651
pse,2008,34.32729
pse,2009,45.90378
pse,2010,64.81545
pse,2011,70.09301
pse,2012,74.36458
pse,2013,73.92909
pse,2014,72.41022
pse,2015,78.09243
pse,2016,80.15107
pse,2017,84.25938
pse,2018,90.20553
pse,2019,86.73722
pse,2020,80.1298
pse,2021,78.16211
pse,2022,76.56664
pse,2023,76.69189
pyf,1960,0
pyf,1965,0
pyf,1970,0
pyf,1975,0
pyf,1976,0
pyf,1977,0
pyf,1978,0
pyf,1979,0
pyf,1980,0
pyf,1981,0
pyf,1982,0
pyf,1983,0
pyf,1984,0
pyf,1985,0
pyf,1986,0
pyf,1987,0
pyf,1988,0
pyf,1989,0
pyf,1990,0
pyf,1991,0
pyf,1992,0
pyf,1993,0
pyf,1994,0
pyf,1995,0.49688
pyf,1996,1.15609
pyf,1997,2.27037
pyf,1998,4.55365
pyf,1999,8.88458
pyf,2000,16.60169
pyf,2001,27.57101
pyf,2002,21.08768
pyf,2003,23.88361
pyf,2004,37.55075
pyf,2005,46.24153
pyf,2006,57.74571
pyf,2007,65.6239
pyf,2008,69.73198
pyf,2009,77.28226
pyf,2010,79.78786
pyf,2011,82.004
pyf,2012,83.34469
pyf,2013,88.5949
pyf,2014,92.30644
pyf,2015,96.56957
pyf,2016,100.3342
pyf,2017,102.76771
pyf,2018,108.16897
pyf,2019,113.96461
pyf,2020,119.98181
pyf,2021,115.41359
pyf,2022,116.86616
pyf,2023,118.77752
qat,1960,0
qat,1965,0
qat,1970,0
qat,1975,0
qat,1976,0
qat,1977,0
qat,1978,0
qat,1979,0
qat,1980,0
qat,1981,0
qat,1990,0.86285
qat,1991,0.88875
qat,1992,0.89817
qat,1993,0.88244
qat,1994,2.30346
qat,1995,3.58529
qat,1996,5.43621
qat,1997,7.89624
qat,1998,11.31779
qat,1999,13.75587
qat,2000,18.73768
qat,2001,26.24612
qat,2002,37.50016
qat,2003,50.56319
qat,2004,63.40524
qat,2005,86.83742
qat,2006,94.54602
qat,2007,104.60129
qat,2008,100.17856
qat,2009,122.86939
qat,2010,127.92007
qat,2011,127.12803
qat,2012,136.39488
qat,2013,162.8597
qat,2014,149.02018
qat,2015,154.09802
qat,2016,140.51775
qat,2017,147.35836
qat,2018,142.91109
qat,2019,140.01721
qat,2020,135.49789
qat,2021,137.70955
qat,2022,162.24854
qat,2023,157.82063
qat,2024,153.61247
rou,1960,0
rou,1965,0
rou,1970,0
rou,1975,0
rou,1976,0
rou,1977,0
rou,1978,0
rou,1979,0
rou,1980,0
rou,1981,0
rou,1982,0
rou,1983,0
rou,1984,0
rou,1985,0
rou,1986,0
rou,1987,0
rou,1988,0
rou,1989,0
rou,1990,0
rou,1991,0
rou,1992,0
rou,1993,0.00352
rou,1994,0.01226
rou,1995,0.04024
rou,1996,0.07583
rou,1997,0.90177
rou,1998,2.90146
rou,1999,6.15046
rou,2000,11.33525
rou,2001,17.54165
rou,2002,23.47537
rou,2003,32.60201
rou,2004,47.72828
rou,2005,62.95146
rou,2006,76.01827
rou,2007,97.74461
rou,2008,118.10563
rou,2009,121.98129
rou,2010,119.2214
rou,2011,115.47178
rou,2012,113.30235
rou,2013,114.19075
rou,2014,114.78265
rou,2015,116.35035
rou,2016,115.79077
rou,2017,113.76679
rou,2018,115.49213
rou,2019,116.25235
rou,2020,116.47821
rou,2021,119.12307
rou,2022,121.14194
rou,2023,123.25248
rou,2024,119.80486
rus,1960,0
rus,1965,0
rus,1970,0
rus,1975,0
rus,1976,0
rus,1977,0
rus,1978,0
rus,1979,0
rus,1980,0
rus,1981,0
rus,1982,0
rus,1983,0
rus,1984,0
rus,1985,0
rus,1986,0
rus,1987,0
rus,1988,0
rus,1989,0
rus,1990,0
rus,1991,0.0002
rus,1992,0.00405
rus,1993,0.00674
rus,1994,0.0187
rus,1995,0.05972
rus,1996,0.15066
rus,1997,0.32822
rus,1998,0.50703
rus,1999,0.93294
rus,2000,2.22413
rus,2001,5.3043
rus,2002,12.06579
rus,2003,24.78502
rus,2004,50.77984
rus,2005,82.98877
rus,2006,104.55997
rus,2007,119.00478
rus,2008,138.73847
rus,2009,159.90226
rus,2010,165.13712
rus,2011,141.45123
rus,2012,144.1982
rus,2013,150.96417
rus,2014,152.51294
rus,2015,156.41857
rus,2016,157.17398
rus,2017,155.48577
rus,2018,156.68291
rus,2019,163.6463
rus,2020,163.10111
rus,2021,169.07261
rus,2022,168.47583
rus,2023,180.84178
rus,2024,186.10379
rwa,1960,0
rwa,1965,0
rwa,1970,0
rwa,1975,0
rwa,1976,0
rwa,1977,0
rwa,1978,0
rwa,1979,0
rwa,1980,0
rwa,1981,0
rwa,1982,0
rwa,1983,0
rwa,1984,0
rwa,1985,0
rwa,1986,0
rwa,1987,0
rwa,1988,0
rwa,1989,0
rwa,1990,0
rwa,1991,0
rwa,1992,0
rwa,1993,0
rwa,1994,0
rwa,1995,0
rwa,1996,0
rwa,1997,0
rwa,1998,0.06317
rwa,1999,0.13734
rwa,2000,0.4748
rwa,2001,0.78435
rwa,2002,0.98082
rwa,2003,1.52232
rwa,2004,1.55692
rwa,2005,2.46261
rwa,2006,3.37878
rwa,2007,6.6507
rwa,2008,13.49042
rwa,2009,24.1466
rwa,2010,34.39537
rwa,2011,42.04943
rwa,2012,52.54666
rwa,2013,60.29886
rwa,2014,68.16704
rwa,2015,75.25432
rwa,2016,74.85021
rwa,2017,72.27646
rwa,2018,77.67947
rwa,2019,75.59855
rwa,2020,81.23787
rwa,2021,81.63816
rwa,2022,80.59522
rwa,2023,91.46227
rwa,2024,93.20146
sau,1990,0.09279
sau,1991,0.09205
sau,1992,0.09159
sau,1993,0.08915
sau,1994,0.08689
sau,1995,0.08475
sau,1996,0.98265
sau,1997,1.66547
sau,1998,3.0642
sau,1999,3.98211
sau,2000,8.50479
sau,2001,14.83822
sau,2002,27.96042
sau,2003,38.52831
sau,2004,46.64975
sau,2005,68.89231
sau,2006,91.80236
sau,2007,126.96532
sau,2008,154.58687
sau,2009,185.25475
sau,2010,204.96924
sau,2011,206.85181
sau,2012,195.84337
sau,2013,189.47562
sau,2014,181.85657
sau,2015,176.13403
sau,2016,156.04148
sau,2017,130.62972
sau,2018,136.04617
sau,2019,135.52615
sau,2020,139.44419
sau,2021,145.00376
sau,2022,149.79788
sau,2023,157.77539
sau,2024,159.54137
sdn,1960,0
sdn,1965,0
sdn,1970,0
sdn,1975,0
sdn,1976,0
sdn,1977,0
sdn,1978,0
sdn,1979,0
sdn,1980,0
sdn,1981,0
sdn,1982,0
sdn,1983,0
sdn,1984,0
sdn,1985,0
sdn,1986,0
sdn,1987,0
sdn,1988,0
sdn,1989,0
sdn,1990,0
sdn,1991,0
sdn,1992,0
sdn,1993,0
sdn,1994,0
sdn,1995,0
sdn,1996,0.00922
sdn,1997,0.01554
sdn,1998,0.03436
sdn,1999,0.05071
sdn,2000,0.08268
sdn,2001,0.36416
sdn,2002,0.65271
sdn,2003,1.76355
sdn,2004,3.43152
sdn,2005,5.84708
sdn,2006,14.63823
sdn,2007,25.08258
sdn,2008,35.66344
sdn,2009,44.37457
sdn,2010,51.09004
sdn,2011,69.32935
sdn,2012,74.90849
sdn,2013,73.19638
sdn,2014,71.59772
sdn,2015,69.80363
sdn,2016,67.39546
sdn,2017,67.05983
sdn,2018,68.05337
sdn,2019,72.48185
sdn,2020,75.22074
sdn,2021,71.76723
sdn,2022,70.2084
sen,1960,0
sen,1965,0
sen,1970,0
sen,1975,0
sen,1976,0
sen,1977,0
sen,1978,0
sen,1979,0
sen,1980,0
sen,1981,0
sen,1982,0
sen,1983,0
sen,1984,0
sen,1985,0
sen,1986,0
sen,1987,0
sen,1988,0
sen,1989,0
sen,1990,0
sen,1991,0
sen,1992,0
sen,1993,0
sen,1994,0.00116
sen,1995,0.00141
sen,1996,0.01597
sen,1997,0.07669
sen,1998,0.29679
sen,1999,0.92713
sen,2000,2.51048
sen,2001,2.95518
sen,2002,5.28796
sen,2003,7.29792
sen,2004,10.21633
sen,2005,15.39861
sen,2006,25.93564
sen,2007,30.84705
sen,2008,44.72696
sen,2009,55.93965
sen,2010,66.03438
sen,2011,72.17333
sen,2012,86.17746
sen,2013,95.79109
sen,2014,101.60843
sen,2015,102.509
sen,2016,101.01077
sen,2017,101.83111
sen,2018,104.0557
sen,2019,109.34189
sen,2020,113.63809
sen,2021,115.32509
sen,2022,118.15029
sen,2023,123.91157
sen,2024,123.89445
sgp,1960,0
sgp,1965,0
sgp,1970,0
sgp,1975,0
sgp,1976,0
sgp,1977,0
sgp,1978,0
sgp,1979,0
sgp,1980,0
sgp,1981,0
sgp,1982,0
sgp,1983,0
sgp,1988,0.37587
sgp,1989,0.89266
sgp,1990,1.7116
sgp,1991,2.62467
sgp,1992,3.71721
sgp,1993,5.36872
sgp,1994,6.85247
sgp,1995,8.63462
sgp,1996,11.80234
sgp,1997,22.56525
sgp,1998,28.31395
sgp,1999,41.11453
sgp,2000,68.08509
sgp,2001,72.67928
sgp,2002,79.89116
sgp,2003,86.43761
sgp,2004,95.63678
sgp,2005,102.7232
sgp,2006,108.65752
sgp,2007,128.88243
sgp,2008,133.45425
sgp,2009,138.56709
sgp,2010,145.45164
sgp,2011,150.4041
sgp,2012,152.41039
sgp,2013,156.67927
sgp,2014,148.47835
sgp,2015,149.00622
sgp,2016,151.68172
sgp,2017,149.56787
sgp,2018,152.07382
sgp,2019,159.34738
sgp,2020,150.25933
sgp,2021,157.97768
sgp,2022,173.00529
sgp,2023,173.19993
sgp,2024,170.78256
slb,1960,0
slb,1965,0
slb,1970,0
slb,1975,0
slb,1976,0
slb,1977,0
slb,1978,0
slb,1979,0
slb,1980,0
slb,1981,0
slb,1982,0
slb,1983,0
slb,1984,0
slb,1985,0
slb,1986,0
slb,1987,0
slb,1988,0
slb,1989,0
slb,1990,0
slb,1991,0
slb,1992,0
slb,1993,0
slb,1994,0.03951
slb,1995,0.0613
slb,1996,0.08729
slb,1997,0.16572
slb,1998,0.172
slb,1999,0.26072
slb,2000,0.26131
slb,2001,0.21531
slb,2002,0.21828
slb,2003,0.22739
slb,2004,0.6321
slb,2005,1.24203
slb,2006,1.42394
slb,2007,2.17932
slb,2008,5.89634
slb,2009,9.64988
slb,2010,21.67109
slb,2011,49.71055
slb,2012,52.67501
slb,2013,54.30838
slb,2014,61.06194
slb,2015,66.42196
slb,2016,62.89028
slb,2017,67.86496
slb,2018,67.97748
slb,2019,65.66202
slb,2020,63.66706
slb,2021,62.15652
slb,2022,62.0735
sle,1960,0
sle,1965,0
sle,1970,0
sle,1975,0
sle,1976,0
sle,1977,0
sle,1978,0
sle,1979,0
sle,1980,0
sle,1981,0
sle,1982,0
sle,1983,0
sle,1984,0
sle,1985,0
sle,1986,0
sle,1987,0
sle,1988,0
sle,1989,0
sle,1990,0
sle,1991,0
sle,1992,0
sle,1993,0
sle,1994,0
sle,1995,0
sle,1996,0
sle,1997,0
sle,1998,0
sle,1999,0
sle,2000,0.26992
sle,2001,0.57312
sle,2002,1.3477
sle,2003,2.18657
sle,2007,13.49717
sle,2008,17.11361
sle,2009,19.15568
sle,2010,32.14032
sle,2011,33.45727
sle,2012,33.7349
sle,2013,59.57655
sle,2014,69.17588
sle,2015,80.38189
sle,2016,87.14759
sle,2017,89.77818
sle,2018,84.12334
sle,2019,87.03844
sle,2020,87.00348
sle,2021,101.63678
sle,2022,107.882
slv,1960,0
slv,1965,0
slv,1970,0
slv,1975,0
slv,1976,0
slv,1977,0
slv,1978,0
slv,1979,0
slv,1980,0
slv,1981,0
slv,1982,0
slv,1983,0
slv,1984,0
slv,1985,0
slv,1986,0
slv,1987,0
slv,1988,0
slv,1989,0
slv,1990,0
slv,1991,0
slv,1992,0
slv,1993,0.02898
slv,1994,0.08551
slv,1995,0.23442
slv,1996,0.4014
slv,1997,0.68741
slv,1998,2.32986
slv,1999,8.63231
slv,2000,12.5119
slv,2001,14.37288
slv,2002,14.84671
slv,2003,19.16764
slv,2004,30.51922
slv,2005,40.15855
slv,2006,64.16872
slv,2007,102.12247
slv,2008,115.28215
slv,2009,125.09749
slv,2010,126.89552
slv,2011,136.55134
slv,2012,141.4628
slv,2013,146.47556
slv,2014,149.17101
slv,2015,150.94795
slv,2016,155.41961
slv,2017,152.53872
slv,2018,151.66861
slv,2019,167.08863
slv,2020,159.57533
slv,2021,176.97345
slv,2022,183.24896
slv,2023,179.70564
slv,2024,176.51742
smr,1990,0
smr,1992,3.78024
smr,1993,5.3759
smr,1994,7.74404
smr,1995,9.40288
smr,1996,9.03111
smr,1997,9.18112
smr,1998,19.15606
smr,1999,36.28238
smr,2000,54.11769
smr,2001,58.40917
smr,2002,60.96177
smr,2003,60.69748
smr,2004,60.57866
smr,2005,60.0238
smr,2006,60.08569
smr,2007,59.69436
smr,2008,82.15885
smr,2009,99.53141
smr,2010,99.87918
smr,2011,110.24589
smr,2012,107.56865
smr,2013,109.39917
smr,2014,111.48999
smr,2015,108.03221
smr,2016,107.0519
smr,2017,110.53581
smr,2018,111.50048
smr,2019,111.82293
smr,2020,112.16889
smr,2021,115.70057
smr,2022,120.26987
som,1960,0
som,1965,0
som,1970,0
som,1975,0
som,1976,0
som,1977,0
som,1978,0
som,1979,0
som,1980,0
som,1981,0
som,1982,0
som,1983,0
som,1984,0
som,1985,0
som,1986,0
som,1987,0
som,1988,0
som,1989,0
som,1990,0
som,1991,0
som,1992,0
som,1993,0
som,1994,0
som,1995,0
som,1996,0
som,1997,0
som,1998,0
som,1999,0
som,2000,0.90511
som,2001,0.92406
som,2002,1.04711
som,2003,2.01834
som,2004,4.86334
som,2005,4.69738
som,2006,5.01116
som,2007,5.29914
som,2008,5.37594
som,2009,5.35899
som,2010,5.28636
som,2011,14.57628
som,2012,18.45735
som,2013,40.27322
som,2014,41.23096
som,2015,42.26853
som,2016,46.36672
som,2017,47.72526
som,2018,49.52627
som,2019,51.31941
som,2020,53.11332
som,2021,51.20595
som,2022,49.6801
som,2023,53.95796
srb,2004,51.17181
srb,2005,73.72002
srb,2006,89.37585
srb,2007,114.29611
srb,2008,130.69462
srb,2009,135.32331
srb,2010,136.01504
srb,2011,141.04344
srb,2012,127.19918
srb,2013,128.66814
srb,2014,131.35312
srb,2015,129.38359
srb,2016,129.17749
srb,2017,123.14275
srb,2018,121.07482
srb,2019,122.04774
srb,2020,120.21686
srb,2021,125.07559
srb,2022,129.81315
srb,2023,128.47115
srb,2024,123.82219
ssd,2010,15.391
ssd,2011,17.49593
ssd,2012,21.38294
ssd,2013,25.55219
ssd,2014,25.59927
ssd,2015,26.09934
ssd,2016,24.93051
ssd,2017,27.18482
ssd,2018,18.92976
ssd,2019,21.31714
ssd,2021,30.15104
ssd,2022,48.48883
ssd,2023,46.61524
stp,1960,0
stp,1965,0
stp,1970,0
stp,1975,0
stp,1976,0
stp,1977,0
stp,1978,0
stp,1979,0
stp,1980,0
stp,1981,0
stp,1982,0
stp,1983,0
stp,1984,0
stp,1985,0
stp,1986,0
stp,1987,0
stp,1988,0
stp,1989,0
stp,1990,0
stp,1991,0
stp,1992,0
stp,1993,0
stp,1994,0
stp,1995,0
stp,1996,0
stp,1997,0
stp,1998,0
stp,1999,0
stp,2000,0
stp,2001,0
stp,2002,1.32069
stp,2003,3.133
stp,2004,4.91107
stp,2005,7.39487
stp,2006,11.12305
stp,2007,17.73659
stp,2008,29.0869
stp,2009,45.44708
stp,2010,56.50653
stp,2011,61.96532
stp,2012,64.49147
stp,2013,64.88755
stp,2014,65.30567
stp,2015,92.35113
stp,2016,87.4112
stp,2017,84.05228
stp,2018,77.36444
stp,2019,77.67911
stp,2020,80.11728
stp,2021,85.25777
stp,2022,86.77846
stp,2023,63.45405
stp,2024,62.43674
sur,1960,0
sur,1965,0
sur,1970,0
sur,1975,0
sur,1976,0
sur,1977,0
sur,1978,0
sur,1979,0
sur,1980,0
sur,1981,0
sur,1982,0
sur,1983,0
sur,1984,0
sur,1985,0
sur,1986,0
sur,1987,0
sur,1988,0
sur,1989,0
sur,1990,0
sur,1991,0
sur,1992,0
sur,1993,0.25522
sur,1994,0.324
sur,1995,0.38827
sur,1996,0.54435
sur,1997,0.49858
sur,1998,1.30092
sur,1999,3.71978
sur,2000,8.6119
sur,2001,17.88063
sur,2002,21.82314
sur,2003,33.27752
sur,2004,41.41068
sur,2005,44.82557
sur,2006,60.95273
sur,2007,71.56093
sur,2008,122.31031
sur,2009,140.5366
sur,2010,94.77072
sur,2011,95.91079
sur,2012,101.14391
sur,2013,152.64841
sur,2014,161.25192
sur,2015,129.02737
sur,2016,137.28139
sur,2017,134.04978
sur,2018,125.48018
sur,2019,134.34912
sur,2020,146.87474
sur,2021,146.65413
sur,2022,149.05226
sur,2023,157.24615
sur,2024,142.12263
svk,1960,0
svk,1965,0
svk,1970,0
svk,1975,0
svk,1976,0
svk,1977,0
svk,1978,0
svk,1979,0
svk,1980,0
svk,1981,0
svk,1982,0
svk,1983,0
svk,1984,0
svk,1985,0
svk,1986,0
svk,1987,0
svk,1988,0
svk,1989,0
svk,1990,0
svk,1991,0.00225
svk,1992,0.02899
svk,1993,0.05872
svk,1994,0.11137
svk,1995,0.23019
svk,1996,0.53483
svk,1997,3.7299
svk,1998,8.66425
svk,1999,12.3557
svk,2000,23.11777
svk,2001,39.91739
svk,2002,54.36134
svk,2003,68.42708
svk,2004,79.52258
svk,2005,84.44544
svk,2006,91.00562
svk,2007,112.85222
svk,2008,102.61982
svk,2009,102.09182
svk,2010,109.88827
svk,2011,110.8362
svk,2012,112.75877
svk,2013,114.74913
svk,2014,117.78069
svk,2015,123.15887
svk,2016,128.79249
svk,2017,130.94455
svk,2018,133.04048
svk,2019,135.75567
svk,2020,133.6329
svk,2021,135.26825
svk,2022,136.02929
svk,2023,138.23295
svk,2024,139.96768
svn,1960,0
svn,1965,0
svn,1970,0
svn,1975,0
svn,1976,0
svn,1977,0
svn,1978,0
svn,1979,0
svn,1980,0
svn,1981,0
svn,1982,0
svn,1983,0
svn,1984,0
svn,1985,0
svn,1986,0
svn,1987,0
svn,1988,0
svn,1989,0
svn,1990,0
svn,1991,0.02628
svn,1992,0.17576
svn,1993,0.32636
svn,1994,0.82011
svn,1995,1.37115
svn,1996,2.06991
svn,1997,4.70448
svn,1998,8.12793
svn,1999,31.78892
svn,2000,61.18337
svn,2001,73.88554
svn,2002,83.71447
svn,2003,87.28506
svn,2004,92.73114
svn,2005,88.09753
svn,2006,90.83717
svn,2007,95.74284
svn,2008,101.47223
svn,2009,103.18465
svn,2010,103.78253
svn,2011,105.84458
svn,2012,109.14806
svn,2013,111.04491
svn,2014,113.01909
svn,2015,114.27119
svn,2016,115.73631
svn,2017,118.46199
svn,2018,119.1534
svn,2019,120.56888
svn,2020,121.33143
svn,2021,123.36292
svn,2022,126.45918
svn,2023,129.22796
svn,2024,130.8609
swe,1960,0
swe,1965,0
swe,1970,0
swe,1975,0
swe,1976,0
swe,1977,0
swe,1978,0
swe,1979,0
swe,1980,0
swe,1981,0.24454
swe,1982,0.32654
swe,1983,0.43439
swe,1984,0.69182
swe,1985,0.87009
swe,1986,1.3386
swe,1987,2.05025
swe,1988,2.86958
swe,1989,4.10348
swe,1990,5.39516
swe,1991,6.61146
swe,1992,7.59235
swe,1993,8.91931
swe,1994,15.83087
swe,1995,22.92631
swe,1996,28.36494
swe,1997,35.97919
swe,1998,46.54175
swe,1999,57.92826
swe,2000,71.82402
swe,2001,80.68775
swe,2002,89.06396
swe,2003,98.24265
swe,2004,97.67831
swe,2005,100.82205
swe,2006,105.79671
swe,2007,110.58755
swe,2008,108.61289
swe,2009,112.27328
swe,2010,117.21193
swe,2011,121.21852
swe,2012,124.4652
swe,2013,125.14158
swe,2014,126.98002
swe,2015,128.97445
swe,2016,126.40163
swe,2017,124.4729
swe,2018,124.08628
swe,2019,125.45673
swe,2020,123.54866
swe,2021,124.96149
swe,2022,140.78166
swe,2023,140.26569
swe,2024,140.68667
swz,1960,0
swz,1965,0
swz,1970,0
swz,1975,0
swz,1976,0
swz,1977,0
swz,1978,0
swz,1979,0
swz,1980,0
swz,1981,0
swz,1982,0
swz,1983,0
swz,1984,0
swz,1985,0
swz,1986,0
swz,1987,0
swz,1988,0
swz,1989,0
swz,1990,0
swz,1991,0
swz,1992,0
swz,1993,0
swz,1994,0
swz,1995,0
swz,1996,0
swz,1997,0
swz,1998,0.46759
swz,1999,1.37475
swz,2000,3.16877
swz,2001,5.23279
swz,2002,6.41848
swz,2003,7.9685
swz,2004,13.51151
swz,2005,18.5353
swz,2006,23.05346
swz,2007,34.83985
swz,2008,48.4152
swz,2009,60.12127
swz,2010,65.29051
swz,2011,68.57375
swz,2012,71.62795
swz,2013,79.02725
swz,2014,80.68299
swz,2015,82.34068
swz,2016,86.55885
swz,2017,88.71304
swz,2018,89.20037
swz,2019,91.05193
swz,2020,104.74726
swz,2021,118.62749
swz,2022,121.4917
swz,2023,128.39921
swz,2024,139.83346
sxm,2012,196.55655
sxm,2022,205.3727
syc,1960,0
syc,1965,0
syc,1970,0
syc,1975,0
syc,1976,0
syc,1977,0
syc,1978,0
syc,1979,0
syc,1980,0
syc,1981,0
syc,1982,0
syc,1983,0
syc,1984,0
syc,1985,0
syc,1986,0
syc,1987,0
syc,1988,0
syc,1989,0
syc,1990,0
syc,1991,0
syc,1992,0
syc,1993,0
syc,1994,0
syc,1995,0.0669
syc,1996,1.38054
syc,1997,2.93607
syc,1998,6.68263
syc,1999,20.69692
syc,2000,31.15893
syc,2001,43.35745
syc,2002,52.09942
syc,2003,56.56295
syc,2004,61.67362
syc,2005,65.87727
syc,2006,77.83298
syc,2007,84.48638
syc,2008,101.00381
syc,2009,118.19968
syc,2010,123.81359
syc,2011,130.477
syc,2012,137.10658
syc,2013,133.98568
syc,2014,144.60604
syc,2015,138.24862
syc,2016,138.27683
syc,2017,148.79166
syc,2018,155.55111
syc,2019,164.61708
syc,2020,152.54508
syc,2021,149.47921
syc,2022,163.42952
syc,2023,129.24401
syc,2024,125.61686
syr,1960,0
syr,1965,0
syr,1970,0
syr,1975,0
syr,1976,0
syr,1977,0
syr,1978,0
syr,1979,0
syr,1980,0
syr,1981,0
syr,1982,0
syr,1983,0
syr,1984,0
syr,1985,0
syr,1986,0
syr,1987,0
syr,1988,0
syr,1989,0
syr,1990,0
syr,1991,0
syr,1992,0
syr,1993,0
syr,1994,0
syr,1995,0
syr,1996,0
syr,1997,0
syr,1998,0
syr,1999,0.02516
syr,2000,0.18031
syr,2001,1.17293
syr,2002,2.28986
syr,2003,6.62407
syr,2004,12.79389
syr,2005,15.67974
syr,2006,23.80707
syr,2007,29.85369
syr,2008,32.61219
syr,2009,45.60165
syr,2010,52.02287
syr,2011,56.46011
syr,2012,57.03047
syr,2013,56.72773
syr,2014,69.25118
syr,2015,73.68109
syr,2016,69.55286
syr,2017,80.03259
syr,2018,87.49521
syr,2019,87.12973
syr,2020,79.14824
syr,2021,78.55583
syr,2022,78.65678
syr,2023,72.44059
syr,2024,71.22314
tca,1960,0
tca,1965,0
tca,1970,0
tca,1975,0
tca,1976,0
tca,1977,0
tca,1978,0
tca,1979,0
tca,1980,0
tca,1981,0
tca,1982,0
tca,1983,0
tca,1984,0
tca,1985,0
tca,1986,0
tca,1987,0
tca,1988,0
tca,1989,0
tca,1990,0
tca,1991,0
tca,1992,0
tca,1993,0
tca,1994,0
tca,1995,0
tca,1996,0
tca,2002,43.94815
tca,2003,89.11032
tca,2004,109.75236
tcd,1960,0
tcd,1965,0
tcd,1970,0
tcd,1975,0
tcd,1976,0
tcd,1977,0
tcd,1978,0
tcd,1979,0
tcd,1980,0
tcd,1981,0
tcd,1982,0
tcd,1983,0
tcd,1984,0
tcd,1985,0
tcd,1986,0
tcd,1987,0
tcd,1988,0
tcd,1989,0
tcd,1990,0
tcd,1991,0
tcd,1992,0
tcd,1993,0
tcd,1994,0
tcd,1995,0
tcd,1996,0
tcd,1997,0
tcd,1998,0
tcd,1999,0
tcd,2000,0.06461
tcd,2001,0.24988
tcd,2002,0.37516
tcd,2003,0.68509
tcd,2004,1.23991
tcd,2005,2.03329
tcd,2006,4.35335
tcd,2007,8.28717
tcd,2008,13.94178
tcd,2009,19.18082
tcd,2010,23.35258
tcd,2011,28.73902
tcd,2012,33.32286
tcd,2013,33.31544
tcd,2014,37.01233
tcd,2015,37.31525
tcd,2016,36.95558
tcd,2017,40.76489
tcd,2018,43.22791
tcd,2019,45.93789
tcd,2020,50.43433
tcd,2021,58.03232
tcd,2022,65.43778
tcd,2023,70.1874
tcd,2024,72.92898
tgo,1960,0
tgo,1965,0
tgo,1970,0
tgo,1975,0
tgo,1976,0
tgo,1977,0
tgo,1978,0
tgo,1979,0
tgo,1980,0
tgo,1981,0
tgo,1982,0
tgo,1983,0
tgo,1984,0
tgo,1985,0
tgo,1986,0
tgo,1987,0
tgo,1988,0
tgo,1989,0
tgo,1990,0
tgo,1991,0
tgo,1992,0
tgo,1993,0
tgo,1994,0
tgo,1995,0
tgo,1996,0
tgo,1997,0.06521
tgo,1998,0.15862
tgo,1999,0.34922
tgo,2000,0.97276
tgo,2001,1.80013
tgo,2002,3.05061
tgo,2003,4.38771
tgo,2004,5.83805
tgo,2005,7.41937
tgo,2006,11.77906
tgo,2007,19.23486
tgo,2008,24.33016
tgo,2009,33.38491
tgo,2010,38.65203
tgo,2011,38.96978
tgo,2012,46.64642
tgo,2013,58.51386
tgo,2014,60.43686
tgo,2015,63.35746
tgo,2016,70.05881
tgo,2017,75.33573
tgo,2018,74.39971
tgo,2019,73.72247
tgo,2020,75.16402
tgo,2021,70.44967
tgo,2022,72.21475
tgo,2023,75.79068
tgo,2024,80.80356
tha,1960,0
tha,1965,0
tha,1970,0
tha,1975,0
tha,1976,0
tha,1977,0
tha,1978,0
tha,1979,0
tha,1980,0
tha,1981,0
tha,1982,0
tha,1983,0
tha,1984,0
tha,1985,0
tha,1986,0.00159
tha,1987,0.01121
tha,1988,0.03288
tha,1989,0.07351
tha,1990,0.11448
tha,1991,0.22023
tha,1992,0.44009
tha,1993,0.71579
tha,1994,1.25795
tha,1995,2.18398
tha,1996,3.0636
tha,1997,3.6136
tha,1998,3.2018
tha,1999,3.74648
tha,2000,4.85019
tha,2001,11.86153
tha,2002,27.15242
tha,2003,33.32437
tha,2004,41.19894
tha,2005,46.1397
tha,2006,60.2777
tha,2007,78.94501
tha,2008,91.44827
tha,2009,96.81631
tha,2010,104.58862
tha,2011,112.2332
tha,2012,122.43199
tha,2013,134.36731
tha,2014,138.28115
tha,2015,145.93258
tha,2016,168.88127
tha,2017,170.7837
tha,2018,175.266
tha,2019,181.22187
tha,2020,162.32774
tha,2021,168.48529
tha,2022,176.22279
tha,2023,168.64281
tha,2024,160.63931
tjk,1960,0
tjk,1965,0
tjk,1970,0
tjk,1975,0
tjk,1976,0
tjk,1977,0
tjk,1978,0
tjk,1979,0
tjk,1980,0
tjk,1981,0
tjk,1982,0
tjk,1983,0
tjk,1984,0
tjk,1985,0
tjk,1986,0
tjk,1987,0
tjk,1988,0
tjk,1989,0
tjk,1990,0
tjk,1991,0
tjk,1992,0
tjk,1993,0
tjk,1994,0
tjk,1995,0
tjk,1996,0.00169
tjk,1997,0.00523
tjk,1998,0.00682
tjk,1999,0.0101
tjk,2000,0.01846
tjk,2001,0.02544
tjk,2002,0.20209
tjk,2003,0.71512
tjk,2004,1.98806
tjk,2005,3.82687
tjk,2006,30.46376
tjk,2007,29.64455
tjk,2008,50.05885
tjk,2009,65.41855
tjk,2010,77.63634
tjk,2011,80.82011
tjk,2012,81.4566
tjk,2013,91.72877
tjk,2014,94.93859
tjk,2015,98.20867
tjk,2016,106.02742
tjk,2017,109.00351
tjk,2018,107.44216
tjk,2019,115.37292
tjk,2020,62.28262
tjk,2021,64.08747
tjk,2022,63.84421
tjk,2023,76.21589
tkm,1960,0
tkm,1965,0
tkm,1970,0
tkm,1975,0
tkm,1976,0
tkm,1977,0
tkm,1978,0
tkm,1979,0
tkm,1980,0
tkm,1981,0
tkm,1982,0
tkm,1983,0
tkm,1984,0
tkm,1985,0
tkm,1986,0
tkm,1987,0
tkm,1988,0
tkm,1989,0
tkm,1990,0
tkm,1991,0
tkm,1992,0
tkm,1993,0
tkm,1994,0
tkm,1995,0
tkm,1996,0
tkm,1997,0.05729
tkm,1998,0.0677
tkm,1999,0.08887
tkm,2000,0.16366
tkm,2001,0.17481
tkm,2002,0.17136
tkm,2003,0.18888
tkm,2004,1.01047
tkm,2005,2.07828
tkm,2006,4.2134
tkm,2007,7.27816
tkm,2008,21.23749
tkm,2009,39.12417
tkm,2010,57.4662
tkm,2011,93.25376
tkm,2012,101.57447
tkm,2013,103.13097
tkm,2014,118.6134
tkm,2015,126.16297
tkm,2016,134.82617
tkm,2018,87.77297
tkm,2019,88.20994
tkm,2020,88.70295
tkm,2021,88.19294
tls,1990,0
tls,2003,2.18764
tls,2004,2.76856
tls,2005,3.48746
tls,2006,5.02766
tls,2007,7.78345
tls,2008,12.10756
tls,2009,33.14101
tls,2010,43.60922
tls,2011,55.3186
tls,2012,54.7192
tls,2013,56.09759
tls,2014,116.40118
tls,2015,114.23397
tls,2016,121.47761
tls,2017,124.36049
tls,2018,115.08936
tls,2019,109.55544
tls,2020,103.91101
tls,2021,102.66884
tls,2022,108.15836
tls,2023,112.64724
tls,2024,116.38239
ton,1960,0
ton,1965,0
ton,1970,0
ton,1975,0
ton,1976,0
ton,1977,0
ton,1978,0
ton,1979,0
ton,1980,0
ton,1981,0
ton,1982,0
ton,1983,0
ton,1984,0
ton,1985,0
ton,1986,0
ton,1987,0
ton,1988,0
ton,1989,0
ton,1990,0
ton,1991,0
ton,1992,0
ton,1993,0
ton,1994,0
ton,1995,0.30007
ton,1996,0.30141
ton,1997,0.11922
ton,1998,0.12828
ton,1999,0.13728
ton,2000,0.17531
ton,2001,0.22849
ton,2002,3.22891
ton,2003,10.7214
ton,2004,15.60849
ton,2005,28.26887
ton,2006,28.2825
ton,2007,43.59294
ton,2008,47.16128
ton,2009,49.43891
ton,2010,50.55866
ton,2011,51.1295
ton,2012,52.11241
ton,2013,53.69917
ton,2014,63.78448
ton,2015,69.27094
ton,2016,75.81214
ton,2017,102.45074
ton,2018,102.24597
ton,2019,58.7722
ton,2020,58.65436
ton,2021,60.98019
ton,2022,61.72579
tto,1960,0
tto,1965,0
tto,1970,0
tto,1975,0
tto,1976,0
tto,1977,0
tto,1978,0
tto,1979,0
tto,1980,0
tto,1981,0
tto,1982,0
tto,1983,0
tto,1984,0
tto,1985,0
tto,1986,0
tto,1987,0
tto,1988,0
tto,1989,0
tto,1990,0
tto,1991,0.03338
tto,1992,0.09934
tto,1993,0.12976
tto,1994,0.19971
tto,1995,0.48577
tto,1996,0.72588
tto,1997,1.30029
tto,1998,1.98908
tto,1999,2.91313
tto,2000,12.26422
tto,2001,19.32049
tto,2002,19.72746
tto,2003,25.1251
tto,2004,48.40186
tto,2005,68.34887
tto,2006,111.78349
tto,2007,110.57752
tto,2008,131.63334
tto,2009,133.8847
tto,2010,136.60509
tto,2011,130.91199
tto,2012,134.18371
tto,2013,137.60442
tto,2014,139.36548
tto,2015,148.57206
tto,2016,150.71731
tto,2017,140.50313
tto,2018,134.14287
tto,2019,145.71579
tto,2020,134.23118
tto,2021,134.22156
tto,2022,133.63199
tto,2023,134.23056
tto,2024,118.78667
tun,1960,0
tun,1965,0
tun,1970,0
tun,1975,0
tun,1976,0
tun,1977,0
tun,1978,0
tun,1979,0
tun,1980,0
tun,1981,0
tun,1982,0
tun,1983,0
tun,1984,0
tun,1987,0.00284
tun,1988,0.00497
tun,1989,0.0077
tun,1990,0.01129
tun,1991,0.01437
tun,1992,0.02243
tun,1993,0.02528
tun,1994,0.02963
tun,1995,0.03427
tun,1996,0.06892
tun,1997,0.0801
tun,1998,0.40299
tun,1999,0.56454
tun,2000,1.22034
tun,2001,3.94347
tun,2002,5.75975
tun,2003,19.03892
tun,2004,36.74636
tun,2005,55.39215
tun,2006,70.93327
tun,2007,75.10863
tun,2008,81.59406
tun,2009,91.98497
tun,2010,103.2345
tun,2011,113.79401
tun,2012,116.66032
tun,2013,114.10065
tun,2014,126.69211
tun,2015,128.00857
tun,2016,123.88309
tun,2017,123.03405
tun,2018,125.53293
tun,2019,124.38692
tun,2020,124.04198
tun,2021,129.84608
tun,2022,131.87537
tun,2023,132.65368
tun,2024,117.60682
tur,1960,0
tur,1965,0
tur,1970,0
tur,1975,0
tur,1976,0
tur,1977,0
tur,1978,0
tur,1979,0
tur,1980,0
tur,1981,0
tur,1982,0
tur,1983,0
tur,1984,0
tur,1985,0
tur,1986,0.00073
tur,1987,0.00995
tur,1988,0.01883
tur,1989,0.02928
tur,1990,0.05855
tur,1991,0.08646
tur,1992,0.10905
tur,1993,0.14693
tur,1994,0.29974
tur,1995,0.73708
tur,1996,1.33735
tur,1997,2.62708
tur,1998,5.63304
tur,1999,12.85343
tur,2000,24.65903
tur,2001,29.54617
tur,2002,34.78529
tur,2003,41.11282
tur,2004,50.59954
tur,2005,62.90097
tur,2006,75.18372
tur,2007,87.59759
tur,2008,91.9815
tur,2009,86.63449
tur,2010,84.21589
tur,2011,88.01666
tur,2012,90.00408
tur,2013,91.17584
tur,2014,92.12194
tur,2015,92.03271
tur,2016,91.9287
tur,2017,93.64076
tur,2018,94.90858
tur,2019,94.64981
tur,2020,95.39609
tur,2021,99.54154
tur,2022,103.72059
tur,2023,105.68403
tur,2024,107.82688
tuv,1960,0
tuv,1965,0
tuv,1970,0
tuv,1975,0
tuv,1976,0
tuv,1977,0
tuv,1978,0
tuv,1979,0
tuv,1980,0
tuv,1981,0
tuv,1982,0
tuv,1983,0
tuv,1984,0
tuv,1985,0
tuv,1986,0
tuv,1987,0
tuv,1988,0
tuv,1989,0
tuv,1990,0
tuv,1991,0
tuv,1992,0
tuv,1993,0
tuv,1994,0
tuv,1995,0
tuv,1996,0
tuv,1997,0
tuv,1998,0
tuv,1999,0
tuv,2000,0
tuv,2001,0
tuv,2002,0
tuv,2003,0
tuv,2004,5.09372
tuv,2005,13.07847
tuv,2006,15.9109
tuv,2007,17.67826
tuv,2009,9.55932
tuv,2010,15.07443
tuv,2011,19.75881
tuv,2012,25.60819
tuv,2013,30.90628
tuv,2014,34.59578
tuv,2015,60.2025
tuv,2016,69.53339
tuv,2017,73.60383
tuv,2018,79.06241
tuv,2019,85.05812
tuv,2020,86.54678
tuv,2021,88.28723
tuv,2022,98.85909
tza,1960,0
tza,1965,0
tza,1970,0
tza,1975,0
tza,1976,0
tza,1977,0
tza,1978,0
tza,1979,0
tza,1980,0
tza,1981,0
tza,1982,0
tza,1983,0
tza,1984,0
tza,1985,0
tza,1986,0
tza,1987,0
tza,1988,0
tza,1989,0
tza,1990,0
tza,1991,0
tza,1992,0
tza,1993,0
tza,1994,0.00125
tza,1995,0.01145
tza,1996,0.02902
tza,1997,0.06355
tza,1998,0.11629
tza,1999,0.15209
tza,2000,0.32258
tza,2001,0.78288
tza,2002,1.68006
tza,2003,3.49964
tza,2004,5.09582
tza,2005,7.56468
tza,2006,13.91988
tza,2007,19.91528
tza,2008,30.55337
tza,2009,40.03642
tza,2010,46.8824
tza,2011,55.76104
tza,2012,57.45585
tza,2013,56.2075
tza,2014,63.28044
tza,2015,76.24926
tza,2016,74.39837
tza,2017,71.79117
tza,2018,75.73019
tza,2019,80.58356
tza,2020,84.00506
tza,2021,86.01628
tza,2022,93.01597
tza,2023,105.40028
tza,2024,126.55916
uga,1960,0
uga,1965,0
uga,1970,0
uga,1975,0
uga,1976,0
uga,1977,0
uga,1978,0
uga,1979,0
uga,1980,0
uga,1981,0
uga,1982,0
uga,1983,0
uga,1984,0
uga,1985,0
uga,1986,0
uga,1987,0
uga,1988,0
uga,1989,0
uga,1990,0
uga,1991,0
uga,1992,0
uga,1993,0
uga,1994,0
uga,1995,0.00845
uga,1996,0.01882
uga,1997,0.02286
uga,1998,0.13311
uga,1999,0.2421
uga,2000,0.5288
uga,2001,1.14574
uga,2002,1.54041
uga,2003,2.94538
uga,2004,4.29039
uga,2005,4.70367
uga,2006,6.97652
uga,2007,14.1477
uga,2008,28.01241
uga,2009,29.8359
uga,2010,39.60465
uga,2011,50.05912
uga,2012,47.63427
uga,2013,51.13232
uga,2014,55.95725
uga,2015,53.87555
uga,2016,58.86336
uga,2017,62.09681
uga,2018,58.87536
uga,2019,59.05981
uga,2020,62.28241
uga,2021,65.62207
uga,2022,70.14011
uga,2023,76.29668
uga,2024,83.16503
ukr,1960,0
ukr,1965,0
ukr,1970,0
ukr,1975,0
ukr,1976,0
ukr,1977,0
ukr,1978,0
ukr,1979,0
ukr,1980,0
ukr,1981,0
ukr,1982,0
ukr,1983,0
ukr,1984,0
ukr,1985,0
ukr,1986,0
ukr,1987,0
ukr,1988,0
ukr,1989,0
ukr,1990,0
ukr,1991,0
ukr,1992,0
ukr,1993,0.00013
ukr,1994,0.00978
ukr,1995,0.0275
ukr,1996,0.05931
ukr,1997,0.11397
ukr,1998,0.23217
ukr,1999,0.43937
ukr,2000,1.67593
ukr,2001,4.59601
ukr,2002,7.6964
ukr,2003,13.65773
ukr,2004,29.08974
ukr,2005,64.00536
ukr,2006,105.27679
ukr,2007,119.08761
ukr,2008,120.55809
ukr,2009,119.45642
ukr,2010,117.76782
ukr,2011,121.94161
ukr,2012,130.85902
ukr,2013,138.44112
ukr,2014,144.27885
ukr,2015,142.00304
ukr,2016,133.16895
ukr,2017,131.35651
ukr,2018,127.75386
ukr,2019,130.62944
ukr,2020,129.34123
ukr,2021,135.02569
ukr,2022,120.26114
ukr,2023,133.38013
ury,1960,0
ury,1965,0
ury,1970,0
ury,1975,0
ury,1976,0
ury,1977,0
ury,1978,0
ury,1979,0
ury,1980,0
ury,1981,0
ury,1982,0
ury,1983,0
ury,1984,0
ury,1985,0
ury,1986,0
ury,1987,0
ury,1988,0
ury,1989,0
ury,1990,0
ury,1991,0
ury,1992,0.05428
ury,1993,0.15666
ury,1994,0.21395
ury,1995,1.24377
ury,1996,2.43601
ury,1997,3.05802
ury,1998,4.63854
ury,1999,9.73268
ury,2000,12.57689
ury,2001,15.88122
ury,2002,15.66175
ury,2003,15.16311
ury,2004,18.26808
ury,2005,35.14922
ury,2006,70.83164
ury,2007,91.17401
ury,2008,106.22738
ury,2009,124.2129
ury,2010,133.70653
ury,2011,143.00196
ury,2012,149.77087
ury,2013,157.47134
ury,2014,163.78269
ury,2015,153.36841
ury,2016,151.41484
ury,2017,150.44008
ury,2018,131.36333
ury,2019,133.23672
ury,2020,133.9017
ury,2021,138.11299
ury,2022,139.8288
ury,2023,141.71949
ury,2024,145.50176
usa,1960,0
usa,1965,0
usa,1970,0
usa,1975,0
usa,1976,0
usa,1977,0
usa,1978,0
usa,1979,0
usa,1980,0
usa,1984,0.03935
usa,1985,0.14468
usa,1986,0.28707
usa,1987,0.51317
usa,1988,0.85413
usa,1989,1.43249
usa,1990,2.12955
usa,1991,3.00411
usa,1992,4.3236
usa,1993,6.18652
usa,1994,9.202
usa,1995,12.71761
usa,1996,16.37381
usa,1997,20.30588
usa,1998,25.09084
usa,1999,30.82116
usa,2000,38.89314
usa,2001,45.20197
usa,2002,49.39315
usa,2003,55.40963
usa,2004,63.12421
usa,2005,68.8835
usa,2006,76.85865
usa,2007,82.59227
usa,2008,85.68047
usa,2009,89.04614
usa,2010,91.65931
usa,2011,94.68296
usa,2012,96.12843
usa,2013,97.05953
usa,2014,99.83957
usa,2015,101.83196
usa,2016,102.75186
usa,2017,102.38056
usa,2018,103.93531
usa,2019,105.32074
usa,2020,103.85517
usa,2021,106.32451
usa,2022,108.78564
usa,2023,112.41091
usa,2024,113.19048
uzb,1960,0
uzb,1965,0
uzb,1970,0
uzb,1975,0
uzb,1976,0
uzb,1977,0
uzb,1978,0
uzb,1979,0
uzb,1980,0
uzb,1981,0
uzb,1982,0
uzb,1983,0
uzb,1984,0
uzb,1985,0
uzb,1986,0
uzb,1987,0
uzb,1988,0
uzb,1989,0
uzb,1990,0
uzb,1991,0
uzb,1992,0
uzb,1993,0.00226
uzb,1994,0.004
uzb,1995,0.0162
uzb,1996,0.04053
uzb,1997,0.07217
uzb,1998,0.11059
uzb,1999,0.16416
uzb,2000,0.21434
uzb,2001,0.51021
uzb,2002,0.73583
uzb,2003,1.24776
uzb,2004,2.09033
uzb,2005,2.73172
uzb,2006,9.47736
uzb,2007,21.0203
uzb,2008,45.00955
uzb,2009,58.76274
uzb,2010,73.81232
uzb,2011,88.26845
uzb,2012,69.28493
uzb,2013,72.33196
uzb,2014,71.59847
uzb,2015,70.84151
uzb,2016,74.36698
uzb,2017,76.26049
uzb,2018,71.74437
uzb,2019,101.25983
uzb,2020,99.40639
uzb,2021,102.41009
uzb,2022,105.47164
uzb,2023,106.88485
uzb,2024,110.49202
vct,1960,0
vct,1965,0
vct,1970,0
vct,1975,0
vct,1976,0
vct,1977,0
vct,1978,0
vct,1979,0
vct,1980,0
vct,1981,0
vct,1982,0
vct,1983,0
vct,1984,0
vct,1985,0
vct,1986,0
vct,1987,0
vct,1988,0
vct,1989,0
vct,1990,0
vct,1992,0.06183
vct,1993,0.07305
vct,1994,0.13164
vct,1995,0.18831
vct,1996,0.24499
vct,1997,0.30278
vct,1998,0.65695
vct,1999,1.24568
vct,2000,2.07935
vct,2001,6.60082
vct,2002,8.80659
vct,2003,55.60407
vct,2004,63.80999
vct,2005,62.80124
vct,2006,78.23486
vct,2007,99.06752
vct,2008,117.17585
vct,2009,109.5975
vct,2010,119.85467
vct,2011,120.53974
vct,2012,116.78929
vct,2013,115.94581
vct,2014,106.95773
vct,2015,105.99383
vct,2016,105.92389
vct,2017,109.63535
vct,2018,107.1641
vct,2019,92.51778
vct,2020,96.94376
vct,2021,95.51735
vct,2022,102.33424
vct,2023,101.63142
vct,2024,108.35454
ven,1960,0
ven,1965,0
ven,1970,0
ven,1975,0
ven,1976,0
ven,1977,0
ven,1978,0
ven,1979,0
ven,1980,0
ven,1981,0
ven,1982,0
ven,1983,0
ven,1984,0
ven,1985,0
ven,1986,0
ven,1987,0
ven,1988,0.00957
ven,1989,0.01912
ven,1990,0.03758
ven,1991,0.08207
ven,1992,0.37951
ven,1993,0.86246
ven,1994,1.47407
ven,1995,1.82655
ven,1996,2.57707
ven,1997,4.65284
ven,1998,8.55077
ven,1999,15.79147
ven,2000,22.20914
ven,2001,25.91115
ven,2002,25.71937
ven,2003,27.09304
ven,2004,31.96929
ven,2005,46.65054
ven,2006,69.01628
ven,2007,86.15075
ven,2008,97.72109
ven,2009,98.8933
ven,2010,96.762
ven,2011,98.61843
ven,2012,103.43525
ven,2013,103.28923
ven,2014,100.90547
ven,2015,95.15779
ven,2016,89.71314
ven,2017,80.13554
ven,2018,69.54996
ven,2019,63.84744
ven,2020,58.16257
ven,2021,60.23449
ven,2022,66.46677
ven,2023,70.21973
ven,2024,71.00759
vgb,1960,0
vgb,1965,0
vgb,1970,0
vgb,1975,0
vgb,1976,0
vgb,1977,0
vgb,1978,0
vgb,1979,0
vgb,1980,0
vgb,1981,0
vgb,1982,0
vgb,1983,0
vgb,1984,0
vgb,1985,0
vgb,1990,0
vgb,1996,6.62252
vgb,2002,37.33084
vgb,2007,81.6053
vgb,2008,87.49239
vgb,2009,172.79374
vgb,2010,171.72177
vgb,2011,162.30233
vgb,2012,160.49761
vgb,2013,168.45724
vgb,2014,166.14283
vgb,2015,165.79222
vgb,2016,117.15272
vgb,2017,134.69219
vgb,2018,115.28407
vgb,2019,108.62481
vgb,2020,94.68965
vgb,2021,99.55566
vgb,2022,92.89125
vgb,2023,90.82468
vgb,2024,93.13167
vnm,1960,0
vnm,1965,0
vnm,1970,0
vnm,1975,0
vnm,1976,0
vnm,1977,0
vnm,1978,0
vnm,1979,0
vnm,1980,0
vnm,1981,0
vnm,1982,0
vnm,1983,0
vnm,1984,0
vnm,1985,0
vnm,1986,0
vnm,1987,0
vnm,1988,0
vnm,1989,0
vnm,1990,0
vnm,1991,0
vnm,1992,0.00115
vnm,1993,0.0057
vnm,1994,0.01724
vnm,1995,0.03186
vnm,1996,0.09195
vnm,1997,0.21096
vnm,1998,0.28874
vnm,1999,0.42071
vnm,2000,1.02206
vnm,2001,1.60473
vnm,2002,2.41505
vnm,2003,3.44629
vnm,2004,6.17384
vnm,2005,11.83056
vnm,2006,22.99253
vnm,2007,53.83502
vnm,2008,87.90328
vnm,2009,113.60625
vnm,2010,127.57419
vnm,2011,143.91372
vnm,2012,147.10446
vnm,2013,136.61402
vnm,2014,148.50431
vnm,2015,129.62706
vnm,2016,128.29796
vnm,2017,126.09791
vnm,2018,146.13784
vnm,2019,140.19256
vnm,2020,141.65556
vnm,2021,136.80631
vnm,2022,137.85242
vnm,2023,130.99143
vnm,2024,127.60647
vut,1960,0
vut,1965,0
vut,1970,0
vut,1975,0
vut,1976,0
vut,1977,0
vut,1978,0
vut,1979,0
vut,1980,0
vut,1981,0
vut,1982,0
vut,1983,0
vut,1984,0
vut,1985,0
vut,1986,0
vut,1987,0
vut,1988,0
vut,1989,0
vut,1990,0
vut,1991,0
vut,1992,0
vut,1993,0
vut,1994,0.03842
vut,1995,0.07092
vut,1996,0.08814
vut,1997,0.11573
vut,1998,0.12016
vut,1999,0.16006
vut,2000,0.19594
vut,2001,0.18322
vut,2002,2.50175
vut,2003,3.88551
vut,2004,5.10619
vut,2005,6.02202
vut,2006,6.94692
vut,2007,11.75003
vut,2008,15.8663
vut,2009,56.5812
vut,2010,71.32694
vut,2011,56.25077
vut,2012,58.69585
vut,2013,50.00118
vut,2014,59.96426
vut,2015,65.69611
vut,2016,80.34305
vut,2017,81.87083
vut,2018,88.14025
vut,2019,90.83309
vut,2020,82.39097
vut,2021,81.69145
vut,2022,81.62027
vut,2023,89.29431
wsm,1960,0
wsm,1965,0
wsm,1970,0
wsm,1975,0
wsm,1976,0
wsm,1977,0
wsm,1978,0
wsm,1979,0
wsm,1980,0
wsm,1981,0
wsm,1982,0
wsm,1983,0
wsm,1984,0
wsm,1985,0
wsm,1986,0
wsm,1987,0
wsm,1988,0
wsm,1989,0
wsm,1990,0
wsm,1991,0
wsm,1992,0
wsm,1993,0
wsm,1994,0
wsm,1995,0
wsm,1996,0
wsm,1997,0.42903
wsm,1998,0.82047
wsm,1999,1.33472
wsm,2000,1.37601
wsm,2001,1.36488
wsm,2002,1.46364
wsm,2003,5.66251
wsm,2004,8.59065
wsm,2005,12.83573
wsm,2006,24.23965
wsm,2007,45.56219
wsm,2010,46.62657
wsm,2012,51.04479
wsm,2013,50.37979
wsm,2014,53.25215
wsm,2015,59.72634
wsm,2016,74.20577
wsm,2017,60.46832
wsm,2018,48.17373
wsm,2019,40.04195
wsm,2020,32.55577
wsm,2021,32.27632
wsm,2022,62.39867
yem,1960,0
yem,1965,0
yem,1970,0
yem,1975,0
yem,1976,0
yem,1977,0
yem,1978,0
yem,1979,0
yem,1980,0
yem,1981,0
yem,1982,0
yem,1983,0
yem,1984,0
yem,1985,0
yem,1986,0
yem,1987,0
yem,1988,0
yem,1989,0
yem,1990,0
yem,1991,0
yem,1992,0.01074
yem,1993,0.03449
yem,1994,0.05266
yem,1995,0.05123
yem,1996,0.05303
yem,1997,0.07157
yem,1998,0.0917
yem,1999,0.15279
yem,2000,0.16328
yem,2001,0.73092
yem,2002,2.33581
yem,2003,3.14667
yem,2004,6.68019
yem,2005,9.99364
yem,2006,12.64822
yem,2007,17.88381
yem,2008,25.66508
yem,2009,32.0622
yem,2010,41.43246
yem,2011,42.30158
yem,2012,48.88574
yem,2013,57.46504
yem,2014,56.57323
yem,2015,48.21005
yem,2016,51.17895
yem,2017,46.41112
yem,2018,44.88105
yem,2019,43.399
yem,2020,42.00376
yem,2021,47.80902
yem,2022,46.45344
yem,2023,50.89378
zaf,1960,0
zaf,1965,0
zaf,1970,0
zaf,1975,0
zaf,1976,0
zaf,1977,0
zaf,1978,0
zaf,1979,0
zaf,1980,0
zaf,1981,0
zaf,1982,0
zaf,1983,0
zaf,1984,0
zaf,1985,0
zaf,1986,0
zaf,1987,0
zaf,1988,0
zaf,1989,0.01029
zaf,1990,0.01424
zaf,1991,0.01735
zaf,1992,0.02996
zaf,1993,0.09406
zaf,1994,0.7858
zaf,1995,1.21629
zaf,1996,2.13382
zaf,1997,4.05432
zaf,1998,7.27774
zaf,1999,11.18955
zaf,2000,17.68246
zaf,2001,22.67758
zaf,2002,28.53429
zaf,2003,34.76264
zaf,2004,42.53602
zaf,2005,68.61979
zaf,2006,79.32673
zaf,2007,83.71499
zaf,2008,88.03747
zaf,2009,89.76867
zaf,2010,96.23252
zaf,2011,120.76564
zaf,2012,127.1676
zaf,2013,140.57604
zaf,2014,142.60448
zaf,2015,155.13753
zaf,2016,143.92862
zaf,2017,153.54795
zaf,2018,157.69191
zaf,2019,162.73855
zaf,2020,158.44727
zaf,2021,163.12806
zaf,2022,160.72851
zaf,2023,171.50862
zaf,2024,179.33633
zmb,1960,0
zmb,1965,0
zmb,1970,0
zmb,1975,0
zmb,1976,0
zmb,1977,0
zmb,1978,0
zmb,1979,0
zmb,1980,0
zmb,1981,0
zmb,1982,0
zmb,1983,0
zmb,1984,0
zmb,1985,0
zmb,1986,0
zmb,1987,0
zmb,1988,0
zmb,1989,0
zmb,1990,0
zmb,1991,0
zmb,1992,0
zmb,1993,0
zmb,1994,0
zmb,1995,0.01781
zmb,1996,0.03057
zmb,1997,0.04982
zmb,1998,0.08813
zmb,1999,0.293
zmb,2000,0.98679
zmb,2001,1.17383
zmb,2002,1.30628
zmb,2003,2.19418
zmb,2004,4.09548
zmb,2005,8.10286
zmb,2006,13.71302
zmb,2007,21.00285
zmb,2008,27.17852
zmb,2009,32.66534
zmb,2010,39.00293
zmb,2011,56.54986
zmb,2012,70.57086
zmb,2013,67.5096
zmb,2014,63.63427
zmb,2015,70.47785
zmb,2016,71.04608
zmb,2017,77.05001
zmb,2018,86.07233
zmb,2019,93.01478
zmb,2020,100.23512
zmb,2021,103.28258
zmb,2022,98.43726
zmb,2023,102.06156
zmb,2024,108.70478
zwe,1960,0
zwe,1965,0
zwe,1970,0
zwe,1975,0
zwe,1976,0
zwe,1977,0
zwe,1978,0
zwe,1979,0
zwe,1980,0
zwe,1981,0
zwe,1982,0
zwe,1983,0
zwe,1984,0
zwe,1985,0
zwe,1986,0
zwe,1987,0
zwe,1988,0
zwe,1989,0
zwe,1990,0
zwe,1991,0
zwe,1992,0
zwe,1993,0
zwe,1994,0
zwe,1995,0
zwe,1996,0
zwe,1997,0.05046
zwe,1998,0.16453
zwe,1999,1.48509
zwe,2000,2.2405
zwe,2001,2.62282
zwe,2002,2.80269
zwe,2003,2.97287
zwe,2004,3.4429
zwe,2005,5.18375
zwe,2006,6.71982
zwe,2007,9.57239
zwe,2008,12.76875
zwe,2009,30.36646
zwe,2010,57.64963
zwe,2011,67.66983
zwe,2012,91.287
zwe,2013,97.28381
zwe,2014,83.04606
zwe,2015,88.5992
zwe,2016,88.21005
zwe,2017,95.13668
zwe,2018,85.86274
zwe,2019,86.40943
zwe,2020,84.96041
zwe,2021,90.25385
zwe,2022,88.99583
zwe,2023,91.63441
zwe,2024,94.24518
