geo,time,energy_use_per_person
ago,1990,506.09891
ago,1991,501.1014
ago,1992,487.66526
ago,1993,489.17181
ago,1994,480.04193
ago,1995,462.90131
ago,1996,461.97243
ago,1997,456.93875
ago,1998,441.44211
ago,1999,448.26039
ago,2000,444.60207
ago,2001,447.53207
ago,2002,451.42493
ago,2003,468.04644
ago,2004,455.95672
ago,2005,415.69933
ago,2006,446.81878
ago,2007,471.69239
ago,2008,497.74359
ago,2009,530.44785
ago,2010,513.00936
ago,2011,511.99638
ago,2012,557.57696
ago,2013,538.49459
ago,2014,473.61466
ago,2015,543.36092
ago,2016,487.94897
ago,2017,481.00036
ago,2018,428.63991
ago,2019,444.18346
ago,2020,423.4905
ago,2021,430.74657
ago,2022,437.56854
ago,2023,448.8709
alb,1990,813.3738
alb,1991,572.75521
alb,1992,418.27321
alb,1993,412.35182
alb,1994,441.34801
alb,1995,417.03461
alb,1996,447.83893
alb,1997,384.58495
alb,1998,426.81891
alb,1999,576.97427
alb,2000,581.37475
alb,2001,598.22832
alb,2002,661.11795
alb,2003,649.35788
alb,2004,716.62315
alb,2005,721.07741
alb,2006,707.89061
alb,2007,680.94817
alb,2008,712.28787
alb,2009,734.05781
alb,2010,731.0534
alb,2011,766.89462
alb,2012,699.4449
alb,2013,826.01838
alb,2014,844.59008
alb,2015,803.98745
alb,2016,840.61936
alb,2017,894.4664
alb,2018,904.73977
alb,2019,908.31725
alb,2020,855.18559
alb,2021,914.73293
alb,2022,884.57222
alb,2023,888.46386
are,1990,10740.84292
are,1991,11690.09702
are,1992,10562.89944
are,1993,10572.66983
are,1994,11178.39848
are,1995,11360.90147
are,1996,11250.16912
are,1997,10941.74652
are,1998,10375.28599
are,1999,9839.14403
are,2000,8956.9493
are,2001,11703.2751
are,2002,10866.25188
are,2003,10102.21686
are,2004,9441.12716
are,2005,9535.07551
are,2006,9239.04145
are,2007,8929.12732
are,2008,9425.05533
are,2009,9445.23902
are,2010,8849.86288
are,2011,8498.19879
are,2012,8466.34603
are,2013,8654.48549
are,2014,9398.4004
are,2015,9973.98287
are,2016,10191.61847
are,2017,8378.97734
are,2018,8363.00928
are,2019,8736.63609
are,2020,8105.43813
are,2021,8500.46411
are,2022,8303.27667
are,2023,9139.5423
arg,1990,1351.48278
arg,1991,1385.38307
arg,1992,1407.27675
arg,1993,1432.6075
arg,1994,1530.52761
arg,1995,1507.19847
arg,1996,1534.09178
arg,1997,1567.39445
arg,1998,1648.11264
arg,1999,1666.81862
arg,2000,1643.32132
arg,2001,1518.56737
arg,2002,1484.25702
arg,2003,1590.61721
arg,2004,1740.9089
arg,2005,1712.43204
arg,2006,1784.0167
arg,2007,1845.91423
arg,2008,1889.40924
arg,2009,1722.74403
arg,2010,1826.05112
arg,2011,1865.25736
arg,2012,1897.60984
arg,2013,1928.54923
arg,2014,1911.61728
arg,2015,1919.75859
arg,2016,1889.87019
arg,2017,1874.82964
arg,2018,1806.77623
arg,2019,1777.41508
arg,2020,1623.92451
arg,2021,1741.51377
arg,2022,1808.76021
arg,2023,1763.5088
arg,2024,1736.7025
arm,1990,2170.25905
arm,1991,2248.45036
arm,1992,1156.52854
arm,1993,634.9384
arm,1994,409.76225
arm,1995,497.30722
arm,1996,543.24896
arm,1997,573.5985
arm,1998,591.11438
arm,1999,578.92465
arm,2000,625.50323
arm,2001,624.55547
arm,2002,586.44065
arm,2003,622.58288
arm,2004,661.92968
arm,2005,798.54418
arm,2006,818.275
arm,2007,918.18161
arm,2008,973.21715
arm,2009,851.33839
arm,2010,815.62799
arm,2011,896.94802
arm,2012,982.44242
arm,2013,959.80168
arm,2014,1045.97511
arm,2015,1084.52063
arm,2016,1043.09797
arm,2017,1105.96697
arm,2018,1072.33682
arm,2019,1163.09285
arm,2020,1233.30456
arm,2021,1271.52806
arm,2022,1347.59056
arm,2023,1300.30533
atg,1990,1567.049
atg,2004,1714.96081
atg,2005,1720.86772
atg,2006,1774.1055
atg,2007,1786.93822
aus,1990,5047.6388
aus,1991,4925.05736
aus,1992,4960.57443
aus,1993,5171.29276
aus,1994,5127.43389
aus,1995,5138.24234
aus,1996,5429.9442
aus,1997,5497.64639
aus,1998,5584.82788
aus,1999,5644.57988
aus,2000,5681.22886
aus,2001,5486.39456
aus,2002,5480.23464
aus,2003,5615.57676
aus,2004,5652.13038
aus,2005,5624.49561
aus,2006,5775.11675
aus,2007,5853.76413
aus,2008,5951.19292
aus,2009,5843.93313
aus,2010,5762.94357
aus,2011,5698.65597
aus,2012,5533.72234
aus,2013,5533.38146
aus,2014,5407.43823
aus,2015,5318.66679
aus,2016,5216.98867
aus,2017,5162.45894
aus,2018,5086.37378
aus,2019,5231.57466
aus,2020,5159.03638
aus,2021,5006.44307
aus,2022,4942.16372
aus,2023,4927.64895
aus,2024,4750.15844
aut,1990,3240.45367
aut,1991,3415.50429
aut,1992,3245.89638
aut,1993,3256.11678
aut,1994,3234.79393
aut,1995,3374.07612
aut,1996,3580.7932
aut,1997,3550.91399
aut,1998,3607.00679
aut,1999,3592.17197
aut,2000,3570.94853
aut,2001,3758.79316
aut,2002,3771.71949
aut,2003,3956.93895
aut,2004,3974.50637
aut,2005,4084.35262
aut,2006,4105.07525
aut,2007,4010.09515
aut,2008,4027.90557
aut,2009,3819.49987
aut,2010,4065.0419
aut,2011,3927.58256
aut,2012,3899.16484
aut,2013,3924.82135
aut,2014,3750.3448
aut,2015,3795.51037
aut,2016,3797.16802
aut,2017,3839.94805
aut,2018,3717.62532
aut,2019,3765.98012
aut,2020,3546.5045
aut,2021,3728.13399
aut,2022,3486.72943
aut,2023,3308.71167
aut,2024,3242.20799
aze,1990,3158.92273
aze,1991,3088.31328
aze,1992,2464.93314
aze,1993,2175.61753
aze,1994,1948.05978
aze,1995,1809.44916
aze,1996,1513.8547
aze,1997,1444.49013
aze,1998,1485.30877
aze,1999,1369.28241
aze,2000,1403.59875
aze,2001,1411.21435
aze,2002,1414.77602
aze,2003,1476.84102
aze,2004,1539.50004
aze,2005,1600.2278
aze,2006,1559.84918
aze,2007,1459.38898
aze,2008,1587.24837
aze,2009,1391.33099
aze,2010,1305.91209
aze,2011,1396.04478
aze,2012,1497.29487
aze,2013,1497.90257
aze,2014,1526.15878
aze,2015,1510.91857
aze,2016,1480.93428
aze,2017,1478.78418
aze,2018,1471.37028
aze,2019,1587.78478
aze,2020,1536.83056
aze,2021,1623.82932
aze,2022,1714.03726
aze,2023,1732.1974
bel,1990,4804.34619
bel,1991,5002.44922
bel,1992,5042.29402
bel,1993,4897.97659
bel,1994,5185.93374
bel,1995,5261.80935
bel,1996,5527.62587
bel,1997,5533.73928
bel,1998,5620.64608
bel,1999,5610.79882
bel,2000,5662.98175
bel,2001,5606.17298
bel,2002,5397.64818
bel,2003,5609.48271
bel,2004,5615.40613
bel,2005,5549.63761
bel,2006,5445.56547
bel,2007,5302.04533
bel,2008,5425.00683
bel,2009,5161.34227
bel,2010,5510.36842
bel,2011,5063.1674
bel,2012,4822.6888
bel,2013,5000.34617
bel,2014,4701.25772
bel,2015,4661.66376
bel,2016,4904.15771
bel,2017,4863.6328
bel,2018,4660.20693
bel,2019,4775.95747
bel,2020,4386.43051
bel,2021,4823.58342
bel,2022,4368.44563
bel,2023,4051.07409
bel,2024,4077.82911
ben,1990,314.60944
ben,1991,309.70986
ben,1992,307.69801
ben,1993,301.26267
ben,1994,296.51103
ben,1995,296.67913
ben,1996,336.5403
ben,1997,339.00596
ben,1998,324.25331
ben,1999,327.94329
ben,2000,274.58144
ben,2001,283.23027
ben,2002,294.72415
ben,2003,301.49915
ben,2004,305.27954
ben,2005,296.64743
ben,2006,339.27097
ben,2007,358.12337
ben,2008,355.19157
ben,2009,361.65372
ben,2010,363.74357
ben,2011,352.90125
ben,2012,346.22082
ben,2013,366.74309
ben,2014,367.29418
ben,2015,379.49203
ben,2016,409.03882
ben,2017,412.30435
ben,2018,423.28332
ben,2019,414.54364
ben,2020,426.18548
ben,2021,376.0553
ben,2022,375.82098
ben,2023,394.57464
bfa,1990,172.69303
bfa,1991,173.9334
bfa,1992,174.23917
bfa,1993,176.29672
bfa,1994,173.37906
bfa,1995,173.27656
bfa,1996,162.02653
bfa,1997,162.13186
bfa,1998,160.9586
bfa,1999,120.29448
bfa,2000,122.87633
bfa,2001,138.8084
bfa,2002,140.36666
bfa,2003,145.4122
bfa,2004,149.20203
bfa,2005,152.45407
bfa,2006,160.05195
bfa,2007,167.3805
bfa,2008,168.80031
bfa,2009,171.44989
bfa,2010,227.93903
bfa,2011,235.67491
bfa,2012,249.07322
bfa,2013,258.23915
bfa,2014,264.96825
bfa,2015,279.23779
bfa,2016,271.63781
bfa,2017,285.33781
bfa,2018,300.04082
bfa,2019,302.82406
bfa,2020,314.36172
bfa,2021,310.28666
bfa,2022,312.96941
bfa,2023,325.9439
bgd,1990,114.33198
bgd,1991,110.55389
bgd,1992,114.4282
bgd,1993,117.09422
bgd,1994,121.57717
bgd,1995,128.92204
bgd,1996,127.65121
bgd,1997,130.76317
bgd,1998,132.27609
bgd,1999,134.85201
bgd,2000,135.98283
bgd,2001,148.29954
bgd,2002,148.02314
bgd,2003,153.20527
bgd,2004,154.27799
bgd,2005,159.86026
bgd,2006,168.35893
bgd,2007,174.04541
bgd,2008,180.59395
bgd,2009,187.6926
bgd,2010,195.62307
bgd,2011,200.33228
bgd,2012,208.07982
bgd,2013,216.73767
bgd,2014,223.00186
bgd,2015,237.2008
bgd,2016,256.23783
bgd,2017,264.09055
bgd,2018,261.27116
bgd,2019,277.9503
bgd,2020,278.63866
bgd,2021,298.53035
bgd,2022,308.2763
bgd,2023,287.75314
bgr,1990,3216.7076
bgr,1991,2593.6228
bgr,1992,2394.69457
bgr,1993,2588.55747
bgr,1994,2518.11325
bgr,1995,2745.16022
bgr,1996,2745.5026
bgr,1997,2505.6718
bgr,1998,2437.14753
bgr,1999,2230.75877
bgr,2000,2276.85217
bgr,2001,2419.77111
bgr,2002,2410.06925
bgr,2003,2489.50819
bgr,2004,2439.63674
bgr,2005,2599.19173
bgr,2006,2696.78264
bgr,2007,2665.00512
bgr,2008,2647.46208
bgr,2009,2337.23945
bgr,2010,2393.89142
bgr,2011,2592.51618
bgr,2012,2493.07808
bgr,2013,2353.30761
bgr,2014,2499.70697
bgr,2015,2637.50353
bgr,2016,2606.61053
bgr,2017,2732.22244
bgr,2018,2764.27513
bgr,2019,2771.1242
bgr,2020,2664.55153
bgr,2021,2918.91641
bgr,2022,2968.65663
bgr,2023,2604.19105
bhr,1990,10576.13752
bhr,1991,10671.7945
bhr,1992,11504.984
bhr,1993,11627.98539
bhr,1994,12068.56989
bhr,1995,11537.60057
bhr,1996,11566.16349
bhr,1997,12331.24573
bhr,1998,12558.24384
bhr,1999,12575.78614
bhr,2000,12833.27212
bhr,2001,12648.08851
bhr,2002,12214.68658
bhr,2003,11894.94847
bhr,2004,11271.21389
bhr,2005,11975.42824
bhr,2006,11582.02057
bhr,2007,11533.99347
bhr,2008,11593.79717
bhr,2009,10432.89675
bhr,2010,10317.976
bhr,2011,10624.38722
bhr,2012,9996.52196
bhr,2013,11219.43393
bhr,2014,10257.02534
bhr,2015,10405.63907
bhr,2016,9878.66505
bhr,2017,9444.42394
bhr,2018,9533.85538
bhr,2019,10388.18902
bhr,2020,10833.63236
bhr,2021,10665.62873
bhr,2022,10178.18413
bhr,2023,10511.61297
bhs,1990,2338.57234
bhs,2004,1954.19416
bhs,2005,2023.87945
bhs,2006,2026.55185
bhs,2007,2006.59999
bih,1990,1577.48338
bih,1991,1416.829
bih,1992,1050.61678
bih,1993,949.28912
bih,1994,385.20781
bih,1995,402.13872
bih,1996,450.35772
bih,1997,670.54367
bih,1998,818.90319
bih,1999,802.32995
bih,2000,1044.83033
bih,2001,1004.95066
bih,2002,1052.10769
bih,2003,1052.76816
bih,2004,1161.36226
bih,2005,1230.3223
bih,2006,1304.39455
bih,2007,1321.6013
bih,2008,1510.20925
bih,2009,1602.53175
bih,2010,1700.48373
bih,2011,1909.67029
bih,2012,1821.21222
bih,2013,1787.39246
bih,2014,1682.31288
bih,2015,1755.04377
bih,2016,1945.25476
bih,2017,1966.74296
bih,2018,2205.40019
bih,2019,2157.71633
bih,2020,2152.73019
bih,2021,2267.26089
bih,2022,2270.72638
bih,2023,2171.04819
blr,1990,4457.43794
blr,1991,4341.557
blr,1992,3619.90821
blr,1993,3078.21614
blr,1994,2618.94615
blr,1995,2431.09978
blr,1996,2506.79638
blr,1997,2511.70285
blr,1998,2472.95576
blr,1999,2419.74819
blr,2000,2471.64425
blr,2001,2496.01811
blr,2002,2560.50126
blr,2003,2652.43981
blr,2004,2760.11626
blr,2005,2776.99847
blr,2006,2974.24553
blr,2007,2925.85288
blr,2008,2939.40597
blr,2009,2789.00314
blr,2010,2895.61081
blr,2011,3081.68018
blr,2012,3219.42653
blr,2013,2870.3258
blr,2014,2923.57682
blr,2015,2660.14027
blr,2016,2639.09486
blr,2017,2692.58345
blr,2018,2849.29477
blr,2019,2748.96884
blr,2020,2673.86549
blr,2021,2929.1675
blr,2022,2862.48962
blr,2023,2856.48128
blz,1990,580.18528
blz,2004,570.50735
blz,2005,575.55294
blz,2006,597.47532
blz,2007,601.14826
bol,1990,360.66352
bol,1991,363.52018
bol,1992,377.23409
bol,1993,396.45382
bol,1994,430.21997
bol,1995,474.6177
bol,1996,520.94356
bol,1997,560.06072
bol,1998,557.88976
bol,1999,536.54884
bol,2000,424.50017
bol,2001,444.57021
bol,2002,520.0246
bol,2003,524.19585
bol,2004,523.19477
bol,2005,567.49909
bol,2006,568.37498
bol,2007,570.34249
bol,2008,572.26857
bol,2009,586.29382
bol,2010,625.50781
bol,2011,660.40917
bol,2012,703.77476
bol,2013,699.38156
bol,2014,757.58016
bol,2015,748.89898
bol,2016,779.01009
bol,2017,800.9324
bol,2018,803.16732
bol,2019,795.58777
bol,2020,657.78994
bol,2021,757.89718
bol,2022,799.66177
bol,2023,847.30671
bra,1990,942.31718
bra,1991,943.26355
bra,1992,937.43146
bra,1993,945.4891
bra,1994,980.07466
bra,1995,998.77737
bra,1996,1035.82555
bra,1997,1072.29461
bra,1998,1082.2181
bra,1999,1091.29496
bra,2000,1081.36193
bra,2001,1086.99299
bra,2002,1103.40128
bra,2003,1107.97392
bra,2004,1157.16906
bra,2005,1173.71586
bra,2006,1202.05934
bra,2007,1259.91136
bra,2008,1317.23578
bra,2009,1262.10044
bra,2010,1384.36897
bra,2011,1390.00784
bra,2012,1433.15306
bra,2013,1487.45746
bra,2014,1522.42189
bra,2015,1482.02058
bra,2016,1414.89793
bra,2017,1431.9595
bra,2018,1403.40232
bra,2019,1415.83477
bra,2020,1379.2465
bra,2021,1430.39347
bra,2022,1432.72741
bra,2023,1481.2244
bra,2024,1511.62383
brb,1990,1245.20779
brb,2004,1402.92857
brb,2005,1451.40042
brb,2006,1474.06316
brb,2007,1478.13394
brn,1990,6766.20266
brn,1991,7438.26204
brn,1992,7783.23274
brn,1993,7299.53266
brn,1994,6603.06658
brn,1995,7718.41471
brn,1996,7585.30866
brn,1997,7652.68069
brn,1998,7448.31278
brn,1999,7427.44778
brn,2000,7306.50806
brn,2001,6624.4457
brn,2002,6344.70954
brn,2003,7227.93461
brn,2004,6509.41376
brn,2005,6180.90186
brn,2006,8644.25613
brn,2007,8703.66547
brn,2008,9379.39547
brn,2009,7906.1645
brn,2010,8261.09277
brn,2011,9699.30025
brn,2012,9446.07291
brn,2013,7399.88851
brn,2014,8529.79304
brn,2015,6437.00247
brn,2016,7008.28172
brn,2017,8385.25859
brn,2018,8304.04243
brn,2019,9219.80339
brn,2020,9175.89257
brn,2021,8962.62326
brn,2022,9894.8195
brn,2023,8658.00698
btn,1990,94.98758
btn,2004,276.69151
btn,2005,308.21995
btn,2006,314.55026
btn,2007,359.54208
bwa,1990,933.10611
bwa,1991,924.83281
bwa,1992,1036.20295
bwa,1993,1009.96723
bwa,1994,967.99772
bwa,1995,965.6868
bwa,1996,919.40603
bwa,1997,942.69977
bwa,1998,1040.82118
bwa,1999,1060.65518
bwa,2000,1076.29895
bwa,2001,1065.31507
bwa,2002,1070.98263
bwa,2003,1046.96232
bwa,2004,1075.84312
bwa,2005,1096.31105
bwa,2006,1108.59482
bwa,2007,1124.09478
bwa,2008,1163.78535
bwa,2009,1061.94099
bwa,2010,1140.27711
bwa,2011,1086.79672
bwa,2012,1189.34919
bwa,2013,1200.29803
bwa,2014,1330.9451
bwa,2015,1285.41276
bwa,2016,1245.84247
bwa,2017,1315.80107
bwa,2018,1305.31302
bwa,2019,1202.88222
bwa,2020,1120.17283
bwa,2021,1149.1142
bwa,2022,1286.46724
bwa,2023,1249.8308
can,1990,7641.54877
can,1991,7529.00298
can,1992,7616.9732
can,1993,7782.92897
can,1994,7971.05825
can,1995,7995.23711
can,1996,8070.95401
can,1997,8069.49924
can,1998,7963.2072
can,1999,8117.62872
can,2000,8224.74786
can,2001,8017.16667
can,2002,7943.44589
can,2003,8303.43188
can,2004,8371.02232
can,2005,8369.9593
can,2006,8427.44174
can,2007,8356.30636
can,2008,8098.35289
can,2009,7696.33407
can,2010,7660.75452
can,2011,7716.24823
can,2012,7637.78487
can,2013,7668.79466
can,2014,7780.14759
can,2015,7690.40817
can,2016,7944.50789
can,2017,8175.19038
can,2018,8161.77968
can,2019,8125.58121
can,2020,7495.07932
can,2021,7524.86361
can,2022,7578.02094
can,2023,7336.06704
can,2024,7156.11504
che,1990,3617.21671
che,1991,3623.74654
che,1992,3606.2084
che,1993,3479.20944
che,1994,3482.9356
che,1995,3405.68478
che,1996,3459.89062
che,1997,3513.1264
che,1998,3544.34495
che,1999,3533.47941
che,2000,3466.50613
che,2001,3658.0665
che,2002,3537.5375
che,2003,3524.60536
che,2004,3513.04227
che,2005,3469.41664
che,2006,3600.20599
che,2007,3391.34093
che,2008,3480.20256
che,2009,3460.61144
che,2010,3323.41219
che,2011,3181.06688
che,2012,3175.9709
che,2013,3274.49948
che,2014,3031.17448
che,2015,2927.96015
che,2016,2819.83096
che,2017,2809.47946
che,2018,2806.49916
che,2019,2857.15819
che,2020,2690.39023
che,2021,2619.80556
che,2022,2591.92141
che,2023,2511.37154
che,2024,2491.51225
chl,1990,1042.63925
chl,1991,1048.54685
chl,1992,1115.7445
chl,1993,1125.82761
chl,1994,1192.35792
chl,1995,1262.61938
chl,1996,1378.90684
chl,1997,1523.53565
chl,1998,1557.21131
chl,1999,1633.86339
chl,2000,1623.48013
chl,2001,1574.84476
chl,2002,1612.4313
chl,2003,1612.22954
chl,2004,1699.73241
chl,2005,1735.08874
chl,2006,1788.47443
chl,2007,1836.95621
chl,2008,1801.28288
chl,2009,1735.83895
chl,2010,1795.68173
chl,2011,1937.3234
chl,2012,2123.49179
chl,2013,2177.50492
chl,2014,1946.21182
chl,2015,1968.30286
chl,2016,2070.46958
chl,2017,2065.97572
chl,2018,2067.97647
chl,2019,2154.35452
chl,2020,1946.16761
chl,2021,2032.9812
chl,2022,2081.99751
chl,2023,2059.27616
chl,2024,2029.033
chn,1990,773.25012
chn,1991,740.58612
chn,1992,756.63515
chn,1993,792.63351
chn,1994,821.27375
chn,1995,872.82633
chn,1996,884.89416
chn,1997,876.48934
chn,1998,872.40599
chn,1999,880.73858
chn,2000,898.075
chn,2001,921.50644
chn,2002,976.15934
chn,2003,1105.13742
chn,2004,1249.04415
chn,2005,1369.79197
chn,2006,1490.18648
chn,2007,1595.46607
chn,2008,1629.97754
chn,2009,1728.61645
chn,2010,1899.79996
chn,2011,2027.46525
chn,2012,2085.21872
chn,2013,2137.32573
chn,2014,2177.55011
chn,2015,2175.15445
chn,2016,2149.20475
chn,2017,2215.91139
chn,2018,2310.87757
chn,2019,2397.96869
chn,2020,2465.96955
chn,2021,2623.79959
chn,2022,2676.48201
chn,2023,2850.94153
civ,1990,356.50212
civ,1991,352.46137
civ,1992,369.3647
civ,1993,367.60247
civ,1994,362.1456
civ,1995,346.98463
civ,1996,374.94429
civ,1997,368.16439
civ,1998,353.64181
civ,1999,408.12059
civ,2000,383.69851
civ,2001,359.27435
civ,2002,374.21741
civ,2003,345.06353
civ,2004,474.64451
civ,2005,479.36734
civ,2006,460.42707
civ,2007,484.16288
civ,2008,475.68597
civ,2009,426.33968
civ,2010,369.59299
civ,2011,412.203
civ,2012,442.18455
civ,2013,446.3098
civ,2014,438.71877
civ,2015,383.88901
civ,2016,391.65558
civ,2017,392.58882
civ,2018,358.54923
civ,2019,376.74321
civ,2020,385.90091
civ,2021,475.77011
civ,2022,483.89492
civ,2023,483.50392
cmr,1990,439.60606
cmr,1991,431.11357
cmr,1992,423.49041
cmr,1993,425.8558
cmr,1994,428.43322
cmr,1995,424.11305
cmr,1996,423.04888
cmr,1997,426.60075
cmr,1998,427.34673
cmr,1999,419.3666
cmr,2000,425.83947
cmr,2001,419.66825
cmr,2002,429.50265
cmr,2003,435.14708
cmr,2004,437.08237
cmr,2005,428.53959
cmr,2006,385.03515
cmr,2007,352.80058
cmr,2008,345.87287
cmr,2009,363.54509
cmr,2010,356.13761
cmr,2011,363.15671
cmr,2012,368.67462
cmr,2013,375.37162
cmr,2014,395.06451
cmr,2015,402.81992
cmr,2016,399.88337
cmr,2017,392.86637
cmr,2018,392.35172
cmr,2019,387.3857
cmr,2020,386.86106
cmr,2021,378.00303
cmr,2022,374.11462
cmr,2023,370.71821
cod,1990,321.66987
cod,1991,311.51636
cod,1992,306.67618
cod,1993,301.83184
cod,1994,288.91994
cod,1995,288.923
cod,1996,293.05419
cod,1997,293.45262
cod,1998,292.57986
cod,1999,283.69809
cod,2000,275.38799
cod,2001,275.76207
cod,2002,276.77726
cod,2003,278.8523
cod,2004,281.57024
cod,2005,283.63734
cod,2006,285.45469
cod,2007,287.04132
cod,2008,288.80619
cod,2009,288.41634
cod,2010,289.77384
cod,2011,297.44542
cod,2012,355.43996
cod,2013,357.44162
cod,2014,359.36809
cod,2015,358.54326
cod,2016,355.06772
cod,2017,344.27108
cod,2018,336.64307
cod,2019,330.73191
cod,2020,370.50327
cod,2021,393.94917
cod,2022,417.9689
cod,2023,409.43357
cog,1990,330.74382
cog,1991,335.65974
cog,1992,322.34927
cog,1993,314.90258
cog,1994,263.66345
cog,1995,292.67399
cog,1996,268.25102
cog,1997,251.2716
cog,1998,246.02561
cog,1999,235.7451
cog,2000,225.6623
cog,2001,243.30987
cog,2002,239.24001
cog,2003,274.55384
cog,2004,283.38196
cog,2005,293.78928
cog,2006,369.70798
cog,2007,316.05859
cog,2008,327.78684
cog,2009,359.40536
cog,2010,402.96604
cog,2011,456.09862
cog,2012,602.51472
cog,2013,493.82608
cog,2014,543.84353
cog,2015,572.25584
cog,2016,583.84557
cog,2017,552.51803
cog,2018,486.78125
cog,2019,553.07835
cog,2020,565.38742
cog,2021,581.81815
cog,2022,592.04663
cog,2023,576.04923
col,1990,758.59401
col,1991,751.90294
col,1992,764.27838
col,1993,780.62583
col,1994,798.19372
col,1995,794.9671
col,1996,797.74747
col,1997,762.00871
col,1998,773.10853
col,1999,684.04516
col,2000,674.78937
col,2001,663.45778
col,2002,640.5344
col,2003,644.21379
col,2004,638.25687
col,2005,659.01751
col,2006,685.39143
col,2007,671.97401
col,2008,698.49864
col,2009,721.7238
col,2010,708.46212
col,2011,718.53913
col,2012,690.22394
col,2013,890.99503
col,2014,896.81974
col,2015,899.74641
col,2016,923.38065
col,2017,870.7646
col,2018,829.4345
col,2019,899.55265
col,2020,814.02772
col,2021,880.4662
col,2022,863.76322
col,2023,872.63339
col,2024,840.64273
com,1990,40.14157
com,2004,58.54962
com,2005,62.42861
com,2006,69.44984
com,2007,66.45843
cpv,1990,77.36802
cpv,2004,185.66035
cpv,2005,204.07532
cpv,2006,207.85445
cpv,2007,207.58177
cri,1990,537.20904
cri,1991,555.75983
cri,1992,699.7475
cri,1993,696.37267
cri,1994,669.45771
cri,1995,666.89751
cri,1996,654.28625
cri,1997,647.72167
cri,1998,630.18113
cri,1999,680.66208
cri,2000,729.76564
cri,2001,721.22405
cri,2002,749.37171
cri,2003,788.05947
cri,2004,921.91667
cri,2005,908.91972
cri,2006,974.34384
cri,2007,1014.83038
cri,2008,1006.22786
cri,2009,1002.1537
cri,2010,998.69453
cri,2011,992.8422
cri,2012,1017.65462
cri,2013,1060.10645
cri,2014,1064.11783
cri,2015,1024.45145
cri,2016,1001.15094
cri,2017,972.75274
cri,2018,950.30723
cri,2019,996.67361
cri,2020,948.97966
cri,2021,996.59395
cri,2022,1009.21523
cri,2023,1025.14936
cri,2024,1024.25715
cub,1990,1518.54002
cub,1991,1232.77638
cub,1992,1070.77393
cub,1993,899.49755
cub,1994,923.0764
cub,1995,924.54675
cub,1996,1009.02603
cub,1997,1033.3372
cub,1998,973.42146
cub,1999,1013.31157
cub,2000,1076.53534
cub,2001,1048.45763
cub,2002,970.84651
cub,2003,963.21561
cub,2004,936.64945
cub,2005,897.36916
cub,2006,910.00338
cub,2007,871.11794
cub,2008,928.46636
cub,2009,900.45557
cub,2010,977.39129
cub,2011,948.02723
cub,2012,968.14663
cub,2013,919.53465
cub,2014,938.1121
cub,2015,958.50265
cub,2016,941.59959
cub,2017,904.82521
cub,2018,858.79376
cub,2019,854.46946
cub,2020,805.86139
cub,2021,791.97414
cub,2022,775.76941
cub,2023,775.83138
cyp,1990,1740.28411
cyp,1991,1749.13818
cyp,1992,1945.45069
cyp,1993,2049.3638
cyp,1994,2292.58038
cyp,1995,1974.09617
cyp,1996,2153.27326
cyp,1997,2065.65425
cyp,1998,2170.96783
cyp,1999,2142.09657
cyp,2000,2264.91864
cyp,2001,2202.31996
cyp,2002,2193.91482
cyp,2003,2345.28181
cyp,2004,2162.85328
cyp,2005,2161.54002
cyp,2006,2209.33213
cyp,2007,2293.75459
cyp,2008,2399.21663
cyp,2009,2311.55219
cyp,2010,2192.46749
cyp,2011,2093.4403
cyp,2012,1936.16516
cyp,2013,1646.32679
cyp,2014,1659.57813
cyp,2015,1677.40248
cyp,2016,1761.87443
cyp,2017,1794.01732
cyp,2018,1773.61456
cyp,2019,1758.05457
cyp,2020,1638.57191
cyp,2021,1666.21661
cyp,2022,1682.70493
cyp,2023,1672.78575
cze,1990,4819.65585
cze,1991,4387.26367
cze,1992,4268.64539
cze,1993,4130.59834
cze,1994,3986.81723
cze,1995,4042.61119
cze,1996,4173.39126
cze,1997,4210.1849
cze,1998,4077.81993
cze,1999,3809.01218
cze,2000,4021.61848
cze,2001,4141.00267
cze,2002,4201.38476
cze,2003,4387.20917
cze,2004,4486.66999
cze,2005,4431.36896
cze,2006,4519.45698
cze,2007,4485.47979
cze,2008,4360.0277
cze,2009,4077.69663
cze,2010,4308.57118
cze,2011,4144.39895
cze,2012,4109.54462
cze,2013,4110.99173
cze,2014,3984.15406
cze,2015,3982.18836
cze,2016,3927.72516
cze,2017,4089.51341
cze,2018,4081.41869
cze,2019,4002.24612
cze,2020,3764.47161
cze,2021,4056.317
cze,2022,3895.62929
cze,2023,3509.34805
cze,2024,3416.31765
deu,1990,4421.75298
deu,1991,4303.2111
deu,1992,4191.07717
deu,1993,4123.06429
deu,1994,4089.20711
deu,1995,4119.89234
deu,1996,4247.28042
deu,1997,4203.57228
deu,1998,4177.53863
deu,1999,4080.11615
deu,2000,4094.27902
deu,2001,4210.0008
deu,2002,4108.6173
deu,2003,4096.47794
deu,2004,4131.61084
deu,2005,4109.88059
deu,2006,4235.93877
deu,2007,4023.73936
deu,2008,4081.87999
deu,2009,3821.62501
deu,2010,4029.83086
deu,2011,3891.87175
deu,2012,3913.4392
deu,2013,3986.18505
deu,2014,3794.4472
deu,2015,3780.85028
deu,2016,3765.218
deu,2017,3763.19404
deu,2018,3659.22924
deu,2019,3570.88159
deu,2020,3349.19931
deu,2021,3467.03057
deu,2022,3261.85641
deu,2023,2928.19659
deu,2024,2824.59006
dji,1990,224.41436
dji,2004,160.99278
dji,2005,165.64045
dji,2006,167.10214
dji,2007,163.51678
dma,1990,304.07161
dma,2004,568.10733
dma,2005,596.50246
dma,2006,610.41188
dma,2007,624.57333
dnk,1990,3375.49333
dnk,1991,3735.64154
dnk,1992,3562.82146
dnk,1993,3646.5209
dnk,1994,3761.11017
dnk,1995,3707.41093
dnk,1996,4172.12942
dnk,1997,3849.8499
dnk,1998,3773.46076
dnk,1999,3604.16901
dnk,2000,3491.17169
dnk,2001,3586.44823
dnk,2002,3536.23975
dnk,2003,3729.38314
dnk,2004,3598.35313
dnk,2005,3484.59359
dnk,2006,3729.69718
dnk,2007,3626.53225
dnk,2008,3502.69455
dnk,2009,3359.26672
dnk,2010,3498.02226
dnk,2011,3218.55317
dnk,2012,3072.08722
dnk,2013,3075.55143
dnk,2014,2881.05251
dnk,2015,2847.98791
dnk,2016,2891.02688
dnk,2017,2896.57068
dnk,2018,2870.41629
dnk,2019,2757.24986
dnk,2020,2637.04301
dnk,2021,2756.12265
dnk,2022,2580.54319
dnk,2023,2482.85667
dnk,2024,2502.21882
dom,1990,561.15292
dom,1991,554.10419
dom,1992,602.3203
dom,1993,572.28752
dom,1994,644.90941
dom,1995,664.77402
dom,1996,681.36054
dom,1997,747.22638
dom,1998,780.87135
dom,1999,797.56333
dom,2000,856.25639
dom,2001,819.65307
dom,2002,882.20079
dom,2003,783.89237
dom,2004,749.38691
dom,2005,772.03771
dom,2006,792.6097
dom,2007,812.27971
dom,2008,772.57477
dom,2009,743.58739
dom,2010,773.40425
dom,2011,780.08275
dom,2012,791.42995
dom,2013,762.35592
dom,2014,745.78621
dom,2015,797.92317
dom,2016,842.63825
dom,2017,824.39657
dom,2018,860.86443
dom,2019,927.88217
dom,2020,862.92228
dom,2021,954.92185
dom,2022,960.93355
dom,2023,1011.62393
dza,1990,874.39845
dza,1991,903.12913
dza,1992,902.2205
dza,1993,883.9209
dza,1994,833.35889
dza,1995,851.70265
dza,1996,808.68542
dza,1997,813.38155
dza,1998,828.48579
dza,1999,872.19906
dza,2000,873.65779
dza,2001,863.49833
dza,2002,911.44056
dza,2003,955.84848
dza,2004,954.29841
dza,2005,979.32646
dza,2006,1032.63867
dza,2007,1077.66189
dza,2008,1070.72807
dza,2009,1147.30601
dza,2010,1151.1389
dza,2011,1174.26806
dza,2012,1258.83718
dza,2013,1273.72243
dza,2014,1358.04788
dza,2015,1414.49702
dza,2016,1371.20208
dza,2017,1380.34682
dza,2018,1442.30211
dza,2019,1463.50986
dza,2020,1373.67832
dza,2021,1451.44518
dza,2022,1499.51
dza,2023,1503.41407
ecu,1990,604.38519
ecu,1991,621.66911
ecu,1992,616.12997
ecu,1993,562.96569
ecu,1994,591.01574
ecu,1995,679.11036
ecu,1996,701.92396
ecu,1997,715.35685
ecu,1998,721.83172
ecu,1999,640.34582
ecu,2000,638.75605
ecu,2001,668.56368
ecu,2002,709.30574
ecu,2003,770.21574
ecu,2004,785.59193
ecu,2005,837.89142
ecu,2006,811.02739
ecu,2007,875.47601
ecu,2008,762.82471
ecu,2009,830.34407
ecu,2010,867.46523
ecu,2011,891.34672
ecu,2012,872.14171
ecu,2013,911.67014
ecu,2014,983.1691
ecu,2015,937.03502
ecu,2016,885.90894
ecu,2017,900.09721
ecu,2018,859.00652
ecu,2019,904.41768
ecu,2020,785.50143
ecu,2021,886.25194
ecu,2022,907.42535
ecu,2023,949.27389
egy,1990,575.62782
egy,1991,560.09244
egy,1992,560.19717
egy,1993,567.64303
egy,1994,535.52709
egy,1995,557.75293
egy,1996,578.99492
egy,1997,589.73786
egy,1998,615.90347
egy,1999,615.24506
egy,2000,569.88136
egy,2001,634.0951
egy,2002,636.52619
egy,2003,647.53985
egy,2004,692.14136
egy,2005,778.76964
egy,2006,806.40249
egy,2007,844.38442
egy,2008,859.15026
egy,2009,862.43512
egy,2010,838.16671
egy,2011,860.05312
egy,2012,866.24087
egy,2013,825.18996
egy,2014,832.77209
egy,2015,810.81713
egy,2016,872.58141
egy,2017,897.21807
egy,2018,870.81357
egy,2019,844.78301
egy,2020,805.25946
egy,2021,857.82194
egy,2022,902.48843
egy,2023,928.39495
eri,1992,487.81051
eri,1993,496.32429
eri,1994,496.46961
eri,1995,492.68887
eri,1996,492.09708
eri,1997,483.95445
eri,1998,310.65908
eri,1999,317.38468
eri,2000,315.39554
eri,2001,322.66854
eri,2002,299.83271
eri,2003,330.94947
eri,2004,268.66767
eri,2005,264.19015
eri,2006,245.38339
eri,2007,244.43372
eri,2008,239.25916
eri,2009,244.67792
eri,2010,248.89496
eri,2011,258.76097
eri,2012,262.06304
eri,2013,260.93617
eri,2014,266.35809
eri,2015,272.03649
eri,2016,277.7301
eri,2017,279.10049
eri,2018,284.04824
eri,2019,286.13352
eri,2020,285.99641
eri,2021,288.02529
eri,2022,290.50053
eri,2023,292.34343
esp,1990,2317.97018
esp,1991,2398.21805
esp,1992,2430.88437
esp,1993,2319.50159
esp,1994,2435.94127
esp,1995,2537.01655
esp,1996,2489.29123
esp,1997,2634.70993
esp,1998,2756.25615
esp,1999,2878.01237
esp,2000,2991.49306
esp,2001,3048.84384
esp,2002,3095.99687
esp,2003,3145.40239
esp,2004,3226.28943
esp,2005,3239.54436
esp,2006,3190.72628
esp,2007,3168.95971
esp,2008,3015.00799
esp,2009,2749.85549
esp,2010,2735.18257
esp,2011,2684.34319
esp,2012,2677.18039
esp,2013,2506.25541
esp,2014,2458.57178
esp,2015,2552.40125
esp,2016,2563.00704
esp,2017,2690.49733
esp,2018,2666.2608
esp,2019,2573.90442
esp,2020,2303.51312
esp,2021,2422.46705
esp,2022,2408.92811
esp,2023,2293.70815
esp,2024,2303.61116
est,1990,6818.48447
est,1991,6339.72373
est,1992,4195.77321
est,1993,3639.54617
est,1994,4108.50204
est,1995,3917.02323
est,1996,4153.07802
est,1997,4070.39889
est,1998,3790.51958
est,1999,3543.47306
est,2000,3377.64551
est,2001,3589.37747
est,2002,3375.56515
est,2003,3680.05851
est,2004,3952.33821
est,2005,4015.42833
est,2006,4006.73963
est,2007,4690.1397
est,2008,4142.50948
est,2009,3360.66449
est,2010,4419.42268
est,2011,4311.69492
est,2012,3984.06345
est,2013,4435.56686
est,2014,4226.20121
est,2015,3695.11919
est,2016,4579.42112
est,2017,4444.84667
est,2018,4282.71513
est,2019,3661.49925
est,2020,3368.23731
est,2021,3427.29968
est,2022,3559.04893
est,2023,3089.39334
est,2024,2708.78277
eth,1990,368.24799
eth,1991,366.90373
eth,1992,360.75929
eth,1993,362.72907
eth,1994,363.83219
eth,1995,364.88701
eth,1996,365.41743
eth,1997,364.13877
eth,1998,364.19335
eth,1999,363.23489
eth,2000,363.60355
eth,2001,366.97178
eth,2002,366.75809
eth,2003,367.63117
eth,2004,367.77717
eth,2005,365.38933
eth,2006,366.04614
eth,2007,367.67595
eth,2008,368.65291
eth,2009,368.44944
eth,2010,368.26875
eth,2011,371.32023
eth,2012,371.67543
eth,2013,375.85805
eth,2014,379.90288
eth,2015,379.76441
eth,2016,383.27123
eth,2017,381.74645
eth,2018,384.35388
eth,2019,385.84762
eth,2020,379.56815
eth,2021,372.34323
eth,2022,378.63552
eth,2023,382.17569
fin,1990,5691.62344
fin,1991,5742.82672
fin,1992,5381.02847
fin,1993,5617.27677
fin,1994,5972.65301
fin,1995,5662.00742
fin,1996,6070.34663
fin,1997,6277.08096
fin,1998,6319.46584
fin,1999,6284.09468
fin,2000,6257.21912
fin,2001,6405.85272
fin,2002,6722.82614
fin,2003,7072.17914
fin,2004,7128.99567
fin,2005,6555.77647
fin,2006,7106.70979
fin,2007,6968.91134
fin,2008,6654.45363
fin,2009,6255.05052
fin,2010,6812.602
fin,2011,6522.93869
fin,2012,6265.77229
fin,2013,6138.31406
fin,2014,6246.04154
fin,2015,5921.59682
fin,2016,6120.63302
fin,2017,6070.15751
fin,2018,6165.44402
fin,2019,6024.65367
fin,2020,5739.25445
fin,2021,5996.89299
fin,2022,5683.95102
fin,2023,5866.65174
fin,2024,5613.99171
fji,1990,369.58527
fji,2004,761.69476
fji,2005,655.04732
fji,2006,627.83241
fji,2007,583.62812
fra,1990,3840.29284
fra,1991,4038.65107
fra,1992,3949.27198
fra,1993,3997.18558
fra,1994,3831.06683
fra,1995,3975.88905
fra,1996,4186.80247
fra,1997,4043.67394
fra,1998,4146.55455
fra,1999,4117.93049
fra,2000,4130.1727
fra,2001,4240.43327
fra,2002,4220.32025
fra,2003,4296.54649
fra,2004,4327.20397
fra,2005,4313.6963
fra,2006,4214.29235
fra,2007,4142.17819
fra,2008,4137.7199
fra,2009,3938.38638
fra,2010,4040.43919
fra,2011,3951.0045
fra,2012,3929.20602
fra,2013,3925.86546
fra,2014,3755.83244
fra,2015,3799.19261
fra,2016,3718.17053
fra,2017,3705.41112
fra,2018,3669.37066
fra,2019,3605.5319
fra,2020,3228.48916
fra,2021,3469.83399
fra,2022,3100.18978
fra,2023,3136.12237
fra,2024,3184.78951
gab,1990,1201.08359
gab,1991,1207.03875
gab,1992,1256.01227
gab,1993,1294.00384
gab,1994,1117.36471
gab,1995,1194.21566
gab,1996,1212.43814
gab,1997,1196.81821
gab,1998,1241.26399
gab,1999,1177.82369
gab,2000,1153.06155
gab,2001,1205.62017
gab,2002,1417.03969
gab,2003,1621.16642
gab,2004,1829.65618
gab,2005,2074.20458
gab,2006,2263.43017
gab,2007,2419.63466
gab,2008,2578.1848
gab,2009,2728.50139
gab,2010,2957.46741
gab,2011,2295.78142
gab,2012,1955.40805
gab,2013,2771.53824
gab,2014,2602.65377
gab,2015,2550.96048
gab,2016,2489.2418
gab,2017,2263.59336
gab,2018,2294.9122
gab,2019,2211.81227
gab,2020,2143.31412
gab,2021,2106.98379
gab,2022,2092.38402
gab,2023,2041.86847
gbr,1990,3597.30105
gbr,1991,3707.89444
gbr,1992,3684.81145
gbr,1993,3713.44312
gbr,1994,3733.80488
gbr,1995,3729.55293
gbr,1996,3880.31356
gbr,1997,3760.81073
gbr,1998,3787.50886
gbr,1999,3784.31838
gbr,2000,3786.40281
gbr,2001,3785.66012
gbr,2002,3716.62337
gbr,2003,3764.06192
gbr,2004,3697.50382
gbr,2005,3689.55052
gbr,2006,3601.05091
gbr,2007,3443.58716
gbr,2008,3370.15811
gbr,2009,3144.00201
gbr,2010,3235.05384
gbr,2011,2973.83121
gbr,2012,3028.77223
gbr,2013,2962.2976
gbr,2014,2767.96188
gbr,2015,2774.79683
gbr,2016,2696.97999
gbr,2017,2658.99577
gbr,2018,2632.15067
gbr,2019,2515.97345
gbr,2020,2317.40854
gbr,2021,2377.26369
gbr,2022,2254.36942
gbr,2023,2127.60843
gbr,2024,2071.0233
geo,1990,2585.81272
geo,1991,2079.2716
geo,1992,1776.99681
geo,1993,1548.52251
geo,1994,968.80715
geo,1995,799.9046
geo,1996,834.09704
geo,1997,755.88277
geo,1998,716.28886
geo,1999,669.3811
geo,2000,703.79069
geo,2001,640.36762
geo,2002,639.46943
geo,2003,684.63658
geo,2004,708.05261
geo,2005,727.94565
geo,2006,781.34402
geo,2007,865.68812
geo,2008,780.78849
geo,2009,811.60488
geo,2010,824.60508
geo,2011,943.64209
geo,2012,993.84772
geo,2013,1118.86617
geo,2014,1193.7819
geo,2015,1259.15998
geo,2016,1300.49894
geo,2017,1312.7861
geo,2018,1301.87729
geo,2019,1371.17935
geo,2020,1327.38644
geo,2021,1425.96786
geo,2022,1543.5838
geo,2023,1530.06712
gha,1990,343.7365
gha,1991,346.84291
gha,1992,350.41376
gha,1993,358.20869
gha,1994,363.87856
gha,1995,371.97957
gha,1996,375.51665
gha,1997,383.78469
gha,1998,395.74751
gha,1999,401.34004
gha,2000,322.12733
gha,2001,313.16573
gha,2002,303.79721
gha,2003,281.21783
gha,2004,270.1921
gha,2005,261.89337
gha,2006,274.13366
gha,2007,263.02541
gha,2008,276.02374
gha,2009,274.26869
gha,2010,296.09959
gha,2011,302.77631
gha,2012,328.52015
gha,2013,323.67115
gha,2014,321.3547
gha,2015,325.60405
gha,2016,327.93048
gha,2017,351.11397
gha,2018,378.6575
gha,2019,380.42116
gha,2020,392.3731
gha,2021,382.19189
gha,2022,361.56286
gha,2023,369.33129
gib,1990,2923.2279
gib,1991,3665.53596
gib,1992,4267.19992
gib,1993,4272.22694
gib,1994,4801.64518
gib,1995,4702.41218
gib,1996,4755.71576
gib,1997,4920.31899
gib,1998,5160.45348
gib,1999,5332.89101
gib,2000,5544.25207
gib,2001,4439.76843
gib,2002,4176.86385
gib,2003,4108.88605
gib,2004,4010.01591
gib,2005,3946.77631
gib,2006,3951.4412
gib,2007,4086.63212
gib,2008,4157.59766
gib,2009,4168.16039
gib,2010,4325.4894
gib,2011,4327.29015
gib,2012,4245.37041
gib,2013,4046.97386
gib,2014,3820.02031
gib,2015,3746.06615
gib,2016,3662.37944
gib,2017,3649.12171
gib,2018,3729.26886
gib,2019,4273.70905
gib,2020,3331.81211
gib,2021,3239.43415
gib,2022,3156.32988
gib,2023,3213.50202
gmb,1990,58.58703
gmb,2004,66.61272
gmb,2005,64.7856
gmb,2006,66.46165
gmb,2007,75.32108
gnb,1990,76.65297
gnb,2004,63.72433
gnb,2005,62.97115
gnb,2006,63.59062
gnb,2007,65.47272
gnq,1990,280.05373
gnq,1991,271.83432
gnq,1992,261.67975
gnq,1993,258.0325
gnq,1994,252.11458
gnq,1995,246.34495
gnq,1996,255.34922
gnq,1997,277.79847
gnq,1998,288.86073
gnq,1999,297.69197
gnq,2000,342.94581
gnq,2001,346.08377
gnq,2002,450.92824
gnq,2003,453.51485
gnq,2004,1539.10567
gnq,2005,1487.7083
gnq,2006,1434.67726
gnq,2007,1526.68147
gnq,2008,1468.22847
gnq,2009,1443.33062
gnq,2010,1408.82893
gnq,2011,1508.54494
gnq,2012,1488.71179
gnq,2013,1727.48458
gnq,2014,1526.63462
gnq,2015,1370.90678
gnq,2016,1554.85656
gnq,2017,1338.09996
gnq,2018,1413.00456
gnq,2019,1275.65944
gnq,2020,1116.56451
gnq,2021,1295.32968
gnq,2022,1278.54521
gnq,2023,1271.35042
grc,1990,2102.69488
grc,1991,2094.63547
grc,1992,2129.91227
grc,1993,2090.77768
grc,1994,2138.26711
grc,1995,2147.14873
grc,1996,2206.11406
grc,1997,2284.88714
grc,1998,2392.93511
grc,1999,2393.20228
grc,2000,2512.02004
grc,2001,2583.56128
grc,2002,2603.60562
grc,2003,2672.75982
grc,2004,2717.471
grc,2005,2758.67496
grc,2006,2748.70087
grc,2007,2737.50472
grc,2008,2749.77926
grc,2009,2654.84323
grc,2010,2487.52919
grc,2011,2413.1613
grc,2012,2408.75577
grc,2013,2133.12836
grc,2014,2128.79232
grc,2015,2148.04708
grc,2016,2109.41657
grc,2017,2148.05156
grc,2018,2089.36044
grc,2019,2058.54338
grc,2020,1839.48819
grc,2021,1924.00172
grc,2022,1957.79872
grc,2023,1874.95623
grc,2024,1921.30169
grd,1990,424.92669
grd,2004,676.89324
grd,2005,719.92272
grd,2006,735.46103
grd,2007,732.88576
gtm,1990,488.84053
gtm,1991,489.32506
gtm,1992,502.68107
gtm,1993,487.9316
gtm,1994,500.75101
gtm,1995,516.44742
gtm,1996,517.24504
gtm,1997,527.53846
gtm,1998,559.04951
gtm,1999,600.76733
gtm,2000,615.95927
gtm,2001,617.59911
gtm,2002,691.77249
gtm,2003,690.15246
gtm,2004,695.80729
gtm,2005,696.53256
gtm,2006,686.76692
gtm,2007,720.41604
gtm,2008,686.74151
gtm,2009,721.33065
gtm,2010,714.07947
gtm,2011,714.30978
gtm,2012,734.09714
gtm,2013,739.00596
gtm,2014,756.33322
gtm,2015,787.3338
gtm,2016,833.61956
gtm,2017,817.74304
gtm,2018,833.89629
gtm,2019,851.64122
gtm,2020,823.81646
gtm,2021,924.27288
gtm,2022,887.90048
gtm,2023,934.93092
guy,1990,509.51985
guy,2004,628.26429
guy,2005,650.53344
guy,2006,658.79104
guy,2007,660.62328
hkg,1990,1643.83925
hkg,1991,1703.23035
hkg,1992,1994.28603
hkg,1993,1817.02188
hkg,1994,1856.8078
hkg,1995,1781.19266
hkg,1996,1697.25887
hkg,1997,1588.71002
hkg,1998,2006.21136
hkg,1999,2391.77783
hkg,2000,2121.26333
hkg,2001,2078.7202
hkg,2002,1934.2583
hkg,2003,2027.39386
hkg,2004,1823.00667
hkg,2005,1864.70664
hkg,2006,1899.4468
hkg,2007,2045.97033
hkg,2008,1985.30654
hkg,2009,2043.2717
hkg,2010,1922.62412
hkg,2011,2037.95846
hkg,2012,1944.99682
hkg,2013,1907.46341
hkg,2014,1904.11999
hkg,2015,2030.16883
hkg,2016,2081.70252
hkg,2017,1868.11658
hkg,2018,1896.46706
hkg,2019,1866.71307
hkg,2020,1647.66314
hkg,2021,1669.78513
hkg,2022,1565.0891
hkg,2023,1517.85567
hnd,1990,477.82722
hnd,1991,468.53268
hnd,1992,474.95682
hnd,1993,471.84322
hnd,1994,476.12136
hnd,1995,492.05783
hnd,1996,480.29274
hnd,1997,510.17382
hnd,1998,533.4316
hnd,1999,470.24982
hnd,2000,456.24481
hnd,2001,478.94695
hnd,2002,488.70261
hnd,2003,517.34976
hnd,2004,546.8656
hnd,2005,529.29737
hnd,2006,563.81595
hnd,2007,589.59418
hnd,2008,585.57373
hnd,2009,565.8472
hnd,2010,561.81851
hnd,2011,607.41581
hnd,2012,611.21269
hnd,2013,613.62049
hnd,2014,604.09304
hnd,2015,659.39407
hnd,2016,616.39141
hnd,2017,537.59238
hnd,2018,565.07792
hnd,2019,583.59191
hnd,2020,544.57386
hnd,2021,569.96647
hnd,2022,573.34445
hnd,2023,593.62955
hrv,1990,1983.33814
hrv,1991,1722.21906
hrv,1992,1613.31788
hrv,1993,1637.31594
hrv,1994,1576.32858
hrv,1995,1636.96263
hrv,1996,1798.12488
hrv,1997,1849.47934
hrv,1998,1878.16241
hrv,1999,1934.78219
hrv,2000,1882.60707
hrv,2001,2033.21444
hrv,2002,2081.90028
hrv,2003,2229.34174
hrv,2004,2228.32579
hrv,2005,2260.50892
hrv,2006,2247.14619
hrv,2007,2335.40183
hrv,2008,2276.13552
hrv,2009,2199.79196
hrv,2010,2181.04401
hrv,2011,2137.20951
hrv,2012,2020.48417
hrv,2013,1990.54137
hrv,2014,1909.8358
hrv,2015,2018.54259
hrv,2016,2057.18869
hrv,2017,2159.96952
hrv,2018,2127.63879
hrv,2019,2173.19836
hrv,2020,2104.84531
hrv,2021,2212.49721
hrv,2022,2154.95483
hrv,2023,2237.2337
hti,1990,344.59684
hti,1991,338.20725
hti,1992,331.35878
hti,1993,323.58253
hti,1994,300.17611
hti,1995,332.31987
hti,1996,338.04463
hti,1997,352.73895
hti,1998,348.12615
hti,1999,350.04846
hti,2000,362.50815
hti,2001,349.87196
hti,2002,357.41527
hti,2003,352.78384
hti,2004,352.98291
hti,2005,358.40566
hti,2006,362.8728
hti,2007,365.1248
hti,2008,368.50703
hti,2009,377.42734
hti,2010,388.99552
hti,2011,402.48392
hti,2012,408.92913
hti,2013,415.23882
hti,2014,400.50047
hti,2015,400.1479
hti,2016,408.57216
hti,2017,408.77623
hti,2018,418.12993
hti,2019,406.87086
hti,2020,391.18448
hti,2021,397.56113
hti,2022,370.31725
hti,2023,323.97126
hun,1990,2774.66775
hun,1991,2643.10681
hun,1992,2423.38958
hun,1993,2481.57741
hun,1994,2405.83433
hun,1995,2503.2587
hun,1996,2573.19416
hun,1997,2527.50156
hun,1998,2502.42675
hun,1999,2490.94018
hun,2000,2448.354
hun,2001,2512.91908
hun,2002,2520.39756
hun,2003,2580.49626
hun,2004,2579.60476
hun,2005,2781.00595
hun,2006,2760.46243
hun,2007,2709.84389
hun,2008,2676.90841
hun,2009,2548.81278
hun,2010,2651.34338
hun,2011,2600.71787
hun,2012,2490.18579
hun,2013,2420.1695
hun,2014,2423.51499
hun,2015,2571.15091
hun,2016,2613.09354
hun,2017,2737.45333
hun,2018,2738.82729
hun,2019,2749.24132
hun,2020,2713.17923
hun,2021,2850.7058
hun,2022,2672.86766
hun,2023,2515.37053
hun,2024,2514.14446
idn,1990,461.47875
idn,1991,477.03467
idn,1992,489.75955
idn,1993,534.33477
idn,1994,524.02186
idn,1995,574.75719
idn,1996,587.21875
idn,1997,595.38779
idn,1998,567.57782
idn,1999,587.05274
idn,2000,585.7865
idn,2001,591.12494
idn,2002,606.32231
idn,2003,597.27562
idn,2004,634.75239
idn,2005,637.32976
idn,2006,643.62466
idn,2007,628.60052
idn,2008,632.50707
idn,2009,674.89454
idn,2010,674.42844
idn,2011,670.38119
idn,2012,685.57131
idn,2013,701.22584
idn,2014,710.04059
idn,2015,704.24818
idn,2016,724.41648
idn,2017,761.41039
idn,2018,832.36186
idn,2019,850.73773
idn,2020,856.0962
idn,2021,902.2336
idn,2022,958.64936
idn,2023,982.41493
ind,1990,323.59583
ind,1991,331.22209
ind,1992,336.20682
ind,1993,339.03803
ind,1994,347.80618
ind,1995,361.64067
ind,1996,367.70465
ind,1997,376.18559
ind,1998,378.30039
ind,1999,392.97673
ind,2000,394.9168
ind,2001,393.38089
ind,2002,397.34425
ind,2003,399.6999
ind,2004,415.47996
ind,2005,425.36964
ind,2006,441.78589
ind,2007,461.20174
ind,2008,481.55303
ind,2009,509.446
ind,2010,531.86707
ind,2011,546.67589
ind,2012,572.13309
ind,2013,577.25462
ind,2014,610.16537
ind,2015,622.33988
ind,2016,627.27353
ind,2017,648.01472
ind,2018,668.30337
ind,2019,666.97735
ind,2020,632.23983
ind,2021,676.81429
ind,2022,727.9022
ind,2023,763.1979
irl,1990,2820.5435
irl,1991,2828.00013
irl,1992,2775.3721
irl,1993,2813.89488
irl,1994,2941.79943
irl,1995,2952.15019
irl,1996,3122.61178
irl,1997,3256.00583
irl,1998,3417.93755
irl,1999,3544.84051
irl,2000,3627.38543
irl,2001,3714.01795
irl,2002,3663.16912
irl,2003,3515.79432
irl,2004,3558.69801
irl,2005,3513.15702
irl,2006,3433.69085
irl,2007,3407.88559
irl,2008,3311.73521
irl,2009,3173.73356
irl,2010,3149.89842
irl,2011,2875.40675
irl,2012,2858.91736
irl,2013,2802.60964
irl,2014,2726.60528
irl,2015,2825.98121
irl,2016,2932.30415
irl,2017,2854.8582
irl,2018,2820.44138
irl,2019,2747.90158
irl,2020,2633.97691
irl,2021,2689.36334
irl,2022,2600.15741
irl,2023,2467.73734
irl,2024,2467.50339
irn,1990,1187.74506
irn,1991,1281.45329
irn,1992,1322.50944
irn,1993,1418.82847
irn,1994,1572.39282
irn,1995,1627.53421
irn,1996,1553.03447
irn,1997,1716.87603
irn,1998,1724.62255
irn,1999,1928.76955
irn,2000,1852.32868
irn,2001,1978.89752
irn,2002,2030.52201
irn,2003,2075.20524
irn,2004,2215.26567
irn,2005,2404.72248
irn,2006,2459.98518
irn,2007,2560.85803
irn,2008,2711.041
irn,2009,2672.02281
irn,2010,2639.53621
irn,2011,2658.7496
irn,2012,2740.80449
irn,2013,2758.63469
irn,2014,2883.56134
irn,2015,2737.21795
irn,2016,2861.01308
irn,2017,3026.76271
irn,2018,2921.43584
irn,2019,3177.85679
irn,2020,3256.87632
irn,2021,3356.96967
irn,2022,3288.17306
irn,2023,3399.10476
irq,1990,1140.06857
irq,1991,898.06902
irq,1992,1295.43119
irq,1993,1556.86859
irq,1994,1688.17518
irq,1995,1580.67937
irq,1996,1476.75566
irq,1997,1731.61876
irq,1998,1273.20992
irq,1999,959.84585
irq,2000,1089.27326
irq,2001,1181.99516
irq,2002,1091.28719
irq,2003,939.51763
irq,2004,980.24944
irq,2005,949.25348
irq,2006,916.17904
irq,2007,909.13366
irq,2008,962.30184
irq,2009,995.77984
irq,2010,1064.17152
irq,2011,1125.37332
irq,2012,1190.03229
irq,2013,1175.83272
irq,2014,1082.71905
irq,2015,998.34955
irq,2016,1076.45729
irq,2017,1185.88106
irq,2018,1287.11356
irq,2019,1319.49518
irq,2020,1142.90736
irq,2021,1275.91307
irq,2022,1415.17378
irq,2023,1506.04802
isl,1990,9058.44054
isl,1991,8191.2681
isl,1992,7916.88186
isl,1993,8380.54983
isl,1994,8446.30688
isl,1995,8405.25596
isl,1996,8991.31575
isl,1997,8777.09866
isl,1998,9291.86511
isl,1999,10353.99859
isl,2000,11404.94359
isl,2001,10925.45139
isl,2002,11168.37142
isl,2003,11092.61784
isl,2004,10892.78401
isl,2005,10877.23019
isl,2006,13184.47716
isl,2007,15188.37773
isl,2008,17341.07262
isl,2009,17936.59575
isl,2010,17024.51309
isl,2011,18161.52411
isl,2012,17633.64828
isl,2013,18212.73365
isl,2014,17947.03823
isl,2015,16910.72123
isl,2016,15701.47301
isl,2017,16234.98296
isl,2018,17346.75027
isl,2019,16700.592
isl,2020,16083.60997
isl,2021,15779.65307
isl,2022,15806.78484
isl,2023,15685.69796
isl,2024,15996.67961
isr,1990,2460.48177
isr,1991,2324.55599
isr,1992,2580.92969
isr,1993,2634.64594
isr,1994,2738.44186
isr,1995,2796.31041
isr,1996,2801.22764
isr,1997,2881.17071
isr,1998,2885.62324
isr,1999,2737.58343
isr,2000,2899.21092
isr,2001,2973.01751
isr,2002,2862.54444
isr,2003,2949.3614
isr,2004,2822.35591
isr,2005,2661.9801
isr,2006,2883.01358
isr,2007,2899.35254
isr,2008,3130.72174
isr,2009,2874.86147
isr,2010,3043.56518
isr,2011,2981.37242
isr,2012,2968.58834
isr,2013,2662.60942
isr,2014,2528.01856
isr,2015,2607.844
isr,2016,2569.21718
isr,2017,2481.51602
isr,2018,2490.06554
isr,2019,2407.975
isr,2020,2453.62703
isr,2021,2432.55093
isr,2022,2501.42064
isr,2023,2459.62529
isr,2024,2483.55289
ita,1990,2584.07899
ita,1991,2645.87384
ita,1992,2627.54012
ita,1993,2612.194
ita,1994,2578.66204
ita,1995,2799.59479
ita,1996,2796.38058
ita,1997,2834.63681
ita,1998,2913.20023
ita,1999,2957.58655
ita,2000,3012.48356
ita,2001,3020.75373
ita,2002,3035.91851
ita,2003,3164.10814
ita,2004,3162.43495
ita,2005,3204.1352
ita,2006,3162.24131
ita,2007,3132.89654
ita,2008,3067.89963
ita,2009,2848.10101
ita,2010,2904.35856
ita,2011,2798.23628
ita,2012,2680.46208
ita,2013,2576.45615
ita,2014,2433.16258
ita,2015,2533.02354
ita,2016,2511.46353
ita,2017,2557.32536
ita,2018,2503.34986
ita,2019,2494.0266
ita,2020,2313.10006
ita,2021,2531.08699
ita,2022,2411.65172
ita,2023,2298.39094
ita,2024,2231.2021
jam,1990,1098.84827
jam,1991,1091.70767
jam,1992,1139.85407
jam,1993,1130.54026
jam,1994,1140.90645
jam,1995,1203.56732
jam,1996,1257.38194
jam,1997,1243.88202
jam,1998,1286.68442
jam,1999,1308.89612
jam,2000,1339.10999
jam,2001,1357.36285
jam,2002,1290.94474
jam,2003,1339.31816
jam,2004,1338.63104
jam,2005,1303.21147
jam,2006,1470.675
jam,2007,1479.15826
jam,2008,1177.37177
jam,2009,943.35139
jam,2010,875.10068
jam,2011,923.89999
jam,2012,888.69285
jam,2013,930.08504
jam,2014,900.32646
jam,2015,900.56381
jam,2016,995.57551
jam,2017,917.13993
jam,2018,1029.18714
jam,2019,1072.41919
jam,2020,792.69386
jam,2021,877.90333
jam,2022,962.77187
jam,2023,934.89142
jor,1990,903.93796
jor,1991,864.33912
jor,1992,921.01962
jor,1993,866.11452
jor,1994,885.13825
jor,1995,905.19359
jor,1996,898.41257
jor,1997,893.49163
jor,1998,902.81466
jor,1999,880.87157
jor,2000,903.24309
jor,2001,876.03709
jor,2002,900.96496
jor,2003,900.98599
jor,2004,1057.17652
jor,2005,1107.30679
jor,2006,1066.35731
jor,2007,1055.84778
jor,2008,1011.34554
jor,2009,1044.29967
jor,2010,973.41322
jor,2011,944.48619
jor,2012,1034.50306
jor,2013,966.8499
jor,2014,930.1605
jor,2015,903.43367
jor,2016,887.61676
jor,2017,917.04157
jor,2018,869.21201
jor,2019,811.58301
jor,2020,754.94383
jor,2021,741.99777
jor,2022,757.51805
jor,2023,767.63546
jpn,1990,3538.39176
jpn,1991,3560.8961
jpn,1992,3626.4689
jpn,1993,3636.46948
jpn,1994,3823.87114
jpn,1995,3915.67795
jpn,1996,3990.47399
jpn,1997,4022.08915
jpn,1998,3938.28294
jpn,1999,3994.22368
jpn,2000,4067.03534
jpn,2001,3990.10602
jpn,2002,3992.91998
jpn,2003,3956.90049
jpn,2004,4085.49196
jpn,2005,4066.442
jpn,2006,4064.36045
jpn,2007,4020.80547
jpn,2008,3867.13557
jpn,2009,3709.02326
jpn,2010,3900.21213
jpn,2011,3620.18019
jpn,2012,3536.70253
jpn,2013,3567.33781
jpn,2014,3445.81633
jpn,2015,3400.59271
jpn,2016,3370.8878
jpn,2017,3391.05041
jpn,2018,3343.05413
jpn,2019,3261.62025
jpn,2020,3046.85481
jpn,2021,3196.03971
jpn,2022,3129.65862
jpn,2023,3039.14126
jpn,2024,3005.89903
kaz,1990,4281.89445
kaz,1991,4337.69754
kaz,1992,4549.12129
kaz,1993,3799.01798
kaz,1994,3411.22039
kaz,1995,3122.78221
kaz,1996,2762.82238
kaz,1997,2461.86076
kaz,1998,2514.04329
kaz,1999,2324.27263
kaz,2000,2301.83295
kaz,2001,2217.57862
kaz,2002,2538.14202
kaz,2003,2737.29873
kaz,2004,3204.58811
kaz,2005,3186.46182
kaz,2006,3763.63491
kaz,2007,4065.37339
kaz,2008,4253.35381
kaz,2009,3819.51469
kaz,2010,4105.70189
kaz,2011,4532.00309
kaz,2012,4270.2434
kaz,2013,4645.78037
kaz,2014,3698.18319
kaz,2015,3050.94385
kaz,2016,3389.09732
kaz,2017,3404.26707
kaz,2018,3814.13873
kaz,2019,3753.15793
kaz,2020,3388.38789
kaz,2021,3540.4003
kaz,2022,3506.54555
kaz,2023,3650.54759
ken,1990,472.55859
ken,1991,465.13535
ken,1992,461.5148
ken,1993,457.16248
ken,1994,448.81779
ken,1995,457.70187
ken,1996,461.28854
ken,1997,453.64436
ken,1998,459.34255
ken,1999,456.36749
ken,2000,460.25956
ken,2001,452.42846
ken,2002,445.35177
ken,2003,435.10305
ken,2004,449.67502
ken,2005,453.62492
ken,2006,459.85851
ken,2007,456.22375
ken,2008,456.15344
ken,2009,470.58839
ken,2010,469.59582
ken,2011,472.71516
ken,2012,462.74985
ken,2013,471.43547
ken,2014,497.48566
ken,2015,530.4589
ken,2016,533.40778
ken,2017,538.6069
ken,2018,546.4953
ken,2019,543.88319
ken,2020,534.75396
ken,2021,539.77864
ken,2022,541.12805
ken,2023,544.94057
ken,2024,539.29843
kgz,1990,1704.87426
kgz,1991,1520.68058
kgz,1992,1102.81488
kgz,1993,856.92113
kgz,1994,618.88443
kgz,1995,522.80047
kgz,1996,595.72685
kgz,1997,552.19008
kgz,1998,578.93279
kgz,1999,498.39931
kgz,2000,473.38021
kgz,2001,435.88129
kgz,2002,485.30086
kgz,2003,511.24961
kgz,2004,497.87548
kgz,2005,498.53941
kgz,2006,485.42485
kgz,2007,560.62121
kgz,2008,593.94782
kgz,2009,535.17433
kgz,2010,503.61558
kgz,2011,596.80179
kgz,2012,731.35642
kgz,2013,674.45237
kgz,2014,691.53854
kgz,2015,659.1277
kgz,2016,624.35348
kgz,2017,609.7056
kgz,2018,707.08119
kgz,2019,609.88199
kgz,2020,562.28915
kgz,2021,595.83322
kgz,2022,643.20284
kgz,2023,591.21151
khm,1995,282.3501
khm,1996,269.71597
khm,1997,258.94725
khm,1998,268.34619
khm,1999,271.4483
khm,2000,273.11106
khm,2001,276.16421
khm,2002,272.09528
khm,2003,275.59857
khm,2004,279.27234
khm,2005,286.39039
khm,2006,289.72636
khm,2007,298.21377
khm,2008,296.38962
khm,2009,311.46241
khm,2010,323.25597
khm,2011,325.0638
khm,2012,334.02596
khm,2013,337.78204
khm,2014,359.95418
khm,2015,379.75475
khm,2016,412.76121
khm,2017,418.96848
khm,2018,440.51228
khm,2019,487.93892
khm,2020,513.17925
khm,2021,497.04213
khm,2022,498.31174
khm,2023,554.90518
kir,1990,95.0191
kir,2004,83.25961
kir,2005,81.60351
kir,2006,99.983
kir,2007,107.77129
kna,1990,534.25134
kna,2004,1640.93706
kna,2005,1701.22962
kna,2006,1696.40748
kna,2007,1777.07361
kor,1990,2088.02163
kor,1991,2259.93752
kor,1992,2545.85499
kor,1993,2824.8679
kor,1994,2968.99819
kor,1995,3234.29761
kor,1996,3460.92202
kor,1997,3675.4683
kor,1998,3374.3487
kor,1999,3665.80037
kor,2000,3952.36285
kor,2001,3923.08094
kor,2002,4093.4764
kor,2003,4137.6465
kor,2004,4255.20022
kor,2005,4324.5093
kor,2006,4337.55103
kor,2007,4487.98133
kor,2008,4512.96932
kor,2009,4557.69757
kor,2010,4920.3416
kor,2011,5114.96283
kor,2012,5122.94213
kor,2013,5108.23634
kor,2014,5136.98533
kor,2015,5239.00345
kor,2016,5390.84043
kor,2017,5467.82225
kor,2018,5531.77957
kor,2019,5334.67386
kor,2020,5195.91011
kor,2021,5513.62831
kor,2022,5411.97478
kor,2023,5336.92486
kor,2024,5438.79037
kos,2000,856.94369
kos,2001,1044.87066
kos,2002,1035.03653
kos,2003,1091.49742
kos,2004,1099.83251
kos,2005,1070.06721
kos,2006,1084.4635
kos,2007,1131.46798
kos,2008,1230.09754
kos,2009,1356.38701
kos,2010,1394.78002
kos,2011,1410.72542
kos,2012,1310.38566
kos,2013,1296.69455
kos,2014,1219.31522
kwt,1990,5367.1816
kwt,1991,1851.86123
kwt,1992,5354.04474
kwt,1993,7325.822
kwt,1994,8627.9577
kwt,1995,8751.97609
kwt,1996,8370.10997
kwt,1997,8179.9051
kwt,1998,9038.31884
kwt,1999,9405.01208
kwt,2000,9498.02436
kwt,2001,9864.90676
kwt,2002,9714.8896
kwt,2003,10164.17928
kwt,2004,10971.4644
kwt,2005,12019.62545
kwt,2006,10452.80384
kwt,2007,9524.11402
kwt,2008,10651.12381
kwt,2009,10531.90409
kwt,2010,11313.74616
kwt,2011,10506.46597
kwt,2012,10426.98271
kwt,2013,9778.60748
kwt,2014,8692.30404
kwt,2015,9738.48955
kwt,2016,9693.77926
kwt,2017,9535.25161
kwt,2018,9781.85322
kwt,2019,8355.80189
kwt,2020,8874.99125
kwt,2021,8573.69391
kwt,2022,9132.60591
kwt,2023,8952.27483
lao,2000,296.82843
lao,2001,305.20379
lao,2002,308.96484
lao,2003,314.01957
lao,2004,319.06291
lao,2005,324.85682
lao,2006,349.38502
lao,2007,377.46119
lao,2008,406.7276
lao,2009,420.2735
lao,2010,425.36948
lao,2011,424.22659
lao,2012,430.53226
lao,2013,446.11113
lao,2014,458.21746
lao,2015,602.36764
lao,2016,754.15791
lao,2017,811.93992
lao,2018,820.79638
lao,2019,809.25574
lao,2020,727.9037
lao,2021,753.83033
lao,2022,847.10747
lao,2023,880.59898
lbn,1990,543.47917
lbn,1991,659.14325
lbn,1992,653.9472
lbn,1993,921.55148
lbn,1994,991.74063
lbn,1995,1115.10083
lbn,1996,1155.74538
lbn,1997,1277.85655
lbn,1998,1237.7738
lbn,1999,1272.57005
lbn,2000,1136.87014
lbn,2001,1199.71024
lbn,2002,1175.25347
lbn,2003,1157.29882
lbn,2004,1149.06002
lbn,2005,1079.47193
lbn,2006,985.78547
lbn,2007,823.875
lbn,2008,1061.37912
lbn,2009,1336.59417
lbn,2010,1272.70443
lbn,2011,1257.01534
lbn,2012,1383.47674
lbn,2013,1238.32383
lbn,2014,1192.55301
lbn,2015,1284.15018
lbn,2016,1356.17702
lbn,2017,1475.80821
lbn,2018,1431.82553
lbn,2019,1489.87217
lbn,2020,1251.18116
lbn,2021,987.5971
lbn,2022,652.74137
lbn,2023,780.33016
lby,1990,2512.50762
lby,1991,2493.27597
lby,1992,2429.43955
lby,1993,2472.15012
lby,1994,2739.83663
lby,1995,2850.5931
lby,1996,2937.61135
lby,1997,2932.65189
lby,1998,2967.34213
lby,1999,2854.88343
lby,2000,2976.83651
lby,2001,3074.78059
lby,2002,3089.63283
lby,2003,3033.31081
lby,2004,3051.03346
lby,2005,3114.98564
lby,2006,2733.38301
lby,2007,2363.56247
lby,2008,2578.95943
lby,2009,2784.55455
lby,2010,3131.50608
lby,2011,2631.72795
lby,2012,3101.47681
lby,2013,2747.59074
lby,2014,3550.57428
lby,2015,2942.78951
lby,2016,3350.14261
lby,2017,3698.16884
lby,2018,3345.56283
lby,2019,3691.94352
lby,2020,1411.04334
lby,2021,2102.6359
lby,2022,1543.81472
lby,2023,2662.16737
lca,1990,405.63555
lca,2004,730.64254
lca,2005,743.42702
lca,2006,714.11854
lca,2007,763.00385
lka,1990,337.38959
lka,1991,339.93528
lka,1992,343.30644
lka,1993,355.83945
lka,1994,336.76248
lka,1995,341.95735
lka,1996,375.3832
lka,1997,381.70685
lka,1998,380.77522
lka,1999,399.12353
lka,2000,431.62612
lka,2001,410.76714
lka,2002,413.99268
lka,2003,435.23862
lka,2004,438.06992
lka,2005,445.30089
lka,2006,446.35069
lka,2007,451.98041
lka,2008,437.22621
lka,2009,441.0467
lka,2010,467.33703
lka,2011,472.04955
lka,2012,481.96996
lka,2013,456.61163
lka,2014,485.88897
lka,2015,501.51829
lka,2016,542.57738
lka,2017,514.23623
lka,2018,508.54336
lka,2019,523.46721
lka,2020,511.10995
lka,2021,527.1567
lka,2022,463.72672
lka,2023,466.71899
lso,2004,14.20506
lso,2005,16.89642
lso,2006,9.76832
lso,2007,9.72729
ltu,1990,4344.38252
ltu,1991,4601.93095
ltu,1992,2978.47794
ltu,1993,2472.21428
ltu,1994,2220.47403
ltu,1995,2401.16634
ltu,1996,2610.08628
ltu,1997,2493.74956
ltu,1998,2637.51048
ltu,1999,2262.27498
ltu,2000,2040.58089
ltu,2001,2388.28142
ltu,2002,2578.77098
ltu,2003,2714.29509
ltu,2004,2784.89404
ltu,2005,2668.04972
ltu,2006,2669.90396
ltu,2007,2927.72851
ltu,2008,2978.88326
ltu,2009,2771.8187
ltu,2010,2276.51776
ltu,2011,2412.9776
ltu,2012,2468.16458
ltu,2013,2352.91337
ltu,2014,2376.27538
ltu,2015,2420.60555
ltu,2016,2504.98384
ltu,2017,2653.39984
ltu,2018,2711.16187
ltu,2019,2707.60765
ltu,2020,2674.0684
ltu,2021,2774.31979
ltu,2022,2453.93993
ltu,2023,2437.04601
ltu,2024,2602.99603
lux,1990,8874.23375
lux,1991,9353.56327
lux,1992,9262.23284
lux,1993,9267.14267
lux,1994,8823.4123
lux,1995,7705.61139
lux,1996,7711.39687
lux,1997,7410.05942
lux,1998,7067.12783
lux,1999,7267.21827
lux,2000,7682.15555
lux,2001,7986.41389
lux,2002,8205.4747
lux,2003,8553.03438
lux,2004,9381.20382
lux,2005,9429.92465
lux,2006,9172.05598
lux,2007,8779.50608
lux,2008,8625.43334
lux,2009,7958.76293
lux,2010,8335.83501
lux,2011,8062.97912
lux,2012,7723.78432
lux,2013,7320.72168
lux,2014,6878.68145
lux,2015,6548.75962
lux,2016,6342.68338
lux,2017,6313.35371
lux,2018,6414.36478
lux,2019,6376.86697
lux,2020,5435.81571
lux,2021,5631.08726
lux,2022,4862.94741
lux,2023,4592.37979
lux,2024,4552.13865
lva,1990,2962.61535
lva,1991,2799.84978
lva,1992,2342.08646
lva,1993,2058.79947
lva,1994,1894.08737
lva,1995,1849.74049
lva,1996,1840.13311
lva,1997,1821.52503
lva,1998,1796.35475
lva,1999,1664.12048
lva,2000,1618.63984
lva,2001,1759.37012
lva,2002,1763.47088
lva,2003,1890.17675
lva,2004,1961.33307
lva,2005,2022.79777
lva,2006,2114.39349
lva,2007,2179.77648
lva,2008,2106.60106
lva,2009,2056.15424
lva,2010,2149.36313
lva,2011,2066.71476
lva,2012,2171.07871
lva,2013,2156.58828
lva,2014,2177.02968
lva,2015,2155.85221
lva,2016,2172.43885
lva,2017,2265.21694
lva,2018,2403.49982
lva,2019,2343.51582
lva,2020,2251.3825
lva,2021,2375.51851
lva,2022,2256.11905
lva,2023,2240.3365
lva,2024,2270.98429
mar,1990,312.55231
mar,1991,322.84485
mar,1992,336.36271
mar,1993,343.58559
mar,1994,362.49139
mar,1995,353.72576
mar,1996,366.08725
mar,1997,371.74118
mar,1998,373.26913
mar,1999,391.11778
mar,2000,387.67433
mar,2001,405.38573
mar,2002,406.63484
mar,2003,399.73637
mar,2004,463.89486
mar,2005,484.79791
mar,2006,486.58273
mar,2007,495.47181
mar,2008,507.93232
mar,2009,504.8586
mar,2010,526.09853
mar,2011,559.35328
mar,2012,559.65654
mar,2013,554.32208
mar,2014,555.59104
mar,2015,563.60311
mar,2016,558.06202
mar,2017,577.5821
mar,2018,577.17857
mar,2019,614.50273
mar,2020,575.6993
mar,2021,616.05139
mar,2022,602.99448
mar,2023,600.64391
mda,1990,3322.28579
mda,1991,2767.5951
mda,1992,2296.83353
mda,1993,2048.93757
mda,1994,1715.88534
mda,1995,1597.8784
mda,1996,1376.04348
mda,1997,1318.39683
mda,1998,1217.56418
mda,1999,1063.33956
mda,2000,985.92895
mda,2001,1046.10154
mda,2002,1063.47434
mda,2003,1157.57082
mda,2004,1166.21191
mda,2005,1219.63334
mda,2006,1197.85781
mda,2007,1173.38915
mda,2008,1168.16513
mda,2009,1111.42197
mda,2010,1302.53379
mda,2011,1322.40704
mda,2012,1316.7686
mda,2013,1184.75018
mda,2014,1277.13936
mda,2015,1307.99462
mda,2016,1356.31269
mda,2017,1397.5991
mda,2018,1495.57314
mda,2019,1500.03948
mda,2020,1461.47443
mda,2021,1611.52792
mda,2022,1422.63575
mda,2023,1296.80089
mdg,1990,224.50126
mdg,1991,226.6163
mdg,1992,227.13634
mdg,1993,229.10472
mdg,1994,209.55476
mdg,1995,243.79619
mdg,1996,247.04607
mdg,1997,249.28804
mdg,1998,251.87635
mdg,1999,256.01679
mdg,2000,255.70999
mdg,2001,254.16783
mdg,2002,235.9047
mdg,2003,247.05392
mdg,2004,250.24599
mdg,2005,250.78081
mdg,2006,250.83474
mdg,2007,254.44152
mdg,2008,259.19727
mdg,2009,253.62761
mdg,2010,255.48679
mdg,2011,259.29331
mdg,2012,265.24206
mdg,2013,268.49407
mdg,2014,271.28169
mdg,2015,275.43359
mdg,2016,293.32892
mdg,2017,299.46352
mdg,2018,292.83133
mdg,2019,313.77331
mdg,2020,300.28522
mdg,2021,305.97626
mdg,2022,307.48056
mdg,2023,304.42888
mdv,1990,226.44815
mdv,2004,829.42673
mdv,2005,734.26471
mdv,2006,917.63289
mdv,2007,921.4772
mex,1990,1502.65916
mex,1991,1547.44133
mex,1992,1532.05084
mex,1993,1529.66918
mex,1994,1536.71971
mex,1995,1461.0305
mex,1996,1467.31082
mex,1997,1518.2628
mex,1998,1536.12242
mex,1999,1555.69408
mex,2000,1541.32297
mex,2001,1563.12708
mex,2002,1556.55452
mex,2003,1644.23441
mex,2004,1651.99433
mex,2005,1718.63669
mex,2006,1723.71764
mex,2007,1693.77881
mex,2008,1678.23287
mex,2009,1616.7937
mex,2010,1581.82623
mex,2011,1632.53834
mex,2012,1652.16322
mex,2013,1633.00512
mex,2014,1582.66666
mex,2015,1539.13827
mex,2016,1525.38374
mex,2017,1478.43897
mex,2018,1493.47882
mex,2019,1469.6535
mex,2020,1366.42723
mex,2021,1417.70559
mex,2022,1441.98383
mex,2023,1467.10932
mex,2024,1558.75791
mhl,2004,559.94285
mhl,2005,558.70227
mhl,2006,577.01185
mhl,2007,614.97069
mkd,1990,1200.33521
mkd,1991,1180.71072
mkd,1992,1328.90825
mkd,1993,1380.86061
mkd,1994,1241.00821
mkd,1995,1251.2157
mkd,1996,1468.0358
mkd,1997,1345.4712
mkd,1998,1439.11481
mkd,1999,1343.52904
mkd,2000,1316.52551
mkd,2001,1266.2501
mkd,2002,1251.05325
mkd,2003,1379.16539
mkd,2004,1362.1845
mkd,2005,1453.50436
mkd,2006,1486.59575
mkd,2007,1550.39471
mkd,2008,1540.6978
mkd,2009,1437.83186
mkd,2010,1475.24277
mkd,2011,1619.76248
mkd,2012,1549.52343
mkd,2013,1441.72181
mkd,2014,1404.88281
mkd,2015,1387.97962
mkd,2016,1408.22019
mkd,2017,1438.49196
mkd,2018,1370.12165
mkd,2019,1503.51337
mkd,2020,1388.54646
mkd,2021,1455.0884
mkd,2022,1476.13543
mkd,2023,1450.14177
mlt,1990,1961.64256
mlt,1991,1846.46137
mlt,1992,1807.04452
mlt,1993,2288.96021
mlt,1994,2056.33433
mlt,1995,1879.02897
mlt,1996,1836.61841
mlt,1997,2047.39673
mlt,1998,1792.79948
mlt,1999,1943.41376
mlt,2000,1731.67515
mlt,2001,2001.30094
mlt,2002,1851.86413
mlt,2003,2071.44953
mlt,2004,2066.57164
mlt,2005,2101.87985
mlt,2006,2095.17873
mlt,2007,2131.22296
mlt,2008,2153.74904
mlt,2009,1953.43409
mlt,2010,2022.68895
mlt,2011,2002.2597
mlt,2012,2102.7842
mlt,2013,1822.1129
mlt,2014,1793.37877
mlt,2015,1448.87227
mlt,2016,1311.66733
mlt,2017,1451.20923
mlt,2018,1407.69637
mlt,2019,1440.48279
mlt,2020,1336.72896
mlt,2021,1363.05571
mlt,2022,1456.24525
mlt,2023,1397.99606
mmr,1990,270.11485
mmr,1991,261.94898
mmr,1992,266.97207
mmr,1993,260.66231
mmr,1994,275.94544
mmr,1995,282.09772
mmr,1996,279.43705
mmr,1997,285.58635
mmr,1998,288.91649
mmr,1999,293.82791
mmr,2000,300.3844
mmr,2001,293.04676
mmr,2002,289.55213
mmr,2003,309.38879
mmr,2004,323.06285
mmr,2005,328.79147
mmr,2006,330.71254
mmr,2007,340.4592
mmr,2008,326.24759
mmr,2009,307.347
mmr,2010,294.98875
mmr,2011,296.50347
mmr,2012,320.16527
mmr,2013,333.62574
mmr,2014,361.88652
mmr,2015,369.66258
mmr,2016,396.46584
mmr,2017,445.12653
mmr,2018,439.29352
mmr,2019,417.77275
mmr,2020,424.43069
mmr,2021,391.96431
mmr,2022,398.28468
mmr,2023,410.86421
mne,2005,1662.81205
mne,2006,1841.67944
mne,2007,1828.43393
mne,2008,1965.21593
mne,2009,1555.00502
mne,2010,1820.45249
mne,2011,1811.21612
mne,2012,1701.46828
mne,2013,1574.55137
mne,2014,1532.3428
mne,2015,1599.59389
mne,2016,1552.23307
mne,2017,1625.49608
mne,2018,1679.55976
mne,2019,1737.5932
mne,2020,1625.86285
mne,2021,1730.51151
mne,2022,1674.1286
mne,2023,1722.21525
mng,1990,1664.80043
mng,1991,1766.06641
mng,1992,1542.06048
mng,1993,1442.77426
mng,1994,1231.3781
mng,1995,1204.71481
mng,1996,998.21314
mng,1997,962.55391
mng,1998,956.91134
mng,1999,944.80827
mng,2000,1002.47714
mng,2001,997.63502
mng,2002,1054.5091
mng,2003,1016.89678
mng,2004,1035.46685
mng,2005,1179.79038
mng,2006,1330.28551
mng,2007,1370.90944
mng,2008,1354.84814
mng,2009,1382.98379
mng,2010,1439.58747
mng,2011,1548.68713
mng,2012,1579.88582
mng,2013,1770.46836
mng,2014,1783.41679
mng,2015,1535.5238
mng,2016,1606.45079
mng,2017,1622.10144
mng,2018,1785.11156
mng,2019,2035.62678
mng,2020,1793.27311
mng,2021,1944.52664
mng,2022,1914.21838
mng,2023,2176.26136
moz,1990,443.81307
moz,1991,432.84803
moz,1992,429.60033
moz,1993,424.52829
moz,1994,402.28308
moz,1995,388.82402
moz,1996,384.51159
moz,1997,386.52071
moz,1998,383.1914
moz,1999,383.7048
moz,2000,396.02804
moz,2001,407.14557
moz,2002,409.45505
moz,2003,421.13047
moz,2004,426.37895
moz,2005,424.49128
moz,2006,428.69252
moz,2007,338.46619
moz,2008,338.66166
moz,2009,358.87986
moz,2010,317.88123
moz,2011,370.87054
moz,2012,364.82867
moz,2013,380.58528
moz,2014,383.32634
moz,2015,385.15286
moz,2016,380.8117
moz,2017,371.74591
moz,2018,366.24804
moz,2019,359.75886
moz,2020,342.95186
moz,2021,353.11345
moz,2022,358.72692
moz,2023,362.8239
mus,1990,629.4329
mus,1991,634.45805
mus,1992,657.81452
mus,1993,678.87907
mus,1994,657.65757
mus,1995,697.03116
mus,1996,702.25996
mus,1997,712.61643
mus,1998,750.48617
mus,1999,775.92039
mus,2000,851.24368
mus,2001,886.79216
mus,2002,873.22171
mus,2003,909.08956
mus,2004,919.83808
mus,2005,945.75472
mus,2006,1006.02063
mus,2007,1007.5947
mus,2008,1026.70709
mus,2009,999.51448
mus,2010,1050.75767
mus,2011,1053.55801
mus,2012,1066.25425
mus,2013,1085.5502
mus,2014,1104.47536
mus,2015,1136.14919
mus,2016,1135.89803
mus,2017,1156.15518
mus,2018,1142.14424
mus,2019,1163.15179
mus,2020,1025.83744
mus,2021,1072.42946
mus,2022,1095.7388
mus,2023,1172.41644
mys,1990,1188.8406
mys,1991,1433.30607
mys,1992,1542.61687
mys,1993,1630.74893
mys,1994,1582.13891
mys,1995,1671.57361
mys,1996,1806.87141
mys,1997,2055.06277
mys,1998,1904.88176
mys,1999,1885.28043
mys,2000,2104.61131
mys,2001,2138.33457
mys,2002,2156.94723
mys,2003,2256.65107
mys,2004,2373.5777
mys,2005,2517.46452
mys,2006,2474.39162
mys,2007,2586.98988
mys,2008,2681.00003
mys,2009,2485.91667
mys,2010,2531.67711
mys,2011,2593.2731
mys,2012,2589.3199
mys,2013,2871.75671
mys,2014,2883.13551
mys,2015,2708.66289
mys,2016,2760.83197
mys,2017,2619.44253
mys,2018,2841.11801
mys,2019,2879.8945
mys,2020,2719.43378
mys,2021,2781.73504
mys,2022,3035.37258
mys,2023,3008.8242
nam,1990,0
nam,1991,483.55157
nam,1992,496.93843
nam,1993,517.58754
nam,1994,539.20132
nam,1995,572.60284
nam,1996,598.28169
nam,1997,594.63192
nam,1998,601.71007
nam,1999,582.50997
nam,2000,576.38831
nam,2001,664.06961
nam,2002,601.57264
nam,2003,618.6692
nam,2004,658.92611
nam,2005,701.66634
nam,2006,691.75675
nam,2007,695.76025
nam,2008,756.43355
nam,2009,773.31383
nam,2010,652.9228
nam,2011,657.24978
nam,2012,667.06735
nam,2013,671.08831
nam,2014,690.1529
nam,2015,716.03471
nam,2016,758.53144
nam,2017,713.80714
nam,2018,733.17406
nam,2019,718.17037
nam,2020,677.76355
nam,2021,680.38262
nam,2022,690.51896
nam,2023,696.9756
ner,1990,174.69986
ner,1991,172.94803
ner,1992,171.47346
ner,1993,173.38971
ner,1994,172.38975
ner,1995,171.0013
ner,1996,172.82759
ner,1997,207.38759
ner,1998,206.08311
ner,1999,203.37136
ner,2000,127.84788
ner,2001,127.08837
ner,2002,127.27597
ner,2003,128.26248
ner,2004,129.29994
ner,2005,126.0313
ner,2006,124.90522
ner,2007,125.87497
ner,2008,127.06541
ner,2009,129.77698
ner,2010,134.74599
ner,2011,112.8798
ner,2012,128.36275
ner,2013,154.8122
ner,2014,151.69695
ner,2015,148.78653
ner,2016,147.4521
ner,2017,143.8316
ner,2018,146.10158
ner,2019,148.12495
ner,2020,147.81537
ner,2021,150.08935
ner,2022,161.35326
ner,2023,161.25923
nga,1990,287.48071
nga,1991,298.65916
nga,1992,307.48693
nga,1993,299.65436
nga,1994,263.01907
nga,1995,256.91821
nga,1996,268.07357
nga,1997,278.48923
nga,1998,269.36501
nga,1999,272.18039
nga,2000,274.07413
nga,2001,283.01055
nga,2002,283.76714
nga,2003,296.85257
nga,2004,286.38318
nga,2005,305.40622
nga,2006,287.97002
nga,2007,281.73504
nga,2008,287.53273
nga,2009,260.77784
nga,2010,335.07461
nga,2011,376.55207
nga,2012,357.33808
nga,2013,351.71878
nga,2014,349.23781
nga,2015,320.31854
nga,2016,331.48614
nga,2017,316.73033
nga,2018,300.45747
nga,2019,331.04475
nga,2020,324.45517
nga,2021,334.4765
nga,2022,333.69801
nga,2023,319.90043
nic,1990,484.75419
nic,1991,500.79487
nic,1992,506.06851
nic,1993,487.37899
nic,1994,464.72749
nic,1995,486.26928
nic,1996,486.09699
nic,1997,500.34464
nic,1998,495.70383
nic,1999,495.26354
nic,2000,500.37663
nic,2001,498.4859
nic,2002,492.62953
nic,2003,505.00384
nic,2004,526.47986
nic,2005,527.95888
nic,2006,538.91406
nic,2007,540.29272
nic,2008,533.81264
nic,2009,523.40794
nic,2010,529.0082
nic,2011,531.36282
nic,2012,566.8196
nic,2013,576.47413
nic,2014,586.81796
nic,2015,611.87633
nic,2016,626.82301
nic,2017,632.37395
nic,2018,616.517
nic,2019,616.15113
nic,2020,584.321
nic,2021,602.73107
nic,2022,603.83815
nic,2023,632.81301
nld,1990,4488.69599
nld,1991,4620.66815
nld,1992,4549.24416
nld,1993,4616.71602
nld,1994,4607.58663
nld,1995,4732.28641
nld,1996,4949.78176
nld,1997,4788.82913
nld,1998,4794.51173
nld,1999,4685.19177
nld,2000,4695.3701
nld,2001,4783.23806
nld,2002,4804.57738
nld,2003,4959.46582
nld,2004,4985.68018
nld,2005,4893.73296
nld,2006,4840.78434
nld,2007,4812.36465
nld,2008,4755.0942
nld,2009,4665.86428
nld,2010,4978.86939
nld,2011,4611.91454
nld,2012,4599.20592
nld,2013,4488.60406
nld,2014,4215.35262
nld,2015,4298.59287
nld,2016,4352.44653
nld,2017,4365.20385
nld,2018,4251.16717
nld,2019,4129.40909
nld,2020,3975.37814
nld,2021,4057.79129
nld,2022,3570.12032
nld,2023,3418.1367
nld,2024,3415.76133
nld_curacao,1990,8608.30837
nld_curacao,1991,8445.11111
nld_curacao,1992,8742.12627
nld_curacao,1993,7308.60267
nld_curacao,1994,6924.92912
nld_curacao,1995,7004.15398
nld_curacao,1996,7201.1615
nld_curacao,1997,13869.72446
nld_curacao,1998,16413.46383
nld_curacao,1999,12084.99116
nld_curacao,2000,12904.03051
nld_curacao,2001,13895.02805
nld_curacao,2002,13575.05392
nld_curacao,2003,12520.04704
nld_curacao,2004,13073.94367
nld_curacao,2005,12034.94743
nld_curacao,2006,11384.15517
nld_curacao,2007,12940.08361
nld_curacao,2008,12036.43823
nld_curacao,2009,12565.8711
nld_curacao,2010,10596.70564
nld_curacao,2011,11603.97296
nld_curacao,2012,12146.76682
nld_curacao,2013,11489.04941
nld_curacao,2014,12914.70459
nld_curacao,2015,13195.6386
nld_curacao,2016,10944.51065
nld_curacao,2017,8702.83319
nld_curacao,2018,7630.09928
nld_curacao,2019,3776.99982
nld_curacao,2020,3167.10992
nld_curacao,2021,3492.20665
nld_curacao,2022,3675.19935
nld_curacao,2023,3589.15944
nor,1990,4966.99576
nor,1991,5105.0328
nor,1992,5159.59172
nor,1993,5460.54816
nor,1994,5315.22229
nor,1995,5391.36649
nor,1996,5201.94925
nor,1997,5475.16675
nor,1998,5684.7456
nor,1999,5913.28022
nor,2000,5826.12232
nor,2001,5954.81912
nor,2002,5502.0893
nor,2003,5934.5908
nor,2004,6231.94031
nor,2005,6319.92546
nor,2006,6319.15453
nor,2007,5864.30044
nor,2008,6412.35151
nor,2009,6200.50245
nor,2010,6455.31668
nor,2011,5501.95594
nor,2012,5805.46759
nor,2013,6047.18058
nor,2014,5525.57604
nor,2015,4930.48138
nor,2016,5368.57647
nor,2017,5673.50932
nor,2018,5539.19012
nor,2019,5220.68866
nor,2020,5145.72222
nor,2021,5298.87663
nor,2022,4651.48671
nor,2023,4884.61752
nor,2024,4775.0028
npl,1990,296.55951
npl,1991,298.34131
npl,1992,297.10951
npl,1993,296.74068
npl,1994,299.66432
npl,1995,301.76233
npl,1996,302.27286
npl,1997,305.62695
npl,1998,307.46306
npl,1999,318.39851
npl,2000,330.35285
npl,2001,335.75196
npl,2002,334.35716
npl,2003,338.99999
npl,2004,339.54812
npl,2005,347.14075
npl,2006,343.80672
npl,2007,347.54346
npl,2008,356.96307
npl,2009,365.00314
npl,2010,373.44568
npl,2011,384.83727
npl,2012,368.89769
npl,2013,413.93238
npl,2014,430.95952
npl,2015,426.24311
npl,2016,458.169
npl,2017,484.04667
npl,2018,504.508
npl,2019,482.62835
npl,2020,524.45532
npl,2021,534.03169
npl,2022,429.22265
npl,2023,442.64885
nzl,1990,3894.97849
nzl,1991,3799.7279
nzl,1992,3845.05577
nzl,1993,4008.71566
nzl,1994,4093.403
nzl,1995,4091.52501
nzl,1996,4173.39685
nzl,1997,4305.04364
nzl,1998,4204.70201
nzl,1999,4330.23481
nzl,2000,4467.21139
nzl,2001,4399.14688
nzl,2002,4326.22295
nzl,2003,4180.76991
nzl,2004,4224.87568
nzl,2005,4074.14859
nzl,2006,4034.75822
nzl,2007,4057.16268
nzl,2008,4100.75607
nzl,2009,4073.03698
nzl,2010,4147.30616
nzl,2011,4108.26383
nzl,2012,4280.56537
nzl,2013,4298.71534
nzl,2014,4476.80712
nzl,2015,4422.74264
nzl,2016,4265.9384
nzl,2017,4200.71263
nzl,2018,4109.22069
nzl,2019,4170.80496
nzl,2020,3862.5851
nzl,2021,3907.64777
nzl,2022,3764.50781
nzl,2023,3660.60274
nzl,2024,3559.14942
omn,1990,2390.49815
omn,1991,3060.92285
omn,1992,2758.17117
omn,1993,2960.73571
omn,1994,2892.26207
omn,1995,2877.39895
omn,1996,2894.09879
omn,1997,3064.27973
omn,1998,3040.69257
omn,1999,3126.10277
omn,2000,3286.26599
omn,2001,3303.97268
omn,2002,3469.43506
omn,2003,3565.24432
omn,2004,3658.50755
omn,2005,4030.08185
omn,2006,6138.77344
omn,2007,6889.71721
omn,2008,5927.85054
omn,2009,5912.23573
omn,2010,6736.89413
omn,2011,7155.54209
omn,2012,6702.98587
omn,2013,6349.13399
omn,2014,6076.73204
omn,2015,6027.98247
omn,2016,5557.82392
omn,2017,5765.68523
omn,2018,5549.37288
omn,2019,5120.9649
omn,2020,5718.76939
omn,2021,5956.40936
omn,2022,5920.00502
omn,2023,5908.4271
pak,1990,370.75658
pak,1991,367.12177
pak,1992,379.57921
pak,1993,387.50483
pak,1994,392.52574
pak,1995,397.68241
pak,1996,403.99573
pak,1997,402.96578
pak,1998,399.27294
pak,1999,410.68146
pak,2000,411.54993
pak,2001,407.99647
pak,2002,404.33424
pak,2003,412.83675
pak,2004,431.67276
pak,2005,436.06187
pak,2006,443.90337
pak,2007,457.20536
pak,2008,437.83519
pak,2009,433.27231
pak,2010,429.32779
pak,2011,422.84254
pak,2012,419.54615
pak,2013,421.58001
pak,2014,433.44997
pak,2015,437.19822
pak,2016,446.91537
pak,2017,456.10733
pak,2018,453.60313
pak,2019,431.60475
pak,2020,454.33844
pak,2021,465.11586
pak,2022,418.44765
pak,2023,414.95213
pan,1990,602.06001
pan,1991,639.37852
pan,1992,714.19636
pan,1993,709.57836
pan,1994,732.14691
pan,1995,728.19079
pan,1996,762.62938
pan,1997,777.07778
pan,1998,884.10272
pan,1999,854.24923
pan,2000,790.91939
pan,2001,887.10786
pan,2002,790.86013
pan,2003,774.4167
pan,2004,755.99093
pan,2005,838.63594
pan,2006,874.56607
pan,2007,858.04813
pan,2008,806.67209
pan,2009,871.52681
pan,2010,948.30484
pan,2011,1037.63156
pan,2012,1052.69926
pan,2013,1002.33596
pan,2014,1035.01294
pan,2015,1024.9776
pan,2016,1045.76583
pan,2017,1035.95086
pan,2018,1026.38991
pan,2019,1162.83608
pan,2020,936.06545
pan,2021,1033.31759
pan,2022,1062.69926
pan,2023,1019.98442
per,1990,442.1901
per,1991,424.71632
per,1992,404.72569
per,1993,423.43055
per,1994,430.04076
per,1995,450.59617
per,1996,455.44251
per,1997,432.78353
per,1998,495.12503
per,1999,512.50731
per,2000,506.01421
per,2001,483.10829
per,2002,478.0985
per,2003,464.59638
per,2004,499.92304
per,2005,525.15077
per,2006,503.26768
per,2007,531.68908
per,2008,581.63995
per,2009,583.17975
per,2010,603.51456
per,2011,688.13645
per,2012,732.07179
per,2013,698.17157
per,2014,728.77288
per,2015,743.16648
per,2016,764.23583
per,2017,762.24634
per,2018,784.02798
per,2019,798.59712
per,2020,678.51171
per,2021,775.28951
per,2022,826.45878
per,2023,823.37137
phl,1990,427.11786
phl,1991,432.40281
phl,1992,445.12399
phl,1993,415.05893
phl,1994,446.19204
phl,1995,459.52198
phl,1996,463.39588
phl,1997,478.61145
phl,1998,482.97681
phl,1999,483.9236
phl,2000,487.40278
phl,2001,454.32383
phl,2002,451.28447
phl,2003,442.56879
phl,2004,430.07575
phl,2005,434.47117
phl,2006,423.35708
phl,2007,425.62581
phl,2008,439.08292
phl,2009,420.71805
phl,2010,431.46144
phl,2011,428.33076
phl,2012,437.46712
phl,2013,443.27066
phl,2014,465.6275
phl,2015,499.07236
phl,2016,520.98242
phl,2017,544.47719
phl,2018,554.50199
phl,2019,551.87948
phl,2020,518.17063
phl,2021,531.04542
phl,2022,551.04278
phl,2023,580.13606
plw,1990,4814.38338
pol,1990,2705.72692
pol,1991,2641.10358
pol,1992,2569.22879
pol,1993,2625.55496
pol,1994,2495.22317
pol,1995,2578.20838
pol,1996,2680.10801
pol,1997,2640.54588
pol,1998,2461.01865
pol,1999,2396.67141
pol,2000,2321.77643
pol,2001,2338.14294
pol,2002,2312.59478
pol,2003,2375.41154
pol,2004,2383.78041
pol,2005,2414.28237
pol,2006,2538.76112
pol,2007,2529.61908
pol,2008,2563.58518
pol,2009,2463.27043
pol,2010,2642.06881
pol,2011,2652.99081
pol,2012,2563.69089
pol,2013,2567.18208
pol,2014,2473.79771
pol,2015,2498.77407
pol,2016,2614.9716
pol,2017,2734.42728
pol,2018,2865.52683
pol,2019,2761.07246
pol,2020,2710.95606
pol,2021,2920.11353
pol,2022,2798.00775
pol,2023,2639.20386
pol,2024,2646.73657
prk,1990,1573.5953
prk,1991,1479.50195
prk,1992,1274.10439
prk,1993,1154.73273
prk,1994,1040.84303
prk,1995,969.81049
prk,1996,844.2956
prk,1997,796.80925
prk,1998,737.16669
prk,1999,783.42954
prk,2000,833.13593
prk,2001,855.30819
prk,2002,817.13938
prk,2003,831.40459
prk,2004,845.07826
prk,2005,874.54757
prk,2006,878.70177
prk,2007,742.74919
prk,2008,814.46887
prk,2009,778.33557
prk,2010,752.36589
prk,2011,563.18543
prk,2012,549.90664
prk,2013,439.80752
prk,2014,471.17032
prk,2015,372.79809
prk,2016,409.40017
prk,2017,768.53313
prk,2018,700.51333
prk,2019,763.6728
prk,2020,726.9278
prk,2021,619.35417
prk,2022,640.52335
prk,2023,664.86579
prt,1990,1680.88286
prt,1991,1703.25479
prt,1992,1813.6028
prt,1993,1786.33794
prt,1994,1827.69065
prt,1995,2013.96966
prt,1996,1986.7915
prt,1997,2083.46206
prt,1998,2240.0633
prt,1999,2390.35284
prt,2000,2390.1887
prt,2001,2391.32114
prt,2002,2477.60276
prt,2003,2400.8614
prt,2004,2463.10249
prt,2005,2519.13902
prt,2006,2390.46375
prt,2007,2402.51067
prt,2008,2337.49253
prt,2009,2304.17848
prt,2010,2222.62834
prt,2011,2164.0322
prt,2012,2039.17
prt,2013,2055.58817
prt,2014,2035.41143
prt,2015,2121.08727
prt,2016,2111.09711
prt,2017,2209.98135
prt,2018,2140.97559
prt,2019,2115.1857
prt,2020,1957.3055
prt,2021,1943.2927
prt,2022,1949.86496
prt,2023,1853.15672
prt,2024,1815.40132
pry,1990,761.47851
pry,1991,765.51916
pry,1992,742.79412
pry,1993,751.97081
pry,1994,802.10764
pry,1995,856.42398
pry,1996,855.48593
pry,1997,909.5889
pry,1998,879.79656
pry,1999,824.24197
pry,2000,756.71297
pry,2001,756.52113
pry,2002,740.23993
pry,2003,747.21347
pry,2004,745.14131
pry,2005,727.72611
pry,2006,742.13781
pry,2007,748.80873
pry,2008,795.13978
pry,2009,803.8424
pry,2010,845.81346
pry,2011,846.37807
pry,2012,838.72585
pry,2013,834.86441
pry,2014,859.86413
pry,2015,925.19341
pry,2016,1072.60628
pry,2017,1116.33946
pry,2018,1130.48368
pry,2019,1105.56254
pry,2020,1056.54063
pry,2021,1094.06594
pry,2022,1044.98507
pry,2023,1043.95486
qat,1990,14843.36292
qat,1991,15893.68886
qat,1992,16086.83108
qat,1993,16177.50931
qat,1994,15753.45491
qat,1995,15853.75774
qat,1996,16354.57726
qat,1997,18253.24989
qat,1998,18012.51224
qat,1999,17625.65731
qat,2000,16853.5131
qat,2001,16740.68661
qat,2002,18009.63313
qat,2003,17779.74369
qat,2004,21557.47508
qat,2005,20198.16891
qat,2006,20140.34288
qat,2007,18323.34646
qat,2008,15946.7278
qat,2009,15063.26662
qat,2010,16779.92167
qat,2011,16473.42697
qat,2012,21456.06693
qat,2013,20642.14232
qat,2014,17814.54311
qat,2015,16427.75654
qat,2016,15178.85621
qat,2017,16718.23705
qat,2018,16139.77083
qat,2019,15760.44724
qat,2020,14869.10479
qat,2021,17103.3823
qat,2022,16875.58824
qat,2023,16343.0404
rou,1990,2671.36963
rou,1991,2220.46476
rou,1992,2020.96067
rou,1993,2007.21364
rou,1994,1896.34526
rou,1995,2054.45248
rou,1996,2115.50332
rou,1997,1990.18638
rou,1998,1825.71004
rou,1999,1613.9649
rou,2000,1615.33488
rou,2001,1666.72401
rou,2002,1755.33109
rou,2003,1841.57434
rou,2004,1807.04208
rou,2005,1808.18762
rou,2006,1881.71767
rou,2007,1900.48321
rou,2008,1925.09359
rou,2009,1707.81228
rou,2010,1724.69849
rou,2011,1771.70359
rou,2012,1736.5762
rou,2013,1590.19381
rou,2014,1579.4066
rou,2015,1598.6918
rou,2016,1604.62335
rou,2017,1693.37364
rou,2018,1717.11748
rou,2019,1705.25778
rou,2020,1669.63823
rou,2021,1787.09564
rou,2022,1655.23819
rou,2023,1600.61942
rus,1990,5942.67812
rus,1991,5871.99434
rus,1992,5357.07699
rus,1993,5060.11637
rus,1994,4427.26644
rus,1995,4291.53343
rus,1996,4254.59294
rus,1997,4070.65837
rus,1998,3982.26586
rus,1999,4137.74704
rus,2000,4224.98952
rus,2001,4287.90829
rus,2002,4289.43957
rus,2003,4461.83176
rus,2004,4494.50153
rus,2005,4541.20864
rus,2006,4689.15108
rus,2007,4710.47452
rus,2008,4822.38136
rus,2009,4529.2032
rus,2010,4853.36753
rus,2011,5004.23439
rus,2012,5056.08323
rus,2013,4919.8987
rus,2014,4915.75747
rus,2015,4804.23015
rus,2016,4936.04267
rus,2017,5018.77353
rus,2018,5279.09416
rus,2019,5082.72996
rus,2020,5068.3855
rus,2021,5710.55279
rus,2022,5707.15727
rus,2023,5498.30526
rwa,1990,910.04757
rwa,1991,839.75005
rwa,1992,758.6009
rwa,1993,687.29082
rwa,1994,857.18799
rwa,1995,1148.23387
rwa,1996,1006.6913
rwa,1997,1002.58917
rwa,1998,518.903
rwa,1999,529.14259
rwa,2000,412.44735
rwa,2001,408.92133
rwa,2002,409.08307
rwa,2003,398.62561
rwa,2004,390.81536
rwa,2005,356.54653
rwa,2006,355.85274
rwa,2007,352.76661
rwa,2008,352.0907
rwa,2009,355.06503
rwa,2010,353.90912
rwa,2011,355.22843
rwa,2012,358.87641
rwa,2013,359.52601
rwa,2014,356.66455
rwa,2015,354.42899
rwa,2016,351.76677
rwa,2017,355.18023
rwa,2018,357.71622
rwa,2019,358.46038
rwa,2020,358.24955
rwa,2021,362.67923
rwa,2022,369.87527
rwa,2023,371.93593
sau,1990,5451.71882
sau,1991,6050.3829
sau,1992,6582.9712
sau,1993,6537.84679
sau,1994,6591.02644
sau,1995,6316.71317
sau,1996,6494.45937
sau,1997,6019.9324
sau,1998,6169.38089
sau,1999,6054.28343
sau,2000,6516.00756
sau,2001,6348.58935
sau,2002,6826.99573
sau,2003,6631.81586
sau,2004,6375.54473
sau,2005,6447.0719
sau,2006,6605.44102
sau,2007,6696.94747
sau,2008,6980.05897
sau,2009,7125.053
sau,2010,7965.26122
sau,2011,7979.37997
sau,2012,7862.42354
sau,2013,7401.1713
sau,2014,7959.81352
sau,2015,7786.91652
sau,2016,7521.58912
sau,2017,7707.05633
sau,2018,7650.76339
sau,2019,7669.39905
sau,2020,7172.00804
sau,2021,7467.02479
sau,2022,7525.25321
sau,2023,7148.58725
sdn,1990,482.75731
sdn,1991,472.19699
sdn,1992,462.48004
sdn,1993,439.22493
sdn,1994,496.43975
sdn,1995,485.61179
sdn,1996,486.42191
sdn,1997,485.57893
sdn,1998,478.71186
sdn,1999,517.98016
sdn,2000,486.89565
sdn,2001,494.12361
sdn,2002,517.54759
sdn,2003,491.36398
sdn,2004,481.35715
sdn,2005,485.74982
sdn,2006,508.24315
sdn,2007,477.50831
sdn,2008,472.80491
sdn,2009,481.62987
sdn,2010,444.59138
sdn,2011,467.42435
sdn,2012,390.66314
sdn,2013,474.42952
sdn,2014,475.69336
sdn,2015,463.39209
sdn,2016,448.496
sdn,2017,443.13553
sdn,2018,435.18994
sdn,2019,435.43797
sdn,2020,422.27158
sdn,2021,426.16323
sdn,2022,411.87679
sdn,2023,372.31297
sen,1990,218.45185
sen,1991,210.72219
sen,1992,217.81353
sen,1993,211.18191
sen,1994,204.21084
sen,1995,210.78288
sen,1996,210.66191
sen,1997,218.16327
sen,1998,225.04107
sen,1999,231.69376
sen,2000,240.56963
sen,2001,253.79128
sen,2002,249.88621
sen,2003,235.8144
sen,2004,247.01719
sen,2005,246.43567
sen,2006,241.58961
sen,2007,253.74352
sen,2008,259.23461
sen,2009,304.73623
sen,2010,313.39678
sen,2011,317.49118
sen,2012,302.41862
sen,2013,271.06547
sen,2014,284.84598
sen,2015,296.77562
sen,2016,287.04202
sen,2017,278.01967
sen,2018,274.37903
sen,2019,298.55953
sen,2020,280.6079
sen,2021,294.17343
sen,2022,315.96593
sen,2023,291.0506
sgp,1990,3782.71773
sgp,1991,4167.37344
sgp,1992,4588.88702
sgp,1993,5487.72262
sgp,1994,6460.58951
sgp,1995,5346.9878
sgp,1996,5359.51337
sgp,1997,5818.45053
sgp,1998,5083.35878
sgp,1999,4587.57995
sgp,2000,4634.81368
sgp,2001,5146.02324
sgp,2002,5066.19603
sgp,2003,6217.05881
sgp,2004,7371.02793
sgp,2005,4925.75758
sgp,2006,5128.30866
sgp,2007,4537.41717
sgp,2008,4958.46248
sgp,2009,5321.08305
sgp,2010,4856.8492
sgp,2011,4086.32607
sgp,2012,4787.02309
sgp,2013,5273.75292
sgp,2014,4986.3278
sgp,2015,5242.65043
sgp,2016,5449.41985
sgp,2017,5799.39529
sgp,2018,5692.66565
sgp,2019,5565.91519
sgp,2020,5538.12372
sgp,2021,5966.32764
sgp,2022,5785.04367
sgp,2023,5282.76374
slb,1990,160.85205
slb,2004,122.20534
slb,2005,120.06293
slb,2006,120.01774
slb,2007,127.96008
slv,1990,457.24059
slv,1991,494.00637
slv,1992,507.30298
slv,1993,526.98836
slv,1994,552.85265
slv,1995,583.22753
slv,1996,553.00078
slv,1997,608.27756
slv,1998,621.59512
slv,1999,641.24786
slv,2000,537.11097
slv,2001,568.00569
slv,2002,582.45366
slv,2003,622.38666
slv,2004,627.60446
slv,2005,643.90315
slv,2006,686.95783
slv,2007,694.53731
slv,2008,702.3007
slv,2009,689.42247
slv,2010,697.03693
slv,2011,692.50531
slv,2012,701.4574
slv,2013,660.09415
slv,2014,649.04318
slv,2015,674.354
slv,2016,686.99781
slv,2017,674.66544
slv,2018,694.56776
slv,2019,734.79937
slv,2020,669.90689
slv,2021,722.14458
slv,2022,768.67202
slv,2023,793.53802
srb,1990,2474.74205
srb,1991,2180.94426
srb,1992,2006.92654
srb,1993,1706.63945
srb,1994,1570.44859
srb,1995,1782.19588
srb,1996,2141.60165
srb,1997,2273.7255
srb,1998,2273.87504
srb,1999,1657.59106
srb,2000,1801.4812
srb,2001,1965.15252
srb,2002,2097.94999
srb,2003,2211.04337
srb,2004,2418.72228
srb,2005,2152.46605
srb,2006,2293.67913
srb,2007,2241.56813
srb,2008,2292.38992
srb,2009,2073.56721
srb,2010,2145.49145
srb,2011,2241.32678
srb,2012,2023.83136
srb,2013,2082.01493
srb,2014,1861.59681
srb,2015,2080.5906
srb,2016,2165.83889
srb,2017,2224.78515
srb,2018,2200.4041
srb,2019,2201.72012
srb,2020,2291.60819
srb,2021,2355.24231
srb,2022,2440.91659
srb,2023,2378.08282
ssd,2012,59.27492
ssd,2013,60.54849
ssd,2014,62.14843
ssd,2015,76.39156
ssd,2016,70.83269
ssd,2017,69.99972
ssd,2018,76.53798
ssd,2019,75.65657
ssd,2020,72.07929
ssd,2021,73.06423
ssd,2022,70.12477
ssd,2023,68.6605
stp,1990,190.72722
stp,2004,240.95622
stp,2005,266.02491
stp,2006,265.63953
stp,2007,259.28108
sur,2000,1279.9101
sur,2001,1352.00051
sur,2002,963.41453
sur,2003,1004.17208
sur,2004,1086.02863
sur,2005,1231.36166
sur,2006,1174.71907
sur,2007,1117.32432
sur,2008,1176.34644
sur,2009,1163.89304
sur,2010,1351.36214
sur,2011,1676.95222
sur,2012,1411.63824
sur,2013,1713.83747
sur,2014,1785.94877
sur,2015,1577.31173
sur,2016,1728.65072
sur,2017,1613.95464
sur,2018,1523.99899
sur,2019,1730.83708
sur,2020,1688.41378
sur,2021,1698.95174
sur,2022,1738.82345
sur,2023,1695.16379
svk,1990,4024.81924
svk,1991,3606.71088
svk,1992,3410.88471
svk,1993,3334.95441
svk,1994,3260.77284
svk,1995,3315.20572
svk,1996,3364.39828
svk,1997,3362.06121
svk,1998,3256.70431
svk,1999,3271.60123
svk,2000,3292.77856
svk,2001,3456.89028
svk,2002,3484.03109
svk,2003,3468.93629
svk,2004,3416.39866
svk,2005,3504.64376
svk,2006,3469.44961
svk,2007,3321.10691
svk,2008,3406.38372
svk,2009,3107.87988
svk,2010,3441.25648
svk,2011,3339.08739
svk,2012,3220.50553
svk,2013,3260.4444
svk,2014,3013.30294
svk,2015,3131.86283
svk,2016,3159.56805
svk,2017,3316.82597
svk,2018,3269.57252
svk,2019,3128.36338
svk,2020,3032.6427
svk,2021,3305.89913
svk,2022,3089.14575
svk,2023,3054.72438
svk,2024,3010.73271
svn,1990,2857.56448
svn,1991,2778.94138
svn,1992,2584.41927
svn,1993,2715.3958
svn,1994,2827.91079
svn,1995,3049.39408
svn,1996,3180.19927
svn,1997,3310.41012
svn,1998,3253.81791
svn,1999,3242.49735
svn,2000,3281.07859
svn,2001,3484.35932
svn,2002,3484.57091
svn,2003,3539.50912
svn,2004,3638.84381
svn,2005,3763.90446
svn,2006,3735.02431
svn,2007,3757.02713
svn,2008,3952.1221
svn,2009,3514.07527
svn,2010,3589.6087
svn,2011,3580.69365
svn,2012,3428.89786
svn,2013,3334.75901
svn,2014,3236.59021
svn,2015,3195.47512
svn,2016,3296.735
svn,2017,3390.66282
svn,2018,3341.09972
svn,2019,3267.29672
svn,2020,3068.8194
svn,2021,3144.09352
svn,2022,3045.94459
svn,2023,2895.95135
svn,2024,3025.2616
swe,1990,5514.19828
swe,1991,5650.16284
swe,1992,5369.06987
swe,1993,5333.87357
swe,1994,5659.95259
swe,1995,5701.87028
swe,1996,5824.79923
swe,1997,5683.45839
swe,1998,5783.40687
swe,1999,5675.23773
swe,2000,5375.75151
swe,2001,5701.68207
swe,2002,5826.34189
swe,2003,5676.54835
swe,2004,5872.97554
swe,2005,5711.64214
swe,2006,5532.76266
swe,2007,5464.45614
swe,2008,5383.7648
swe,2009,4891.39219
swe,2010,5443.32367
swe,2011,5281.40096
swe,2012,5295.92807
swe,2013,5178.93494
swe,2014,4997.8799
swe,2015,4573.58908
swe,2016,4858.89941
swe,2017,4926.81118
swe,2018,4966.26112
swe,2019,4781.87568
swe,2020,4284.99806
swe,2021,4558.74421
swe,2022,4323.66572
swe,2023,4288.83334
swe,2024,4308.30882
swz,1990,1171.4955
swz,1991,1081.28914
swz,1992,1001.64711
swz,1993,905.44843
swz,1994,1008.44253
swz,1995,991.55579
swz,1996,896.12967
swz,1997,950.86594
swz,1998,952.54644
swz,1999,967.72742
swz,2000,913.69827
swz,2001,896.44701
swz,2002,895.04002
swz,2003,877.5745
swz,2004,855.62267
swz,2005,858.52171
swz,2006,900.42178
swz,2007,902.86707
swz,2008,888.92033
swz,2009,995.27678
swz,2010,835.88007
swz,2011,1001.70012
swz,2012,995.66675
swz,2013,1022.69222
swz,2014,1005.26402
swz,2015,1046.22425
swz,2016,1035.26962
swz,2017,996.63222
swz,2018,989.87102
swz,2019,1023.13885
swz,2020,1005.22301
swz,2021,964.69281
swz,2022,965.75557
swz,2023,1007.28229
syc,1990,540.80884
syc,2004,3103.9709
syc,2005,2751.69567
syc,2006,2872.34043
syc,2007,2410.82874
syr,1990,832.01833
syr,1991,878.27723
syr,1992,814.81965
syr,1993,794.60485
syr,1994,805.00439
syr,1995,827.60078
syr,1996,850.4544
syr,1997,899.53295
syr,1998,977.30412
syr,1999,948.55964
syr,2000,928.43318
syr,2001,929.37381
syr,2002,942.48265
syr,2003,924.92808
syr,2004,943.04068
syr,2005,1105.30501
syr,2006,1101.63821
syr,2007,1084.27314
syr,2008,1066.13719
syr,2009,977.72847
syr,2010,964.45531
syr,2011,966.29654
syr,2012,755.97612
syr,2013,531.86104
syr,2014,536.29899
syr,2015,511.03084
syr,2016,498.91026
syr,2017,511.80124
syr,2018,542.07639
syr,2019,501.04337
syr,2020,456.63014
syr,2021,419.00656
syr,2022,392.31694
syr,2023,395.89226
tcd,1990,296.85904
tcd,1991,283.41627
tcd,1992,280.77965
tcd,1993,295.04691
tcd,1994,287.38829
tcd,1995,280.12338
tcd,1996,278.13054
tcd,1997,259.14633
tcd,1998,255.78297
tcd,1999,248.05078
tcd,2000,241.65205
tcd,2001,242.46424
tcd,2002,240.3762
tcd,2003,237.53854
tcd,2004,224.32412
tcd,2005,228.51576
tcd,2006,224.01011
tcd,2007,218.83887
tcd,2008,217.08068
tcd,2009,224.07076
tcd,2010,219.10837
tcd,2011,208.57403
tcd,2012,229.36514
tcd,2013,227.28696
tcd,2014,221.1441
tcd,2015,217.0459
tcd,2016,212.85029
tcd,2017,203.87447
tcd,2018,199.97586
tcd,2019,190.10076
tcd,2020,198.30333
tcd,2021,203.2115
tcd,2022,198.92915
tcd,2023,187.87401
tgo,1990,315.95365
tgo,1991,314.4212
tgo,1992,309.39378
tgo,1993,312.7937
tgo,1994,352.43703
tgo,1995,355.14721
tgo,1996,383.67817
tgo,1997,366.36959
tgo,1998,380.66654
tgo,1999,423.08797
tgo,2000,410.70976
tgo,2001,399.07505
tgo,2002,403.00392
tgo,2003,414.93064
tgo,2004,408.68104
tgo,2005,405.97784
tgo,2006,394.05591
tgo,2007,397.65554
tgo,2008,402.37852
tgo,2009,475.80964
tgo,2010,462.98057
tgo,2011,453.36516
tgo,2012,440.16754
tgo,2013,416.70425
tgo,2014,423.56475
tgo,2015,400.70733
tgo,2016,422.78546
tgo,2017,403.89364
tgo,2018,411.05503
tgo,2019,414.10347
tgo,2020,424.79302
tgo,2021,422.4847
tgo,2022,425.43385
tgo,2023,429.1626
tha,1990,774.49477
tha,1991,825.47987
tha,1992,865.70431
tha,1993,899.12555
tha,1994,979.26243
tha,1995,1052.28021
tha,1996,1160.58015
tha,1997,1166.79567
tha,1998,1079.80595
tha,1999,1138.8493
tha,2000,1153.04552
tha,2001,1174.20279
tha,2002,1286.14404
tha,2003,1379.29176
tha,2004,1477.38481
tha,2005,1508.58026
tha,2006,1525.12656
tha,2007,1569.87237
tha,2008,1596.82835
tha,2009,1578.76107
tha,2010,1718.62118
tha,2011,1704.82334
tha,2012,1818.19204
tha,2013,1943.92304
tha,2014,1926.22583
tha,2015,1932.67391
tha,2016,1985.00531
tha,2017,1988.13782
tha,2018,1951.85564
tha,2019,1989.81234
tha,2020,1884.35074
tha,2021,1848.06336
tha,2022,1867.46968
tha,2023,1851.27231
tjk,1990,983.16363
tjk,1991,915.11534
tjk,1992,733.41088
tjk,1993,566.67249
tjk,1994,427.10329
tjk,1995,374.03338
tjk,1996,354.10005
tjk,1997,348.70138
tjk,1998,364.41767
tjk,1999,360.52886
tjk,2000,341.87377
tjk,2001,330.97613
tjk,2002,325.67989
tjk,2003,325.58147
tjk,2004,345.26104
tjk,2005,337.91594
tjk,2006,341.86371
tjk,2007,358.42768
tjk,2008,334.36264
tjk,2009,284.65156
tjk,2010,284.33125
tjk,2011,278.85452
tjk,2012,294.85566
tjk,2013,288.39496
tjk,2014,301.61496
tjk,2015,318.69828
tjk,2016,326.56922
tjk,2017,328.78177
tjk,2018,347.71146
tjk,2019,370.77888
tjk,2020,375.36738
tjk,2021,367.76904
tjk,2022,374.54733
tjk,2023,393.05508
tkm,1990,4643.22614
tkm,1991,3927.35763
tkm,1992,2632.477
tkm,1993,2603.23451
tkm,1994,3232.60398
tkm,1995,3267.4713
tkm,1996,2805.87501
tkm,1997,2762.25376
tkm,1998,2840.41772
tkm,1999,3302.13224
tkm,2000,3247.63669
tkm,2001,2700.88345
tkm,2002,2214.75045
tkm,2003,3005.35307
tkm,2004,3714.87523
tkm,2005,3554.40116
tkm,2006,3604.17463
tkm,2007,3507.12791
tkm,2008,4237.03619
tkm,2009,3647.89055
tkm,2010,4077.6679
tkm,2011,4314.98528
tkm,2012,4232.43008
tkm,2013,3952.26849
tkm,2014,3758.60667
tkm,2015,3722.78313
tkm,2016,3589.90955
tkm,2017,3558.31902
tkm,2018,3427.90624
tkm,2019,3462.25493
tkm,2020,3393.06371
tkm,2021,5109.26062
tkm,2022,4841.28039
tkm,2023,4558.64639
tls,2004,62.42775
tls,2005,61.16137
tls,2006,60.41387
tls,2007,60.70322
ton,1990,254.21829
ton,2004,542.49032
ton,2005,539.41006
ton,2006,536.45544
ton,2007,543.44771
tto,1990,4782.47609
tto,1991,4715.65904
tto,1992,5145.25562
tto,1993,4759.58552
tto,1994,4796.41728
tto,1995,4619.72805
tto,1996,5651.92809
tto,1997,5812.915
tto,1998,6250.90916
tto,1999,7068.10234
tto,2000,7575.58896
tto,2001,8336.82302
tto,2002,8990.73442
tto,2003,10077.81246
tto,2004,10262.12904
tto,2005,12423.56831
tto,2006,13820.64675
tto,2007,14651.43926
tto,2008,14167.28346
tto,2009,14193.29908
tto,2010,15018.90978
tto,2011,14838.98829
tto,2012,14480.16911
tto,2013,14331.49854
tto,2014,14611.61822
tto,2015,14043.97598
tto,2016,12250.99269
tto,2017,12330.86332
tto,2018,12397.10074
tto,2019,12492.89846
tto,2020,10700.59675
tto,2021,11212.00754
tto,2022,10999.46206
tto,2023,10590.42821
tun,1990,594.31807
tun,1991,576.27872
tun,1992,627.50982
tun,1993,598.68473
tun,1994,635.54536
tun,1995,633.64728
tun,1996,652.84337
tun,1997,664.28743
tun,1998,714.89307
tun,1999,730.20437
tun,2000,748.27383
tun,2001,781.40012
tun,2002,783.69792
tun,2003,797.15833
tun,2004,832.55467
tun,2005,810.83693
tun,2006,845.9856
tun,2007,865.76446
tun,2008,894.30416
tun,2009,859.96293
tun,2010,955.70705
tun,2011,902.90304
tun,2012,930.16863
tun,2013,935.7971
tun,2014,939.76913
tun,2015,952.98396
tun,2016,955.17649
tun,2017,973.95348
tun,2018,973.07434
tun,2019,950.61426
tun,2020,896.51559
tun,2021,964.47488
tun,2022,956.04112
tun,2023,901.54485
tur,1990,918.26189
tur,1991,887.16281
tur,1992,911.30912
tur,1993,955.11855
tur,1994,927.18166
tur,1995,997.96754
tur,1996,1073.1275
tur,1997,1109.80579
tur,1998,1111.04759
tur,1999,1079.91
tur,2000,1166.01412
tur,2001,1060.57072
tur,2002,1107.27991
tur,2003,1159.99666
tur,2004,1176.7543
tur,2005,1211.46562
tur,2006,1328.6923
tur,2007,1429.92301
tur,2008,1385.17802
tur,2009,1364.0973
tur,2010,1445.41016
tur,2011,1515.88034
tur,2012,1567.31606
tur,2013,1510.79119
tur,2014,1543.09096
tur,2015,1646.83631
tur,2016,1724.54364
tur,2017,1828.02987
tur,2018,1771.33743
tur,2019,1774.19626
tur,2020,1762.01062
tur,2021,1894.62719
tur,2022,1841.55631
tur,2023,1849.53592
tur,2024,1924.93815
tza,1990,297.57621
tza,1991,297.72575
tza,1992,296.36629
tza,1993,307.16643
tza,1994,354.13615
tza,1995,362.67224
tza,1996,360.80086
tza,1997,357.53794
tza,1998,370.86822
tza,1999,383.77708
tza,2000,394.21404
tza,2001,397.62299
tza,2002,406.28521
tza,2003,411.36081
tza,2004,415.13859
tza,2005,426.63188
tza,2006,429.77014
tza,2007,419.60962
tza,2008,415.33059
tza,2009,415.35359
tza,2010,421.07723
tza,2011,433.14778
tza,2012,425.19973
tza,2013,432.38312
tza,2014,414.95655
tza,2015,420.07313
tza,2016,416.65739
tza,2017,406.58259
tza,2018,403.24631
tza,2019,414.6998
tza,2020,404.4141
tza,2021,404.18064
tza,2022,406.5592
tza,2023,400.79904
uga,1990,402.07094
uga,1991,402.55409
uga,1992,403.3202
uga,1993,398.84416
uga,1994,395.50535
uga,1995,398.14031
uga,1996,401.19244
uga,1997,399.68246
uga,1998,395.9343
uga,1999,389.82133
uga,2000,386.5846
uga,2001,386.08971
uga,2002,387.3181
uga,2003,388.38107
uga,2004,388.64013
uga,2005,392.28216
uga,2006,393.84269
uga,2007,396.63003
uga,2008,402.65127
uga,2009,414.73522
uga,2010,421.09797
uga,2011,429.22531
uga,2012,436.07584
uga,2013,449.34094
uga,2014,455.99761
uga,2015,470.52611
uga,2016,473.57774
uga,2017,468.53043
uga,2018,468.49865
uga,2019,455.42687
uga,2020,475.32949
uga,2021,483.4271
uga,2022,488.21062
uga,2023,497.39034
ukr,1990,4841.71905
ukr,1991,4837.21284
ukr,1992,4196.07415
ukr,1993,3716.77859
ukr,1994,3183.56376
ukr,1995,3168.70053
ukr,1996,2927.92573
ukr,1997,2825.7386
ukr,1998,2693.73244
ukr,1999,2702.79946
ukr,2000,2700.10061
ukr,2001,2730.98499
ukr,2002,2786.00499
ukr,2003,2914.06696
ukr,2004,2957.98499
ukr,2005,2964.77702
ukr,2006,2866.62347
ukr,2007,2961.88352
ukr,2008,2875.89658
ukr,2009,2453.43957
ukr,2010,2848.7816
ukr,2011,2732.88427
ukr,2012,2650.99862
ukr,2013,2517.91132
ukr,2014,2298.60779
ukr,2015,2027.64168
ukr,2016,2007.97794
ukr,2017,1967.83535
ukr,2018,2068.75608
ukr,2019,1987.62473
ukr,2020,1932.92182
ukr,2021,2096.06218
ukr,2022,1479.47225
ukr,2023,1508.27791
ury,1990,724.62316
ury,1991,781.65353
ury,1992,858.9455
ury,1993,796.48973
ury,1994,757.03732
ury,1995,805.45638
ury,1996,884.16196
ury,1997,893.5867
ury,1998,914.89463
ury,1999,994.91262
ury,2000,948.5957
ury,2001,831.88448
ury,2002,772.00835
ury,2003,774.97133
ury,2004,884.97036
ury,2005,916.69861
ury,2006,990.48802
ury,2007,985.90573
ury,2008,1274.16949
ury,2009,1254.73629
ury,2010,1226.98409
ury,2011,1327.77879
ury,2012,1407.51757
ury,2013,1378.79093
ury,2014,1397.55778
ury,2015,1491.04897
ury,2016,1550.983
ury,2017,1512.83819
ury,2018,1560.97898
ury,2019,1540.78251
ury,2020,1531.60056
ury,2021,1643.32575
ury,2022,1623.82045
ury,2023,1771.52729
usa,1990,7669.45127
usa,1991,7629.84715
usa,1992,7675.63656
usa,1993,7708.10161
usa,1994,7755.08252
usa,1995,7760.89035
usa,1996,7841.59289
usa,1997,7825.23664
usa,1998,7800.43949
usa,1999,7920.05392
usa,2000,8055.14549
usa,2001,7824.24394
usa,2002,7840.46096
usa,2003,7791.30392
usa,2004,7878.53717
usa,2005,7843.39106
usa,2006,7694.40658
usa,2007,7756.01419
usa,2008,7484.83269
usa,2009,7053.35847
usa,2010,7162.55933
usa,2011,7009.64608
usa,2012,6820.46062
usa,2013,6888.38144
usa,2014,6915.64165
usa,2015,6789.64733
usa,2016,6663.49633
usa,2017,6590.8351
usa,2018,6738.27272
usa,2019,6700.93034
usa,2020,6141.53126
usa,2021,6445.83409
usa,2022,6511.68841
usa,2023,6363.50016
usa,2024,6359.4398
uzb,1990,2315.79831
uzb,1991,2291.77285
uzb,1992,2098.83132
uzb,1993,2130.91863
uzb,1994,2062.21084
uzb,1995,1713.58069
uzb,1996,1744.87032
uzb,1997,1746.59887
uzb,1998,1789.46821
uzb,1999,1842.93906
uzb,2000,1871.11316
uzb,2001,1868.13082
uzb,2002,1912.25629
uzb,2003,1827.88704
uzb,2004,1784.51336
uzb,2005,1666.13499
uzb,2006,1699.25892
uzb,2007,1638.45361
uzb,2008,1660.63763
uzb,2009,1492.27478
uzb,2010,1596.92372
uzb,2011,1607.25299
uzb,2012,1391.8121
uzb,2013,1354.11121
uzb,2014,1242.64773
uzb,2015,1167.29385
uzb,2016,1211.94608
uzb,2017,1255.97755
uzb,2018,1276.08533
uzb,2019,1289.07818
uzb,2020,1351.14124
uzb,2021,1465.18514
uzb,2022,1381.80517
uzb,2023,1394.09047
vct,1990,263.24457
vct,2004,584.92489
vct,2005,595.82036
vct,2006,624.92188
vct,2007,627.62819
ven,1990,1997.56479
ven,1991,2037.30183
ven,1992,2226.55481
ven,1993,2027.59967
ven,1994,2299.11785
ven,1995,2111.3377
ven,1996,2203.62645
ven,1997,2149.90771
ven,1998,2218.43188
ven,1999,2399.16211
ven,2000,2391.36796
ven,2001,2188.40607
ven,2002,2648.88653
ven,2003,2432.1263
ven,2004,2305.02805
ven,2005,2371.58341
ven,2006,2377.64028
ven,2007,2391.33788
ven,2008,2346.01164
ven,2009,2231.75459
ven,2010,2621.20702
ven,2011,2309.90661
ven,2012,2310.75269
ven,2013,2529.20975
ven,2014,2173.57093
ven,2015,2098.46944
ven,2016,2009.06815
ven,2017,1933.19115
ven,2018,1451.39491
ven,2019,1379.7344
ven,2020,1093.43161
ven,2021,1409.82624
ven,2022,1364.68351
ven,2023,1331.23284
vnm,1990,272.78025
vnm,1991,270.74887
vnm,1992,276.93321
vnm,1993,294.74751
vnm,1994,289.677
vnm,1995,304.05854
vnm,1996,315.96054
vnm,1997,335.56568
vnm,1998,352.51276
vnm,1999,358.07543
vnm,2000,372.48674
vnm,2001,393.08163
vnm,2002,424.57245
vnm,2003,441.3315
vnm,2004,485.43271
vnm,2005,509.24513
vnm,2006,515.07504
vnm,2007,544.67318
vnm,2008,572.09954
vnm,2009,615.14215
vnm,2010,670.10803
vnm,2011,663.57444
vnm,2012,664.34731
vnm,2013,674.67817
vnm,2014,745.63353
vnm,2015,679.44592
vnm,2016,738.87953
vnm,2017,757.47998
vnm,2018,885.64684
vnm,2019,987.27147
vnm,2020,991.28123
vnm,2021,962.19952
vnm,2022,1023.05714
vnm,2023,1018.0694
vut,1990,157.4603
vut,2004,145.83566
vut,2005,142.342
vut,2006,143.5697
vut,2007,158.1735
wsm,1990,255.77336
wsm,2004,300.67276
wsm,2005,304.8487
wsm,2006,303.66152
wsm,2007,307.27988
yem,1990,180.98157
yem,1991,211.97568
yem,1992,222.8815
yem,1993,185.80638
yem,1994,186.96632
yem,1995,204.13977
yem,1996,201.53184
yem,1997,207.42546
yem,1998,214.7488
yem,1999,234.96099
yem,2000,241.8845
yem,2001,260.29125
yem,2002,244.76588
yem,2003,264.07055
yem,2004,279.89133
yem,2005,289.03075
yem,2006,299.54292
yem,2007,283.81295
yem,2008,289.81153
yem,2009,311.08056
yem,2010,291.862
yem,2011,240.19243
yem,2012,210.82776
yem,2013,281.95318
yem,2014,259.81594
yem,2015,119.99409
yem,2016,71.68796
yem,2017,150.5705
yem,2018,204.23545
yem,2019,199.22187
yem,2020,183.54023
yem,2021,166.82517
yem,2022,171.24937
yem,2023,154.99626
zaf,1990,2238.59315
zaf,1991,2247.25101
zaf,1992,2104.60311
zaf,1993,2197.40026
zaf,1994,2255.9549
zaf,1995,2357.97345
zaf,1996,2395.08883
zaf,1997,2418.36525
zaf,1998,2434.78353
zaf,1999,2365.7013
zaf,2000,2269.37063
zaf,2001,2180.26593
zaf,2002,2072.05766
zaf,2003,2300.85053
zaf,2004,2478.00379
zaf,2005,2374.4355
zaf,2006,2397.99082
zaf,2007,2576.78504
zaf,2008,2738.08467
zaf,2009,2735.00619
zaf,2010,2518.4419
zaf,2011,2536.41418
zaf,2012,2394.39799
zaf,2013,2341.17923
zaf,2014,2438.67892
zaf,2015,2257.19468
zaf,2016,2311.76902
zaf,2017,2283.45815
zaf,2018,2184.87778
zaf,2019,2231.91075
zaf,2020,2037.46194
zaf,2021,2124.62297
zaf,2022,1938.30645
zaf,2023,1938.50916
zmb,1990,698.991
zmb,1991,700.92465
zmb,1992,694.86224
zmb,1993,679.43942
zmb,1994,668.07636
zmb,1995,663.32497
zmb,1996,641.70756
zmb,1997,652.33161
zmb,1998,641.72023
zmb,1999,629.37088
zmb,2000,596.19496
zmb,2001,597.0439
zmb,2002,604.56251
zmb,2003,611.86077
zmb,2004,612.38951
zmb,2005,608.66595
zmb,2006,605.12548
zmb,2007,598.06114
zmb,2008,617.61433
zmb,2009,620.7672
zmb,2010,629.59255
zmb,2011,646.45139
zmb,2012,662.5552
zmb,2013,671.76527
zmb,2014,682.45763
zmb,2015,686.13169
zmb,2016,682.99266
zmb,2017,701.83745
zmb,2018,725.34537
zmb,2019,740.77962
zmb,2020,757.47882
zmb,2021,768.8643
zmb,2022,791.62139
zmb,2023,804.22306
zwe,1990,917.21633
zwe,1991,947.26741
zwe,1992,950.927
zwe,1993,896.55006
zwe,1994,889.06885
zwe,1995,896.80281
zwe,1996,878.32434
zwe,1997,853.41337
zwe,1998,856.36441
zwe,1999,898.60375
zwe,2000,555.92069
zwe,2001,540.27061
zwe,2002,519.5818
zwe,2003,477.2008
zwe,2004,449.27202
zwe,2005,479.1906
zwe,2006,494.4348
zwe,2007,473.01682
zwe,2008,416.11125
zwe,2009,418.04243
zwe,2010,420.10905
zwe,2011,444.80696
zwe,2012,454.70802
zwe,2013,462.86528
zwe,2014,460.3337
zwe,2015,453.58452
zwe,2016,423.26403
zwe,2017,413.68724
zwe,2018,441.90246
zwe,2019,439.67638
zwe,2020,394.91924
zwe,2021,405.0045
zwe,2022,447.38598
zwe,2023,472.22896
