geo,time,fixed_line_subscribers_per_100_people
abw,1982,14.25946
abw,1983,15.70278
abw,1984,17.1409
abw,1985,18.611
abw,1986,20.22369
abw,1987,21.54694
abw,1988,24.43263
abw,1989,27.04347
abw,1990,29
abw,1991,28.6
abw,1992,29.6
abw,1993,29.5
abw,1994,29.3
abw,1995,36
abw,1996,42.8
abw,1997,41
abw,1998,41.9
abw,1999,42.3
abw,2000,42.92426
abw,2001,41.11843
abw,2002,40.63516
abw,2003,40.50482
abw,2004,40.77006
abw,2005,40.60172
abw,2006,40.51807
abw,2007,39.97329
abw,2008,39.32417
abw,2009,37.06135
abw,2010,35.0001
abw,2012,35.37632
abw,2013,34.12703
abw,2014,33.85797
abw,2015,33.59441
abw,2019,32.68706
abw,2020,32.58845
abw,2021,32.54058
abw,2022,32.05452
afg,1960,0.0893
afg,1961,0.08558
afg,1962,0.08558
afg,1963,0.08558
afg,1964,0.08558
afg,1965,0.09723
afg,1966,0.09341
afg,1967,0.09341
afg,1968,0.09341
afg,1969,0.09341
afg,1970,0.1488
afg,1971,0.14319
afg,1972,0.14319
afg,1973,0.14319
afg,1974,0.14319
afg,1975,0.17685
afg,1976,0.17867
afg,1977,0.17498
afg,1978,0.19553
afg,1979,0.19482
afg,1980,0.20662
afg,1981,0.28417
afg,1982,0.27755
afg,1983,0.29141
afg,1984,0.29286
afg,1985,0.29489
afg,1986,0.30627
afg,1987,0.31968
afg,1988,0.32744
afg,1989,0.32793
afg,1990,0.301
afg,1991,0.302
afg,1992,0.218
afg,1993,0.194
afg,1994,0.178
afg,1995,0.17
afg,1996,0.163
afg,1997,0.157
afg,1998,0.151
afg,1999,0.146
afg,2000,0.14406
afg,2001,0.14297
afg,2002,0.1546
afg,2003,0.16144
afg,2009,0.01868
afg,2010,0.05876
afg,2011,0.04603
afg,2012,0.29456
afg,2013,0.30285
afg,2014,0.31084
afg,2015,0.32514
afg,2016,0.32908
afg,2017,0.33279
afg,2018,0.3478
afg,2019,0.35565
afg,2020,0.37315
afg,2021,0.36446
afg,2022,0.39977
afg,2023,0.43894
ago,1960,0.12443
ago,1961,0.1222
ago,1962,0.1222
ago,1963,0.1222
ago,1964,0.1222
ago,1965,0.17432
ago,1966,0.17329
ago,1967,0.17329
ago,1968,0.17329
ago,1969,0.17329
ago,1970,0.2156
ago,1971,0.2207
ago,1972,0.2207
ago,1973,0.2207
ago,1974,0.2207
ago,1975,0.25595
ago,1976,0.26146
ago,1977,0.26624
ago,1978,0.32168
ago,1979,0.37299
ago,1980,0.43217
ago,1981,0.42519
ago,1982,0.55079
ago,1983,0.49468
ago,1984,0.47828
ago,1985,0.4749
ago,1986,0.46542
ago,1987,0.57976
ago,1988,0.58769
ago,1989,0.58569
ago,1990,0.602
ago,1991,0.599
ago,1992,0.394
ago,1993,0.416
ago,1994,0.4
ago,1995,0.385
ago,1996,0.371
ago,1997,0.425
ago,1998,0.429
ago,1999,0.429
ago,2000,0.40074
ago,2001,0.45858
ago,2002,0.46284
ago,2003,0.47394
ago,2004,0.50687
ago,2005,0.50158
ago,2006,0.49045
ago,2007,0.4538
ago,2008,0.52967
ago,2009,1.35259
ago,2010,1.2068
ago,2011,0.65853
ago,2012,0.82751
ago,2013,0.8215
ago,2014,1.0582
ago,2015,1.01189
ago,2016,1.04339
ago,2017,0.53273
ago,2018,0.54912
ago,2019,0.38525
ago,2020,0.35623
ago,2021,0.3475
ago,2022,0.26376
ago,2023,0.23568
ago,2024,0.21187
alb,1960,0.40001
alb,1961,0.41838
alb,1962,0.41838
alb,1963,0.41838
alb,1964,0.41838
alb,1965,0.69614
alb,1966,0.73786
alb,1967,0.73786
alb,1968,0.73786
alb,1969,0.73786
alb,1970,7.44172
alb,1971,8.04387
alb,1972,8.04387
alb,1973,8.04387
alb,1974,8.04387
alb,1975,0.81732
alb,1976,0.82917
alb,1977,0.85772
alb,1978,0.87177
alb,1979,0.90004
alb,1980,0.92805
alb,1981,0.96913
alb,1982,0.98646
alb,1983,1.00391
alb,1984,1.0218
alb,1985,1.04911
alb,1986,1.09132
alb,1987,1.11191
alb,1988,1.13392
alb,1989,1.17452
alb,1990,1.22
alb,1991,1.26
alb,1992,1.37
alb,1993,1.31
alb,1994,1.27
alb,1995,1.29
alb,1996,1.97
alb,1997,2.69
alb,1998,3.6
alb,1999,4.4
alb,2000,4.82248
alb,2001,6.27381
alb,2002,7.01958
alb,2003,8.17809
alb,2004,8.86052
alb,2005,9.06887
alb,2006,8.39122
alb,2007,9.92429
alb,2008,11.48009
alb,2009,12.25739
alb,2010,11.3724
alb,2011,11.63811
alb,2012,10.72163
alb,2013,9.6713
alb,2014,8.11826
alb,2015,7.82155
alb,2016,8.5801
alb,2017,8.51275
alb,2018,8.59057
alb,2019,8.41796
alb,2020,7.78108
alb,2021,6.93738
alb,2022,6.26841
alb,2023,6.15776
alb,2024,5.92385
and,1965,3.68677
and,1966,2.69556
and,1967,2.69556
and,1968,2.69556
and,1969,2.69556
and,1970,9.51662
and,1971,7.78547
and,1972,7.78547
and,1973,7.78547
and,1974,7.78547
and,1975,13.95441
and,1976,14.24865
and,1977,15.22828
and,1978,17.01664
and,1979,18.53729
and,1980,19.72986
and,1981,24.18147
and,1982,26.90554
and,1983,29.67946
and,1984,30.81956
and,1985,31.95617
and,1986,34.18046
and,1987,35.44663
and,1988,36.07162
and,1989,37.62152
and,1990,40.9
and,1991,41.3
and,1992,42
and,1993,42.3
and,1994,43.9
and,1995,46.6
and,1996,48.4
and,1997,49.4
and,1998,50.4
and,1999,51.1
and,2000,52.08952
and,2001,52.3978
and,2002,52.50955
and,2003,50.61595
and,2004,47.1443
and,2005,45.78086
and,2006,45.87171
and,2007,45.3766
and,2008,44.76316
and,2009,45.15783
and,2010,47.29636
and,2011,49.3694
and,2012,49.87375
and,2013,51.29665
and,2014,51.85592
and,2015,53.82825
and,2016,53.6069
and,2017,52.07353
and,2018,52.38684
and,2019,51.85684
and,2020,62.82114
and,2021,63.51003
and,2022,63.8241
and,2023,63.92847
and,2024,64.94545
are,1975,4.74941
are,1976,5.87143
are,1977,7.04948
are,1978,8.95171
are,1979,10.60992
are,1980,11.89204
are,1981,12.9607
are,1982,13.96559
are,1983,14.37015
are,1984,14.43106
are,1985,15.00881
are,1986,15.02542
are,1987,15.72426
are,1988,17.58902
are,1989,19.68535
are,1990,20.9
are,1991,21.8
are,1992,23.2
are,1993,24.9
are,1994,26.4
are,1995,27.6
are,1996,28.4
are,1997,29.6
are,1998,30.1
are,1999,29.9
are,2000,29.19923
are,2001,28.27728
are,2002,27.63968
are,2003,27.09051
are,2004,26.8174
are,2005,26.51481
are,2006,26.14607
are,2007,24.63312
are,2008,25.32248
are,2009,23.55948
are,2010,21.32326
are,2011,25.35614
are,2012,26.24323
are,2013,26.63503
are,2014,25.53197
are,2015,26.03737
are,2016,25.31105
are,2017,25.13271
are,2018,25.05001
are,2019,25.19344
are,2020,25.19828
are,2021,22.91318
are,2022,22.32069
are,2023,21.22242
are,2024,20.79701
arg,1960,4.49468
arg,1961,4.46571
arg,1962,4.46571
arg,1963,4.46571
arg,1964,4.46571
arg,1965,4.98783
arg,1966,4.96398
arg,1967,4.96398
arg,1968,4.96398
arg,1969,4.96398
arg,1970,5.39786
arg,1971,5.38932
arg,1972,5.38932
arg,1973,5.38932
arg,1974,5.38932
arg,1975,6.38054
arg,1976,6.38259
arg,1977,6.33381
arg,1978,6.36555
arg,1979,6.51461
arg,1980,6.70478
arg,1981,7.72357
arg,1982,8.16433
arg,1983,7.73229
arg,1984,8.7141
arg,1985,8.95065
arg,1986,9.29875
arg,1987,9.5013
arg,1988,10.02107
arg,1989,9.58783
arg,1990,9.24
arg,1991,9.42
arg,1992,10.7
arg,1993,11.7
arg,1994,14.4
arg,1995,16.3
arg,1996,17.6
arg,1997,19
arg,1998,19.5
arg,1999,19.6
arg,2000,21.21301
arg,2001,21.61189
arg,2002,20.27005
arg,2003,22.39175
arg,2004,22.56952
arg,2005,24.07559
arg,2006,23.87504
arg,2007,23.74005
arg,2008,24.10152
arg,2009,23.90938
arg,2010,24.01192
arg,2011,23.29828
arg,2012,22.42707
arg,2013,22.69029
arg,2014,22.83016
arg,2015,23.16885
arg,2016,23.15439
arg,2017,22.00183
arg,2018,21.8655
arg,2019,17.24849
arg,2020,16.27759
arg,2021,16.83067
arg,2022,15.50583
arg,2023,15.44677
arg,2024,14.0529
arm,1975,6.71189
arm,1976,7.2506
arm,1977,8.43022
arm,1978,8.88677
arm,1979,9.36373
arm,1980,9.569
arm,1981,10.73274
arm,1982,11.24293
arm,1983,11.73458
arm,1984,12.22456
arm,1985,12.72382
arm,1986,13.2244
arm,1987,14.02414
arm,1988,14.88043
arm,1989,15.3704
arm,1990,15.8
arm,1991,15.8
arm,1992,16.2
arm,1993,16.9
arm,1994,17.4
arm,1995,17.6
arm,1996,17.7
arm,1997,17.5
arm,1998,17.3
arm,1999,17.2
arm,2000,17.06495
arm,2001,17.23073
arm,2002,17.76544
arm,2003,18.54837
arm,2004,19.15517
arm,2005,19.77161
arm,2006,20.19478
arm,2007,20.9996
arm,2008,21.16899
arm,2009,20.36654
arm,2010,20.20758
arm,2011,20.0783
arm,2012,19.97192
arm,2013,19.79286
arm,2014,19.59922
arm,2015,18.87479
arm,2016,18.21383
arm,2017,17.18763
arm,2018,16.42398
arm,2019,15.55012
arm,2020,14.78917
arm,2021,14.56694
arm,2022,12.69229
arm,2023,11.24624
arm,2024,9.99812
asm,1982,13.00647
asm,1983,12.52212
asm,1984,12.18298
asm,1985,11.84954
asm,1986,11.52325
asm,1987,11.20396
asm,1988,10.89104
asm,1989,10.5859
asm,1990,11.8
asm,1991,11.5
asm,1992,12.2
asm,1993,15.9
asm,1994,18.5
asm,1995,18.7
asm,1996,18.7
asm,1997,18.6
asm,1998,18.4
asm,1999,18.1
asm,2000,18.03184
asm,2001,22.06194
asm,2002,24.6276
asm,2003,18.8043
asm,2004,18.2231
asm,2005,18.36904
asm,2006,18.44822
asm,2007,18.53403
asm,2008,18.62865
asm,2009,18.72929
asm,2010,18.83103
asm,2012,18.35233
asm,2013,18.51646
asm,2014,18.51644
asm,2015,18.91146
asm,2019,19.91675
asm,2020,20.09606
asm,2021,20.31488
asm,2022,20.05089
atg,1970,2.63492
atg,1971,2.64892
atg,1972,2.64892
atg,1973,2.64892
atg,1974,2.64892
atg,1975,2.96713
atg,1976,2.96921
atg,1981,5.37833
atg,1982,6.13205
atg,1983,7.64432
atg,1984,8.86754
atg,1985,10.76128
atg,1986,12.36247
atg,1987,14.76233
atg,1988,17.19234
atg,1989,20.42869
atg,1990,25.3
atg,1991,21.6
atg,1992,26.1
atg,1993,29.3
atg,1994,36.3
atg,1995,38
atg,1996,40.2
atg,1997,43.6
atg,1998,47
atg,1999,49.5
atg,2000,51.12666
atg,2001,48.9871
atg,2002,49.38986
atg,2003,48.79051
atg,2004,48.27297
atg,2005,45.82281
atg,2006,46.52375
atg,2007,46.38696
atg,2008,45.83173
atg,2009,44.3729
atg,2010,42.5715
atg,2011,41.10179
atg,2012,38.00023
atg,2013,37.62377
atg,2014,22.43564
atg,2015,22.36911
atg,2016,25.01306
atg,2017,26.52872
atg,2019,29.55212
atg,2020,29.39703
atg,2021,29.23692
atg,2022,29.42697
aus,1960,15.18442
aus,1961,15.2505
aus,1962,15.2505
aus,1963,15.2505
aus,1964,15.2505
aus,1965,17.69453
aus,1966,17.7669
aus,1967,17.7669
aus,1968,17.7669
aus,1969,17.7669
aus,1970,21.46878
aus,1971,21.1365
aus,1972,21.1365
aus,1973,21.1365
aus,1974,21.1365
aus,1975,25.48453
aus,1976,26.3569
aus,1977,27.52695
aus,1978,29.01922
aus,1979,30.64261
aus,1980,32.24914
aus,1981,33.95395
aus,1982,35.31392
aus,1983,36.34947
aus,1984,37.55321
aus,1985,39.1927
aus,1986,40.60296
aus,1987,41.92261
aus,1988,42.91172
aus,1989,44.17553
aus,1990,45.5
aus,1991,46.4
aus,1992,47.1
aus,1993,48.2
aus,1994,49.4
aus,1995,49.2
aus,1996,50.1
aus,1997,50.5
aus,1998,51
aus,1999,51.6
aus,2000,52.5285
aus,2001,51.94823
aus,2002,53.0738
aus,2003,52.77643
aus,2004,51.72927
aus,2005,49.86575
aus,2006,48.27455
aus,2007,46.577
aus,2008,43.84531
aus,2009,49.16217
aus,2010,47.98664
aus,2011,47.03339
aus,2012,45.81964
aus,2013,44.54243
aus,2014,38.94794
aus,2015,35.49357
aus,2016,34.85414
aus,2017,34.20803
aus,2018,32.64369
aus,2019,24.33022
aus,2020,21.19149
aus,2021,25.87945
aus,2022,24.46196
aus,2023,24.47155
aus,2024,22.28486
aut,1960,6.08534
aut,1961,6.06451
aut,1962,6.06451
aut,1963,6.06451
aut,1964,6.06451
aut,1965,9.00977
aut,1966,8.96627
aut,1967,8.96627
aut,1968,8.96627
aut,1969,8.96627
aut,1970,12.98005
aut,1971,12.8921
aut,1972,12.8921
aut,1973,12.8921
aut,1974,12.8921
aut,1975,19.86294
aut,1976,21.45829
aut,1977,23.08905
aut,1978,24.93304
aut,1979,26.93614
aut,1980,29.02924
aut,1981,30.70186
aut,1982,32.20947
aut,1983,33.70645
aut,1984,34.93843
aut,1985,36.09294
aut,1986,37.2452
aut,1987,38.38603
aut,1988,39.57561
aut,1989,40.7226
aut,1990,42
aut,1991,43.1
aut,1992,44.2
aut,1993,45.3
aut,1994,46.5
aut,1995,47.8
aut,1996,49
aut,1997,49.8
aut,1998,50.2
aut,1999,49.3
aut,2000,49.88189
aut,2001,49.70013
aut,2002,48.0472
aut,2003,47.73101
aut,2004,46.74869
aut,2005,45.43574
aut,2006,43.59183
aut,2007,41.06327
aut,2008,39.46774
aut,2009,38.98112
aut,2010,40.62119
aut,2011,40.36567
aut,2012,40.08729
aut,2013,39.30952
aut,2014,41.16724
aut,2015,41.76173
aut,2016,40.82438
aut,2017,42.17858
aut,2018,42.24716
aut,2019,41.91172
aut,2020,42.44539
aut,2021,42.47446
aut,2022,40.57594
aut,2023,39.47349
aut,2024,38.16655
aze,1975,3.5443
aze,1976,3.81968
aze,1977,4.41483
aze,1978,4.67091
aze,1979,5.08162
aze,1980,5.3266
aze,1981,6.02547
aze,1982,6.24284
aze,1983,6.44774
aze,1984,6.63989
aze,1985,6.82035
aze,1986,7.13356
aze,1987,7.43058
aze,1988,7.6985
aze,1989,8.02844
aze,1990,8.57
aze,1991,8.48
aze,1992,8.38
aze,1993,8.27
aze,1994,8.35
aze,1995,8.28
aze,1996,8.24
aze,1997,8.29
aze,1998,8.48
aze,1999,9.01
aze,2000,9.80087
aze,2001,10.48017
aze,2002,11.12161
aze,2003,11.20603
aze,2004,11.93657
aze,2005,12.72733
aze,2006,13.51079
aze,2007,14.19637
aze,2008,14.65451
aze,2009,15.48804
aze,2010,16.47108
aze,2011,18.19197
aze,2012,18.38706
aze,2013,18.49515
aze,2014,18.64212
aze,2015,18.41541
aze,2016,17.22902
aze,2017,16.93658
aze,2018,16.74744
aze,2019,16.54928
aze,2020,16.2319
aze,2021,16.06645
aze,2022,15.94076
aze,2023,15.8482
aze,2024,12.82286
bdi,1965,0.0449
bdi,1966,0.04524
bdi,1967,0.04524
bdi,1968,0.04524
bdi,1969,0.04524
bdi,1970,0.05718
bdi,1971,0.05749
bdi,1972,0.05749
bdi,1973,0.05749
bdi,1974,0.05749
bdi,1975,0.07201
bdi,1976,0.06787
bdi,1981,0.04454
bdi,1982,0.0478
bdi,1983,0.05141
bdi,1984,0.07868
bdi,1985,0.10732
bdi,1986,0.13152
bdi,1987,0.13779
bdi,1988,0.13934
bdi,1989,0.14266
bdi,1990,0.142
bdi,1991,0.179
bdi,1992,0.22
bdi,1993,0.274
bdi,1994,0.276
bdi,1995,0.284
bdi,1996,0.25
bdi,1997,0.261
bdi,1998,0.288
bdi,1999,0.3
bdi,2000,0.30911
bdi,2001,0.30965
bdi,2002,0.32362
bdi,2003,0.33927
bdi,2004,0.3795
bdi,2005,0.3664
bdi,2006,0.35453
bdi,2007,0.34918
bdi,2008,0.35754
bdi,2009,0.34781
bdi,2010,0.37298
bdi,2011,0.30881
bdi,2012,0.17271
bdi,2013,0.20359
bdi,2014,0.20064
bdi,2015,0.19709
bdi,2016,0.17385
bdi,2017,0.20344
bdi,2018,0.2092
bdi,2019,0.17083
bdi,2020,0.14504
bdi,2021,0.12322
bdi,2022,0.11199
bdi,2023,0.10492
bel,1960,8.55512
bel,1961,8.50039
bel,1962,8.50039
bel,1963,8.50039
bel,1964,8.50039
bel,1965,11.15555
bel,1966,11.1179
bel,1967,11.1179
bel,1968,11.1179
bel,1969,11.1179
bel,1970,13.95252
bel,1971,13.9485
bel,1972,13.9485
bel,1973,13.9485
bel,1974,13.9485
bel,1975,18.94785
bel,1976,19.85975
bel,1977,20.94749
bel,1978,22.22402
bel,1979,23.6088
bel,1980,24.84481
bel,1981,26.28214
bel,1982,27.61502
bel,1983,28.56205
bel,1984,29.62411
bel,1985,30.69083
bel,1986,32.63775
bel,1987,34.01128
bel,1988,35.54287
bel,1989,37.35109
bel,1990,39.3
bel,1991,41
bel,1992,42.4
bel,1993,43.6
bel,1994,44.9
bel,1995,46.2
bel,1996,45.5
bel,1997,46.8
bel,1998,47.6
bel,1999,49
bel,2000,49.12759
bel,2001,49.88521
bel,2002,47.72683
bel,2003,46.98225
bel,2004,46.06914
bel,2005,45.7547
bel,2006,44.81989
bel,2007,45.61918
bel,2008,44.20771
bel,2009,42.87531
bel,2010,42.42424
bel,2011,41.98213
bel,2012,41.72653
bel,2013,41.09665
bel,2014,40.432
bel,2015,39.81
bel,2016,38.57028
bel,2017,37.63712
bel,2018,35.93495
bel,2019,34.20538
bel,2020,31.50033
bel,2021,28.57871
bel,2022,25.47806
bel,2023,23.61925
bel,2024,21.18113
ben,1960,0.08661
ben,1961,0.08949
ben,1962,0.08949
ben,1963,0.08949
ben,1964,0.08949
ben,1965,0.08407
ben,1966,0.08737
ben,1967,0.08737
ben,1968,0.08737
ben,1969,0.08737
ben,1970,0.11576
ben,1971,0.12018
ben,1972,0.12018
ben,1973,0.12018
ben,1974,0.12018
ben,1975,0.15725
ben,1976,0.16938
ben,1977,0.17964
ben,1978,0.19335
ben,1979,0.20609
ben,1980,0.2221
ben,1981,0.23871
ben,1982,0.23875
ben,1983,0.23852
ben,1984,0.24647
ben,1985,0.24622
ben,1986,0.26438
ben,1987,0.28118
ben,1988,0.2814
ben,1989,0.28588
ben,1990,0.28
ben,1991,0.276
ben,1992,0.281
ben,1993,0.348
ben,1994,0.393
ben,1995,0.453
ben,1996,0.511
ben,1997,0.554
ben,1998,0.565
ben,1999,0.623
ben,2000,0.71513
ben,2001,0.79642
ben,2002,0.81649
ben,2003,0.84052
ben,2004,0.89212
ben,2005,0.90512
ben,2006,0.88968
ben,2007,1.23705
ben,2008,1.24928
ben,2009,1.33708
ben,2010,1.36185
ben,2011,1.51298
ben,2012,1.50721
ben,2013,1.48889
ben,2014,1.77391
ben,2015,1.71351
ben,2016,1.06757
ben,2017,0.47166
ben,2018,0.39172
ben,2019,0.28222
ben,2020,0.24779
ben,2021,0.08568
ben,2022,0.01109
ben,2023,0.01011
ben,2024,0.00933
bfa,1970,0.02673
bfa,1971,0.02667
bfa,1972,0.02667
bfa,1973,0.02667
bfa,1974,0.02667
bfa,1975,0.0391
bfa,1976,0.04147
bfa,1977,0.06234
bfa,1978,0.06081
bfa,1981,0.09363
bfa,1982,0.09806
bfa,1983,0.09943
bfa,1984,0.10059
bfa,1985,0.09963
bfa,1986,0.11674
bfa,1987,0.137
bfa,1988,0.14779
bfa,1989,0.16294
bfa,1990,0.177
bfa,1991,0.19
bfa,1992,0.205
bfa,1993,0.222
bfa,1994,0.26
bfa,1995,0.289
bfa,1996,0.32
bfa,1997,0.332
bfa,1998,0.367
bfa,1999,0.409
bfa,2000,0.44624
bfa,2001,0.47203
bfa,2002,0.4882
bfa,2003,0.50937
bfa,2004,0.63127
bfa,2005,0.65454
bfa,2006,0.65925
bfa,2007,0.78796
bfa,2008,0.97101
bfa,2009,0.97047
bfa,2010,0.88995
bfa,2011,0.84942
bfa,2012,0.82318
bfa,2013,0.77659
bfa,2014,0.68348
bfa,2015,0.39981
bfa,2016,0.39166
bfa,2017,0.38202
bfa,2018,0.37557
bfa,2019,0.35918
bfa,2020,0.34936
bfa,2021,0.36996
bfa,2022,0.32281
bfa,2023,0.35818
bfa,2024,0.34702
bgd,1970,0.06663
bgd,1971,0.07006
bgd,1972,0.07006
bgd,1973,0.07006
bgd,1974,0.07006
bgd,1975,0.08032
bgd,1976,0.08903
bgd,1977,0.09726
bgd,1978,0.10749
bgd,1979,0.10866
bgd,1980,0.11319
bgd,1981,0.11723
bgd,1982,0.12196
bgd,1983,0.12585
bgd,1984,0.12947
bgd,1985,0.15778
bgd,1986,0.16678
bgd,1987,0.17355
bgd,1988,0.1822
bgd,1989,0.18304
bgd,1990,0.195
bgd,1991,0.195
bgd,1992,0.201
bgd,1993,0.208
bgd,1994,0.218
bgd,1995,0.234
bgd,1996,0.253
bgd,1997,0.289
bgd,1998,0.318
bgd,1999,0.328
bgd,2000,0.36516
bgd,2001,0.41291
bgd,2002,0.43613
bgd,2003,0.52639
bgd,2004,0.58148
bgd,2005,0.73938
bgd,2006,0.77456
bgd,2007,0.80203
bgd,2008,0.89946
bgd,2009,0.8185
bgd,2010,0.8415
bgd,2011,0.63656
bgd,2012,0.6201
bgd,2013,0.69145
bgd,2014,0.61671
bgd,2015,0.54225
bgd,2016,0.47645
bgd,2017,0.43627
bgd,2018,0.88651
bgd,2019,0.87904
bgd,2020,0.83588
bgd,2021,0.17383
bgd,2022,0.17022
bgd,2023,0.17282
bgd,2024,0.16406
bgr,1979,8.96993
bgr,1980,10.11068
bgr,1981,12.74502
bgr,1982,12.60021
bgr,1983,15.10311
bgr,1984,15.66085
bgr,1985,16.82166
bgr,1986,17.9935
bgr,1987,19.68247
bgr,1988,21.34495
bgr,1989,22.64769
bgr,1990,24.7
bgr,1991,25.4
bgr,1992,27.3
bgr,1993,28.5
bgr,1994,29.6
bgr,1995,30.7
bgr,1996,31.9
bgr,1997,32.6
bgr,1998,33.9
bgr,1999,35.1
bgr,2000,36.01998
bgr,2001,36.41316
bgr,2002,36.52788
bgr,2003,36.10154
bgr,2004,35.1871
bgr,2005,32.35875
bgr,2006,31.40486
bgr,2007,30.32014
bgr,2008,29.05907
bgr,2009,29.45233
bgr,2010,29.09888
bgr,2011,30.7971
bgr,2012,29.14994
bgr,2013,26.73821
bgr,2014,25.15383
bgr,2015,23.05643
bgr,2016,20.75046
bgr,2017,18.2295
bgr,2018,15.94922
bgr,2019,13.98264
bgr,2020,12.58726
bgr,2021,11.45283
bgr,2022,10.12997
bgr,2023,9.11393
bgr,2024,8.16763
bhr,1965,1.65793
bhr,1966,1.70729
bhr,1967,1.70729
bhr,1968,1.70729
bhr,1969,1.70729
bhr,1970,2.83076
bhr,1971,2.96324
bhr,1972,2.96324
bhr,1973,2.96324
bhr,1974,2.96324
bhr,1975,4.91028
bhr,1976,5.23257
bhr,1977,6.15215
bhr,1978,6.72747
bhr,1979,9.60784
bhr,1980,11.36806
bhr,1981,12.08886
bhr,1982,12.91581
bhr,1983,14.07558
bhr,1984,15.34527
bhr,1985,15.95323
bhr,1986,16.1945
bhr,1987,16.09211
bhr,1988,17.17149
bhr,1989,17.53516
bhr,1990,18.3
bhr,1991,18.9
bhr,1992,20.5
bhr,1993,22.1
bhr,1994,23.5
bhr,1995,23.7
bhr,1996,23.7
bhr,1997,24.4
bhr,1998,24.7
bhr,1999,25.3
bhr,2000,25.53477
bhr,2001,24.83799
bhr,2002,23.32447
bhr,2003,22.89677
bhr,2004,21.98115
bhr,2005,20.7505
bhr,2006,19.52468
bhr,2007,19.24911
bhr,2008,19.66479
bhr,2009,20.10806
bhr,2010,18.79259
bhr,2011,22.91511
bhr,2012,24.61689
bhr,2013,23.18631
bhr,2014,21.68446
bhr,2015,20.45158
bhr,2016,19.57633
bhr,2017,19.18434
bhr,2018,18.34457
bhr,2019,18.38376
bhr,2020,18.48225
bhr,2021,17.45687
bhr,2022,17.21031
bhr,2023,16.67011
bhr,2024,15.93318
bhs,1970,11.38844
bhs,1971,12.0441
bhs,1972,12.0441
bhs,1973,12.0441
bhs,1974,12.0441
bhs,1975,11.29378
bhs,1976,12.80956
bhs,1977,12.58704
bhs,1978,13.58038
bhs,1979,13.26187
bhs,1980,13.89038
bhs,1981,14.14308
bhs,1982,17.10764
bhs,1983,15.33269
bhs,1984,16.08975
bhs,1985,17.07199
bhs,1986,19.3111
bhs,1987,21.08263
bhs,1988,22.42256
bhs,1989,23.2975
bhs,1990,25.3
bhs,1991,27.8
bhs,1992,26.9
bhs,1993,26.1
bhs,1994,26.6
bhs,1995,27.8
bhs,1996,29.2
bhs,1997,31.6
bhs,1998,33.6
bhs,1999,34.8
bhs,2000,35.31027
bhs,2001,37.61088
bhs,2002,38.16365
bhs,2003,39.28752
bhs,2004,41.18405
bhs,2005,38.69623
bhs,2006,37.76505
bhs,2007,37.60012
bhs,2008,37.07026
bhs,2009,35.54588
bhs,2010,35.18959
bhs,2011,35.77741
bhs,2012,35.95503
bhs,2013,35.88836
bhs,2014,32.86912
bhs,2015,31.38089
bhs,2016,31.20382
bhs,2017,29.15656
bhs,2018,28.88976
bhs,2019,23.08963
bhs,2020,22.98775
bhs,2021,21.62231
bhs,2022,21.7549
bhs,2023,24.21615
bhs,2024,23.1966
bih,1992,14.2
bih,1993,15.4
bih,1994,6.71
bih,1995,6.4
bih,1996,7.03
bih,1997,7.54
bih,1998,8.15
bih,1999,8.91
bih,2000,18.75103
bih,2001,20.2665
bih,2002,21.55768
bih,2003,22.44858
bih,2004,22.97824
bih,2005,23.65089
bih,2006,24.33999
bih,2007,26.52229
bih,2008,26.1265
bih,2009,25.73961
bih,2010,26.20024
bih,2011,25.54219
bih,2012,25.32492
bih,2013,24.69279
bih,2014,23.82207
bih,2015,22.33184
bih,2016,22.58054
bih,2017,22.14702
bih,2018,21.87207
bih,2019,21.76998
bih,2020,21.42598
bih,2021,21.24237
bih,2022,20.31002
bih,2023,19.26059
bih,2024,18.42599
blr,1960,0.89401
blr,1961,0.92309
blr,1962,0.92309
blr,1963,0.92309
blr,1964,0.92309
blr,1965,1.29764
blr,1966,1.35086
blr,1967,1.35086
blr,1968,1.35086
blr,1969,1.35086
blr,1970,2.80892
blr,1971,2.88998
blr,1972,2.88998
blr,1973,2.88998
blr,1974,2.88998
blr,1975,5.1596
blr,1976,5.65641
blr,1977,6.06821
blr,1978,6.51377
blr,1979,6.92787
blr,1980,7.36356
blr,1981,7.66114
blr,1982,8.08135
blr,1983,8.59952
blr,1984,9.65405
blr,1985,9.89716
blr,1986,10.92835
blr,1987,11.95174
blr,1988,13.04015
blr,1989,14.09495
blr,1990,15.5
blr,1991,16.4
blr,1992,17.1
blr,1993,17.7
blr,1994,18.5
blr,1995,19.3
blr,1996,20.9
blr,1997,22.8
blr,1998,24.7
blr,1999,26.3
blr,2000,27.54298
blr,2001,28.80215
blr,2002,30.05194
blr,2003,31.33007
blr,2004,32.62307
blr,2005,33.97111
blr,2006,35.05347
blr,2007,38.39589
blr,2008,39.01726
blr,2009,41.89583
blr,2010,43.60666
blr,2011,44.422
blr,2012,46.5709
blr,2013,47.21456
blr,2014,47.65601
blr,2015,47.86061
blr,2016,47.53502
blr,2017,47.38754
blr,2018,47.35001
blr,2019,47.19217
blr,2020,47.12423
blr,2021,46.83367
blr,2022,46.11041
blr,2023,45.77424
blr,2024,45.75843
blz,1960,1.11375
blz,1961,1.10575
blz,1962,1.10575
blz,1963,1.10575
blz,1964,1.10575
blz,1965,2.67079
blz,1966,2.63855
blz,1967,2.63855
blz,1968,2.63855
blz,1969,2.63855
blz,1970,2.48129
blz,1971,2.45535
blz,1972,2.45535
blz,1973,2.45535
blz,1974,2.45535
blz,1975,2.52292
blz,1976,2.50616
blz,1977,2.58329
blz,1978,2.58254
blz,1979,2.71536
blz,1980,2.66652
blz,1981,2.62026
blz,1982,3.4309
blz,1983,3.86984
blz,1984,3.80601
blz,1985,4.28302
blz,1986,4.78495
blz,1987,5.84864
blz,1988,7.00733
blz,1989,8.53633
blz,1990,9.46
blz,1991,11.4
blz,1992,13
blz,1993,14.7
blz,1994,14.2
blz,1995,14.2
blz,1996,14.1
blz,1997,14.1
blz,1998,14.4
blz,1999,15.5
blz,2000,14.84807
blz,2001,14.18679
blz,2002,12.22613
blz,2003,12.61582
blz,2004,12.40982
blz,2005,12.07231
blz,2006,11.92345
blz,2007,11.45052
blz,2008,10.22601
blz,2009,9.97012
blz,2010,9.45776
blz,2011,8.81276
blz,2012,7.59986
blz,2013,7.04013
blz,2014,6.50573
blz,2015,6.62386
blz,2016,6.14195
blz,2017,5.64949
blz,2018,5.48858
blz,2019,4.79487
blz,2020,4.86167
blz,2021,4.80592
blz,2022,4.42129
bmu,1960,22.12916
bmu,1961,20.6763
bmu,1962,20.6763
bmu,1963,20.6763
bmu,1964,20.6763
bmu,1965,26.64316
bmu,1966,25.3948
bmu,1967,25.3948
bmu,1968,25.3948
bmu,1969,25.3948
bmu,1970,30.82335
bmu,1971,30.5032
bmu,1972,30.5032
bmu,1973,30.5032
bmu,1974,30.5032
bmu,1975,32.86015
bmu,1976,33.53756
bmu,1977,36.27466
bmu,1978,38.34499
bmu,1979,40.21999
bmu,1980,41.76421
bmu,1981,43.59174
bmu,1982,48.68232
bmu,1983,50.17803
bmu,1984,52.03276
bmu,1985,53.62788
bmu,1986,55.99786
bmu,1987,58.22098
bmu,1988,60.95876
bmu,1989,63.55693
bmu,1990,64.8
bmu,1991,67.2
bmu,1992,68.1
bmu,1993,71.5
bmu,1994,74.7
bmu,1995,78
bmu,1996,81.1
bmu,1997,86.2
bmu,1998,88.6
bmu,1999,89.9
bmu,2000,91.10154
bmu,2001,90.76083
bmu,2002,90.11619
bmu,2003,86.55788
bmu,2004,86.08425
bmu,2005,83.67113
bmu,2006,91.75606
bmu,2007,91.41406
bmu,2008,90.99526
bmu,2009,90.77322
bmu,2010,90.70224
bmu,2012,108.41215
bmu,2013,113.25385
bmu,2014,46.01678
bmu,2015,18.90836
bmu,2016,32.07458
bmu,2017,34.41914
bmu,2019,38.9973
bmu,2020,38.83073
bmu,2021,38.67096
bmu,2022,38.7033
bmu,2024,43.59335
bol,1980,2.35526
bol,1981,2.42197
bol,1982,2.47199
bol,1983,2.45073
bol,1984,2.52273
bol,1985,2.48599
bol,1986,2.44978
bol,1987,2.46566
bol,1988,2.42937
bol,1989,2.44537
bol,1990,2.56
bol,1991,2.8
bol,1992,2.8
bol,1993,3.06
bol,1994,3.14
bol,1995,3.14
bol,1996,4.35
bol,1997,4.71
bol,1998,5.44
bol,1999,5.94
bol,2000,5.93465
bol,2001,5.99117
bol,2002,6.63612
bol,2003,6.74269
bol,2004,6.79496
bol,2005,6.90426
bol,2006,7.00037
bol,2007,7.00187
bol,2008,8.00917
bol,2009,8.0291
bol,2010,8.3596
bol,2011,8.48864
bol,2012,8.37188
bol,2013,8.18509
bol,2014,8.07558
bol,2015,8.00053
bol,2016,7.758
bol,2017,7.50234
bol,2018,6.18646
bol,2019,5.58864
bol,2020,5.0615
bol,2021,4.60748
bol,2022,4.00258
bol,2023,3.4518
bol,2024,2.97202
bra,1960,0.88928
bra,1961,0.90054
bra,1962,0.90054
bra,1963,0.90054
bra,1964,0.90054
bra,1965,1.00445
bra,1966,1.01951
bra,1967,1.01951
bra,1968,1.01951
bra,1969,1.01951
bra,1970,1.29709
bra,1971,1.31422
bra,1972,1.31422
bra,1973,1.31422
bra,1974,1.31422
bra,1975,2.02505
bra,1976,2.25544
bra,1977,2.68563
bra,1978,3.18863
bra,1979,3.5916
bra,1980,4.04781
bra,1981,4.25827
bra,1982,4.54644
bra,1983,4.80999
bra,1984,5.00415
bra,1985,5.26491
bra,1986,5.33574
bra,1987,5.482
bra,1988,5.69348
bra,1989,5.93905
bra,1990,6.31
bra,1991,6.64
bra,1992,7.03
bra,1993,7.21
bra,1994,7.7
bra,1995,8.2
bra,1996,9.2
bra,1997,10.2
bra,1998,11.8
bra,1999,14.6
bra,2000,17.77185
bra,2001,21.23115
bra,2002,21.74226
bra,2003,21.70547
bra,2004,21.66628
bra,2005,21.57833
bra,2006,20.78733
bra,2007,20.89586
bra,2008,21.66089
bra,2009,21.60402
bra,2010,21.75581
bra,2011,22.03236
bra,2012,22.50415
bra,2013,22.69171
bra,2014,22.05471
bra,2015,21.65713
bra,2016,20.66939
bra,2017,19.724
bra,2018,18.58834
bra,2019,16.25066
bra,2020,14.69074
bra,2021,13.78542
bra,2022,12.96346
bra,2023,12.11231
bra,2024,10.63451
brb,1960,2.98129
brb,1961,3.00156
brb,1962,3.00156
brb,1963,3.00156
brb,1964,3.00156
brb,1965,4.54408
brb,1966,4.58811
brb,1967,4.58811
brb,1968,4.58811
brb,1969,4.58811
brb,1970,7.73912
brb,1971,7.82014
brb,1972,7.82014
brb,1973,7.82014
brb,1974,7.82014
brb,1975,10.94581
brb,1976,11.66135
brb,1977,12.54211
brb,1978,12.96328
brb,1979,13.38107
brb,1980,13.62088
brb,1981,13.7276
brb,1982,14.93886
brb,1983,16.34166
brb,1984,17.89893
brb,1985,18.80028
brb,1986,20.00697
brb,1987,21.27939
brb,1988,22.98908
brb,1989,25.55003
brb,1990,27.9
brb,1991,30.1
brb,1992,30.8
brb,1993,31.6
brb,1994,32.6
brb,1995,34.4
brb,1996,36.8
brb,1997,41.3
brb,1998,43.1
brb,1999,43.8
brb,2000,47.25276
brb,2001,49.14014
brb,2002,50.35056
brb,2003,50.4184
brb,2004,50.77928
brb,2005,50.19538
brb,2006,49.72593
brb,2007,49.49021
brb,2008,49.50241
brb,2009,49.50333
brb,2010,49.95077
brb,2011,50.94101
brb,2012,51.76538
brb,2013,53.56635
brb,2014,48.77887
brb,2015,53.59762
brb,2016,49.96996
brb,2017,42.9991
brb,2018,45.61382
brb,2019,45.53336
brb,2020,45.43873
brb,2021,42.87836
brb,2022,42.97069
brn,1977,4.22139
brn,1978,4.65444
brn,1979,5.22119
brn,1980,5.90674
brn,1981,7.21594
brn,1982,7.47645
brn,1983,8.19186
brn,1984,8.8503
brn,1985,9.36795
brn,1986,9.70346
brn,1987,10.35371
brn,1988,11.21968
brn,1989,11.90485
brn,1990,13.7
brn,1991,14.9
brn,1992,17.8
brn,1993,19.9
brn,1994,21.7
brn,1995,23.4
brn,1996,26.4
brn,1997,25.1
brn,1998,24.9
brn,1999,24.8
brn,2000,24.66118
brn,2001,26.53107
brn,2002,23.89892
brn,2003,23.63423
brn,2004,23.54701
brn,2005,23.37316
brn,2006,21.98633
brn,2007,21.45047
brn,2008,21.38367
brn,2009,20.92443
brn,2010,20.36566
brn,2011,19.99029
brn,2012,17.49027
brn,2014,17.19112
brn,2015,18.00091
brn,2016,17.35717
brn,2017,19.36216
brn,2018,18.86389
brn,2019,19.5604
brn,2020,23.21951
brn,2021,24.86004
brn,2022,26.8362
brn,2023,26.54304
brn,2024,27.7221
btn,1960,0
btn,1961,0
btn,1962,0
btn,1963,0
btn,1964,0
btn,1965,0.09804
btn,1966,0.09843
btn,1967,0.09843
btn,1968,0.09843
btn,1969,0.09843
btn,1970,0.12881
btn,1971,0.12949
btn,1972,0.12949
btn,1973,0.12949
btn,1974,0.12949
btn,1975,0.16181
btn,1976,0.18401
btn,1977,0.17801
btn,1978,0.1722
btn,1979,0.27359
btn,1980,0.28657
btn,1981,0.27995
btn,1982,0.29398
btn,1983,0.307
btn,1984,0.3084
btn,1985,0.30958
btn,1986,0.32054
btn,1987,0.321
btn,1988,0.32133
btn,1989,0.33774
btn,1990,0.318
btn,1991,0.417
btn,1992,0.512
btn,1993,0.687
btn,1994,0.825
btn,1995,0.957
btn,1996,1.11
btn,1997,1.15
btn,1998,1.83
btn,1999,2.06
btn,2000,2.36989
btn,2001,2.8738
btn,2002,3.14137
btn,2003,3.70995
btn,2004,4.65533
btn,2005,4.98591
btn,2006,4.69977
btn,2007,4.39953
btn,2008,4.00305
btn,2009,3.79661
btn,2010,3.74726
btn,2011,3.87523
btn,2012,3.76492
btn,2013,3.65173
btn,2014,3.24945
btn,2015,2.94497
btn,2016,2.81882
btn,2017,2.83216
btn,2018,2.89763
btn,2019,2.82169
btn,2020,2.9853
btn,2021,2.53791
btn,2022,2.50553
btn,2023,2.34109
btn,2024,0
bwa,1960,0.07799
bwa,1961,0.07956
bwa,1962,0.07956
bwa,1963,0.07956
bwa,1964,0.07956
bwa,1965,0.21017
bwa,1966,0.21429
bwa,1967,0.21429
bwa,1968,0.21429
bwa,1969,0.21429
bwa,1970,0.38835
bwa,1971,0.36641
bwa,1972,0.36641
bwa,1973,0.36641
bwa,1974,0.36641
bwa,1975,0.64567
bwa,1976,0.65238
bwa,1977,0.68156
bwa,1978,0.69461
bwa,1979,0.71628
bwa,1980,0.75945
bwa,1981,0.79491
bwa,1982,0.82951
bwa,1983,0.89176
bwa,1984,0.91696
bwa,1985,0.92878
bwa,1986,0.99647
bwa,1987,1.19563
bwa,1988,1.44418
bwa,1989,1.70512
bwa,1990,2.02
bwa,1991,2.43
bwa,1992,2.64
bwa,1993,3.06
bwa,1994,3.46
bwa,1995,3.98
bwa,1996,4.7
bwa,1997,5.45
bwa,1998,6.35
bwa,1999,7.54
bwa,2000,8.10191
bwa,2001,8.65263
bwa,2002,8.49141
bwa,2003,7.39969
bwa,2004,7.29183
bwa,2005,7.41696
bwa,2006,7.04363
bwa,2007,7.16544
bwa,2008,7.29663
bwa,2009,6.90329
bwa,2010,6.7592
bwa,2011,7.21367
bwa,2012,7.61106
bwa,2013,8.13596
bwa,2014,7.79155
bwa,2015,7.28416
bwa,2016,6.35956
bwa,2017,6.2295
bwa,2018,6.19714
bwa,2019,6.11415
bwa,2020,5.91755
bwa,2021,3.90645
bwa,2022,3.75939
bwa,2023,3.62001
bwa,2024,3.29938
caf,1978,0.10807
caf,1979,0.09978
caf,1980,0.10835
caf,1981,0.10135
caf,1982,0.1159
caf,1983,0.11222
caf,1984,0.10965
caf,1985,0.10184
caf,1986,0.15103
caf,1987,0.15675
caf,1988,0.16333
caf,1989,0.16593
caf,1990,0.174
caf,1991,0.181
caf,1992,0.199
caf,1993,0.214
caf,1994,0.226
caf,1995,0.25
caf,1996,0.282
caf,1997,0.278
caf,1998,0.264
caf,1999,0.264
caf,2000,0.24699
caf,2001,0.2275
caf,2002,0.22466
caf,2003,0.23153
caf,2004,0.2385
caf,2005,0.23316
caf,2009,0.07863
caf,2010,0.02068
caf,2011,0.01785
caf,2012,0.01785
caf,2013,0.01723
caf,2014,0.0173
caf,2015,0.04063
caf,2016,0.04167
caf,2017,0.04389
caf,2018,0.04495
caf,2019,0.04045
caf,2020,0.03979
caf,2021,0.03912
caf,2022,0.04096
can,1960,27.84858
can,1961,27.9453
can,1962,27.9453
can,1963,27.9453
can,1964,27.9453
can,1965,26.7614
can,1966,26.8443
can,1967,26.8443
can,1968,26.8443
can,1969,26.8443
can,1970,30.39015
can,1971,30.4758
can,1972,30.4758
can,1973,30.4758
can,1974,30.4758
can,1975,35.77935
can,1976,36.74583
can,1977,37.61284
can,1978,38.68931
can,1979,39.61745
can,1980,40.71149
can,1981,41.48367
can,1982,41.17457
can,1983,41.27778
can,1984,46.19653
can,1985,48.29246
can,1986,49.57882
can,1987,50.85438
can,1988,52.11932
can,1989,53.76439
can,1990,55
can,1991,56.2
can,1992,57
can,1993,58
can,1994,59.2
can,1995,59.6
can,1996,60.4
can,1997,62.1
can,1998,63.6
can,1999,66.6
can,2000,67.46126
can,2001,67.68209
can,2002,65.39281
can,2003,64.74333
can,2004,63.99404
can,2005,55.94298
can,2006,55.66685
can,2007,55.24577
can,2008,54.56054
can,2009,55.30596
can,2010,53.7885
can,2011,52.88312
can,2012,50.75808
can,2013,47.94376
can,2014,46.03322
can,2015,43.41296
can,2016,41.68948
can,2017,39.30886
can,2018,37.11489
can,2019,35.9845
can,2020,34.94717
can,2021,31.70537
can,2022,29.4246
can,2023,28.74366
can,2024,27.59897
che,1960,20.47521
che,1961,20.6597
che,1962,20.6597
che,1963,20.6597
che,1964,20.6597
che,1965,25.02967
che,1966,25.22
che,1967,25.22
che,1968,25.22
che,1969,25.22
che,1970,31.46624
che,1971,31.6216
che,1972,31.6216
che,1973,31.6216
che,1974,31.6216
che,1975,38.96964
che,1976,40.03444
che,1977,41.37984
che,1978,42.61703
che,1979,43.77055
che,1980,44.92719
che,1981,46.03618
che,1982,47.09783
che,1983,48.22152
che,1984,49.4361
che,1985,50.65093
che,1986,51.99473
che,1987,53.47444
che,1988,55.10308
che,1989,56.94233
che,1990,58.7
che,1991,60
che,1992,60.9
che,1993,61.5
che,1994,60.9
che,1995,63.6
che,1996,64.6
che,1997,66.1
che,1998,68.7
che,1999,70.9
che,2000,72.8804
che,2001,74.49753
che,2002,74.01774
che,2003,72.5914
che,2004,71.14453
che,2005,69.29304
che,2006,67.14899
che,2007,65.30067
che,2008,63.17788
che,2009,66.32263
che,2010,62.71311
che,2011,61.89714
che,2012,59.03269
che,2013,56.76933
che,2014,53.41361
che,2015,49.97626
che,2016,45.04585
che,2017,42.10454
che,2018,39.11628
che,2019,36.97055
che,2020,35.45828
che,2021,34.52219
che,2022,34.16907
che,2023,32.40218
che,2024,30.5941
chl,1960,1.61884
chl,1961,1.6206
chl,1962,1.6206
chl,1963,1.6206
chl,1964,1.6206
chl,1965,1.81213
chl,1966,1.8132
chl,1967,1.8132
chl,1968,1.8132
chl,1969,1.8132
chl,1970,2.41332
chl,1971,2.42254
chl,1972,2.42254
chl,1973,2.42254
chl,1974,2.42254
chl,1975,2.79148
chl,1976,2.85057
chl,1977,2.96266
chl,1978,3.09757
chl,1979,3.105
chl,1980,3.16483
chl,1981,3.3229
chl,1982,3.42324
chl,1983,3.64764
chl,1984,3.95959
chl,1985,4.35723
chl,1986,4.45872
chl,1987,4.56859
chl,1988,4.84167
chl,1989,4.9195
chl,1990,6.43
chl,1991,7.73
chl,1992,9.24
chl,1993,10.8
chl,1994,11.1
chl,1995,12.5
chl,1996,14.6
chl,1997,18
chl,1998,20.1
chl,1999,20.3
chl,2000,21.30144
chl,2001,22.17882
chl,2002,21.86297
chl,2003,20.294
chl,2004,20.66495
chl,2005,21.16761
chl,2006,20.49523
chl,2007,20.75155
chl,2008,20.93231
chl,2009,20.90163
chl,2010,20.1343
chl,2011,19.4222
chl,2012,18.79376
chl,2013,18.9248
chl,2014,19.18782
chl,2015,19.09326
chl,2016,18.47592
chl,2017,17.24375
chl,2018,15.86387
chl,2019,14.32602
chl,2020,13.25687
chl,2021,12.90568
chl,2022,11.3373
chl,2023,10.05989
chl,2024,8.78588
chn,1975,0.18489
chn,1976,0.18948
chn,1977,0.19447
chn,1978,0.20154
chn,1979,0.20996
chn,1980,0.21791
chn,1981,0.2227
chn,1982,0.23113
chn,1983,0.24368
chn,1984,0.26566
chn,1985,0.29427
chn,1986,0.32512
chn,1987,0.3562
chn,1988,0.42361
chn,1989,0.50073
chn,1990,0.594
chn,1991,0.722
chn,1992,0.968
chn,1993,1.45
chn,1994,2.26
chn,1995,3.34
chn,1996,4.46
chn,1997,5.66
chn,1998,6.99
chn,1999,8.63
chn,2000,11.40762
chn,2001,14.1053
chn,2002,16.64679
chn,2003,20.29691
chn,2004,23.94255
chn,2005,26.75097
chn,2006,27.90371
chn,2007,27.57831
chn,2008,25.51759
chn,2009,23.36884
chn,2010,21.78095
chn,2011,20.96047
chn,2012,20.31024
chn,2013,19.36066
chn,2014,17.97108
chn,2015,16.5454
chn,2016,14.71626
chn,2017,13.71872
chn,2018,13.53656
chn,2019,13.41976
chn,2020,12.75557
chn,2021,12.66799
chn,2022,12.58888
chn,2023,12.61183
chn,2024,11.73142
civ,1960,0.0995
civ,1961,0.10532
civ,1962,0.10532
civ,1963,0.10532
civ,1964,0.10532
civ,1965,0.19141
civ,1966,0.20346
civ,1967,0.20346
civ,1968,0.20346
civ,1969,0.20346
civ,1970,0.31038
civ,1971,0.3332
civ,1972,0.3332
civ,1973,0.3332
civ,1974,0.3332
civ,1975,0.35048
civ,1976,0.36689
civ,1977,0.37347
civ,1978,0.39633
civ,1979,0.40839
civ,1980,0.45118
civ,1981,0.49399
civ,1982,0.52553
civ,1983,0.54912
civ,1984,0.53775
civ,1985,0.57294
civ,1986,0.59277
civ,1987,0.5968
civ,1988,0.60366
civ,1989,0.59649
civ,1990,0.597
civ,1991,0.641
civ,1992,0.635
civ,1993,0.656
civ,1994,0.723
civ,1995,0.779
civ,1996,0.841
civ,1997,0.887
civ,1998,1.02
civ,1999,1.27
civ,2000,1.48973
civ,2001,1.61488
civ,2002,1.74132
civ,2003,1.24441
civ,2004,1.31632
civ,2005,1.28817
civ,2006,1.31686
civ,2007,1.17721
civ,2008,1.65704
civ,2009,1.28226
civ,2010,1.25997
civ,2011,1.20309
civ,2012,1.17669
civ,2013,1.13679
civ,2014,0.98944
civ,2015,1.09817
civ,2016,1.11241
civ,2017,1.143
civ,2018,1.10106
civ,2019,0.9638
civ,2020,0.91227
civ,2021,0.89536
civ,2022,0.86629
civ,2023,0.78415
civ,2024,0.76627
cmr,1975,0.17559
cmr,1976,0.17806
cmr,1977,0.181
cmr,1978,0.18909
cmr,1979,0.20108
cmr,1980,0.20193
cmr,1981,0.20732
cmr,1982,0.23561
cmr,1983,0.27147
cmr,1984,0.29568
cmr,1985,0.30457
cmr,1986,0.32039
cmr,1987,0.33544
cmr,1988,0.33459
cmr,1989,0.3469
cmr,1990,0.355
cmr,1991,0.359
cmr,1992,0.455
cmr,1993,0.463
cmr,1994,0.458
cmr,1995,0.502
cmr,1996,0.526
cmr,1997,0.546
cmr,1998,0.664
cmr,1999,0.651
cmr,2000,0.63704
cmr,2001,0.69426
cmr,2002,0.7051
cmr,2003,0.60267
cmr,2004,0.59865
cmr,2005,0.5876
cmr,2006,0.74468
cmr,2007,1.0464
cmr,2008,1.37453
cmr,2009,2.27798
cmr,2010,2.74305
cmr,2011,3.30642
cmr,2012,3.54379
cmr,2013,3.73331
cmr,2014,5.24132
cmr,2015,4.6139
cmr,2016,4.48139
cmr,2017,3.671
cmr,2018,3.63718
cmr,2019,3.35767
cmr,2020,3.67935
cmr,2021,3.2216
cmr,2022,3.24319
cmr,2024,0.23179
cod,1970,0.11066
cod,1971,0.11144
cod,1972,0.11144
cod,1973,0.11144
cod,1974,0.11144
cod,1975,0.11669
cod,1976,0.11372
cod,1977,0.1043
cod,1978,0.10114
cod,1979,0.09767
cod,1980,0.09959
cod,1981,0.08752
cod,1982,0.08849
cod,1983,0.08836
cod,1984,0.09595
cod,1985,0.09419
cod,1986,0.09141
cod,1987,0.08865
cod,1988,0.08648
cod,1989,0.09189
cod,1990,0.0927
cod,1991,0.0923
cod,1992,0.0918
cod,1993,0.0885
cod,1994,0.0845
cod,1995,0.081
cod,1996,0.0795
cod,1997,0.0198
cod,1998,0.0198
cod,1999,0.0195
cod,2000,0.01942
cod,2001,0.01914
cod,2002,0.0186
cod,2003,0.01759
cod,2004,0.01846
cod,2005,0.018
cod,2006,0.016
cod,2007,0.0056
cod,2008,0.05796
cod,2009,0.06372
cod,2010,0.06124
cod,2011,0.08041
cod,2012,0.08127
cod,2013,0
cod,2014,0
cod,2015,0
cod,2016,0
cod,2017,0
cod,2018,0
cod,2019,0
cod,2020,0
cod,2021,0
cod,2022,0
cod,2023,0
cod,2024,0
cog,1965,0.323
cog,1966,0.33755
cog,1967,0.33755
cog,1968,0.33755
cog,1969,0.33755
cog,1970,0.35075
cog,1971,0.36929
cog,1972,0.36929
cog,1973,0.36929
cog,1974,0.36929
cog,1975,0.34463
cog,1976,0.37822
cog,1977,0.38202
cog,1978,0.39698
cog,1979,0.4302
cog,1980,0.46423
cog,1981,0.47484
cog,1982,0.46887
cog,1983,0.48902
cog,1984,0.48713
cog,1985,0.49254
cog,1986,0.48488
cog,1987,0.49825
cog,1988,0.66612
cog,1989,0.6799
cog,1990,0.666
cog,1991,0.69
cog,1992,0.711
cog,1993,0.739
cog,1994,0.769
cog,1995,0.779
cog,1996,0.778
cog,1997,0.762
cog,1998,0.745
cog,1999,0.725
cog,2000,0.69811
cog,2001,0.67226
cog,2002,0.65657
cog,2003,0.20315
cog,2004,0.3876
cog,2005,0.43034
cog,2006,0.35842
cog,2007,0.33675
cog,2008,0.22001
cog,2009,0.27095
cog,2010,0.30029
cog,2011,0.30804
cog,2012,0.31499
cog,2013,0.32281
cog,2014,0.32758
cog,2015,0.33349
cog,2016,0.32551
cog,2017,0.3177
cog,2019,0.30267
cog,2020,0.29551
cog,2022,0.29169
col,1960,1.75257
col,1961,1.71218
col,1962,1.71218
col,1963,1.71218
col,1964,1.71218
col,1965,2.15038
col,1966,2.09877
col,1967,2.09877
col,1968,2.09877
col,1969,2.09877
col,1970,2.85096
col,1971,2.77467
col,1972,2.77467
col,1973,2.77467
col,1974,2.77467
col,1975,3.57892
col,1976,3.60139
col,1977,3.83163
col,1978,4.04262
col,1979,3.99659
col,1980,4.10946
col,1981,4.23528
col,1982,4.71819
col,1983,4.63172
col,1984,5.25088
col,1985,5.80466
col,1986,6.00396
col,1987,6.26832
col,1988,6.62373
col,1989,6.81807
col,1990,7.44
col,1991,7.96
col,1992,8.36
col,1993,9.12
col,1994,10
col,1995,10.8
col,1996,12.7
col,1997,14.5
col,1998,16.8
col,1999,17.3
col,2000,18.40059
col,2001,18.56379
col,2002,19.25868
col,2003,19.17137
col,2004,18.26696
col,2005,18.22689
col,2006,18.41182
col,2007,18.32781
col,2008,18.11965
col,2009,16.88188
col,2010,16.04867
col,2011,15.74633
col,2012,15.45664
col,2013,15.47392
col,2014,15.42118
col,2015,15.13575
col,2016,15.00075
col,2017,14.51797
col,2018,14.22468
col,2019,14.05047
col,2020,14.31568
col,2021,14.78348
col,2022,14.59153
col,2023,13.90831
col,2024,11.94252
com,1960,0
com,1961,0
com,1962,0
com,1963,0
com,1964,0
com,1965,0.04652
com,1966,0.04821
com,1967,0.04821
com,1968,0.04821
com,1969,0.04821
com,1970,0.12379
com,1971,0.1304
com,1972,0.1304
com,1973,0.1304
com,1974,0.1304
com,1975,0.16069
com,1976,0.17312
com,1977,0.20124
com,1978,0.22732
com,1979,0.25148
com,1980,0.27412
com,1981,0.29587
com,1982,0.31695
com,1983,0.33695
com,1984,0.38287
com,1985,0.42433
com,1986,0.45899
com,1987,0.5072
com,1988,0.56706
com,1989,0.68854
com,1990,0.734
com,1991,0.799
com,1992,0.828
com,1993,0.847
com,1994,0.886
com,1995,0.892
com,1996,0.998
com,1997,1.08
com,1998,1.21
com,1999,1.24
com,2000,1.26343
com,2001,1.62202
com,2002,1.83532
com,2003,2.32451
com,2004,2.59736
com,2005,2.85805
com,2006,3.15187
com,2007,4.21849
com,2008,4.57789
com,2009,4.79588
com,2010,3.23898
com,2011,3.46468
com,2012,3.52097
com,2013,3.30369
com,2014,3.30287
com,2015,2.00899
com,2016,1.75924
com,2017,2.27471
com,2018,1.3375
com,2019,1.27667
com,2020,0.94407
com,2021,0.90531
com,2022,0.88349
com,2023,1.03753
cpv,1960,0.08959
cpv,1961,0.09318
cpv,1962,0.09318
cpv,1963,0.09318
cpv,1964,0.09318
cpv,1966,0.09318
cpv,1967,0.09318
cpv,1968,0.09318
cpv,1969,0.09318
cpv,1971,0.09318
cpv,1972,0.09318
cpv,1973,0.09318
cpv,1974,0.09318
cpv,1975,0.48953
cpv,1980,0.45361
cpv,1981,0.48661
cpv,1982,0.52096
cpv,1983,0.57105
cpv,1984,0.65281
cpv,1985,0.67143
cpv,1986,1.08113
cpv,1987,1.6099
cpv,1988,1.81354
cpv,1989,1.89865
cpv,1990,2.2
cpv,1991,2.36
cpv,1992,2.96
cpv,1993,3.79
cpv,1994,4.5
cpv,1995,5.15
cpv,1996,5.93
cpv,1997,7.68
cpv,1998,9.09
cpv,1999,10.5
cpv,2000,12.05426
cpv,2001,13.93286
cpv,2002,15.02786
cpv,2003,15.14968
cpv,2004,14.95713
cpv,2005,14.75939
cpv,2006,14.58608
cpv,2007,14.46301
cpv,2008,14.33316
cpv,2009,14.20039
cpv,2010,14.11794
cpv,2011,14.5671
cpv,2012,13.71605
cpv,2013,12.91952
cpv,2014,11.63732
cpv,2015,12.4092
cpv,2016,12.62774
cpv,2017,12.66736
cpv,2018,12.20845
cpv,2019,11.18665
cpv,2020,11.20465
cpv,2021,10.60894
cpv,2022,10.97085
cpv,2023,11.55895
cpv,2024,11.67778
cri,1960,0.74278
cri,1961,0.75144
cri,1962,0.75144
cri,1963,0.75144
cri,1964,0.75144
cri,1965,1.24787
cri,1966,1.25562
cri,1967,1.25562
cri,1968,1.25562
cri,1969,1.25562
cri,1970,2.15552
cri,1971,2.16521
cri,1972,2.16521
cri,1973,2.16521
cri,1974,2.16521
cri,1975,3.8355
cri,1976,4.18907
cri,1977,4.77168
cri,1978,5.38446
cri,1979,5.6869
cri,1980,6.51948
cri,1981,6.87533
cri,1982,7.39221
cri,1983,7.43003
cri,1984,7.50905
cri,1985,7.5747
cri,1986,7.53924
cri,1987,8.22145
cri,1988,8.54653
cri,1989,8.83403
cri,1990,9.02
cri,1991,9.52
cri,1992,9.95
cri,1993,10.8
cri,1994,12.5
cri,1995,13.5
cri,1996,14.5
cri,1997,18.5
cri,1998,19.6
cri,1999,20.8
cri,2000,22.82361
cri,2001,23.57103
cri,2002,25.46764
cri,2003,28.00878
cri,2004,31.98019
cri,2005,32.58448
cri,2006,30.76604
cri,2007,32.7994
cri,2008,32.38097
cri,2009,33.32601
cri,2010,23.27465
cri,2011,22.38083
cri,2012,21.33583
cri,2013,20.53496
cri,2014,18.48532
cri,2015,17.8395
cri,2016,17.22511
cri,2017,16.56038
cri,2018,15.48736
cri,2019,12.80718
cri,2020,11.1213
cri,2021,9.94973
cri,2022,9.66721
cri,2023,12.38153
cri,2024,11.89996
cub,1960,2.13835
cub,1961,2.17612
cub,1962,2.17612
cub,1963,2.17612
cub,1964,2.17612
cub,1966,2.17612
cub,1967,2.17612
cub,1968,2.17612
cub,1969,2.17612
cub,1971,2.17612
cub,1972,2.17612
cub,1973,2.17612
cub,1974,2.17612
cub,1976,2.0519
cub,1977,2.03669
cub,1978,2.01439
cub,1979,2.15863
cub,1981,2.35669
cub,1982,2.46244
cub,1983,2.55394
cub,1984,2.5483
cub,1985,2.64655
cub,1986,2.81179
cub,1987,3.58675
cub,1988,3.38883
cub,1989,2.88878
cub,1990,3.17
cub,1991,3.16
cub,1992,3.12
cub,1993,3.22
cub,1994,3.21
cub,1995,3.23
cub,1996,3.25
cub,1997,3.37
cub,1998,3.51
cub,1999,3.92
cub,2000,4.39825
cub,2001,5.15442
cub,2002,5.95521
cub,2003,6.4612
cub,2004,6.83524
cub,2005,7.60003
cub,2006,8.52568
cub,2007,9.34786
cub,2008,9.63613
cub,2009,9.91424
cub,2010,10.29993
cub,2011,10.55973
cub,2012,10.76266
cub,2013,10.95112
cub,2014,11.20718
cub,2015,11.49312
cub,2016,11.73484
cub,2017,11.9951
cub,2018,12.32884
cub,2019,12.91756
cub,2020,13.44115
cub,2021,13.83965
cub,2022,14.22741
cub,2023,14.41861
cub,2024,14.48797
cym,1970,13.29156
cym,1971,15.3106
cym,1972,15.3106
cym,1973,15.3106
cym,1974,15.3106
cym,1975,17.76521
cym,1976,19.02324
cym,1977,20.50807
cym,1978,21.59279
cym,1979,23.20186
cym,1980,24.26901
cym,1984,32.84882
cym,1985,34.45477
cym,1986,35.05294
cym,1987,38.1815
cym,1988,39.86475
cym,1989,43.23369
cym,1990,47.4
cym,1991,43.2
cym,1992,44.6
cym,1993,46.7
cym,1994,56.2
cym,1995,59.3
cym,1997,53.5
cym,1998,74.9
cym,1999,82.3
cym,2000,88.21898
cym,2001,92.48217
cym,2002,89.38232
cym,2003,86.49338
cym,2004,83.78903
cym,2005,81.21741
cym,2006,78.78587
cym,2007,70.54159
cym,2008,69.92239
cym,2009,68.70463
cym,2010,69.04194
cym,2011,66.95141
cym,2012,65.44385
cym,2013,62.59824
cym,2014,54.69249
cym,2015,54.40122
cym,2016,54.06656
cym,2017,53.87464
cym,2019,53.47038
cym,2020,52.41395
cym,2021,51.34935
cym,2022,49.96857
cyp,1960,1.85538
cyp,1961,1.85538
cyp,1962,1.85538
cyp,1963,1.85538
cyp,1964,1.85538
cyp,1965,3.53718
cyp,1966,3.53718
cyp,1967,3.53718
cyp,1968,3.53718
cyp,1969,3.53718
cyp,1970,5.43644
cyp,1971,5.43644
cyp,1972,5.43644
cyp,1973,5.43644
cyp,1974,5.43644
cyp,1975,8.53286
cyp,1976,9.58004
cyp,1977,8.71317
cyp,1978,10.67814
cyp,1979,12.01689
cyp,1980,13.12131
cyp,1981,14.99107
cyp,1982,16.35791
cyp,1983,18.94712
cyp,1984,22.33732
cyp,1985,25.14397
cyp,1986,28.47872
cyp,1987,32.54164
cyp,1988,36.1602
cyp,1989,39.31577
cyp,1990,42.4
cyp,1991,45.2
cyp,1992,47.6
cyp,1993,49.7
cyp,1994,51.7
cyp,1995,52.9
cyp,1996,55
cyp,1997,57.2
cyp,1998,59.3
cyp,1999,61.4
cyp,2000,63.09548
cyp,2001,61.65528
cyp,2002,59.88889
cyp,2003,58.66704
cyp,2004,57.07572
cyp,2005,56.45565
cyp,2006,53.87505
cyp,2007,52.71497
cyp,2008,51.86636
cyp,2009,50.60579
cyp,2010,49.20124
cyp,2011,46.98654
cyp,2012,43.24904
cyp,2013,40.59395
cyp,2014,38.08945
cyp,2015,37.47476
cyp,2016,36.85171
cyp,2017,36.10756
cyp,2018,34.99876
cyp,2019,35.89473
cyp,2020,34.05566
cyp,2021,32.75769
cyp,2022,31.33305
cyp,2023,27.93026
cyp,2024,25.39983
cze,1979,11.25848
cze,1980,11.47736
cze,1981,11.71251
cze,1982,11.95668
cze,1983,12.32423
cze,1984,12.63507
cze,1985,12.93233
cze,1986,13.39775
cze,1987,13.94897
cze,1988,14.51331
cze,1989,15.11455
cze,1990,15.8
cze,1991,16.6
cze,1992,17.6
cze,1993,19.1
cze,1994,21.1
cze,1995,23.7
cze,1996,27.4
cze,1997,31.9
cze,1998,36.4
cze,1999,37.1
cze,2000,37.8209
cze,2001,37.73326
cze,2002,35.89513
cze,2003,35.38223
cze,2004,33.40333
cze,2005,31.29662
cze,2006,28.0223
cze,2007,23.24318
cze,2008,23.87606
cze,2009,24.24778
cze,2010,22.62416
cze,2011,20.9985
cze,2012,20.15164
cze,2013,19.0369
cze,2014,19.03449
cze,2015,18.11591
cze,2016,16.69767
cze,2017,15.55868
cze,2018,14.33265
cze,2019,14.15625
cze,2020,12.656
cze,2021,12.3683
cze,2022,11.62484
cze,2023,11.11264
cze,2024,10.78885
deu,1960,4.40847
deu,1961,4.38742
deu,1962,4.38742
deu,1963,4.38742
deu,1964,4.38742
deu,1965,6.37186
deu,1966,6.35343
deu,1967,6.35343
deu,1968,6.35343
deu,1969,6.35343
deu,1970,10.96755
deu,1971,10.9279
deu,1972,10.9279
deu,1973,10.9279
deu,1974,10.9279
deu,1975,16.34623
deu,1976,18.13583
deu,1977,20.13263
deu,1978,22.16557
deu,1979,24.2788
deu,1980,26.26619
deu,1981,27.86386
deu,1982,29.0832
deu,1983,30.14927
deu,1984,31.4826
deu,1985,32.70504
deu,1986,33.66089
deu,1987,34.58419
deu,1988,35.45372
deu,1989,36.55487
deu,1990,40
deu,1991,41.8
deu,1992,43.8
deu,1993,45.4
deu,1994,47.4
deu,1995,51.2
deu,1996,53.6
deu,1997,54.9
deu,1998,56.7
deu,1999,59
deu,2000,61.3957
deu,2001,63.86857
deu,2002,65.39673
deu,2003,66.0479
deu,2004,66.42003
deu,2005,66.78024
deu,2006,66.58346
deu,2007,65.31482
deu,2008,62.01395
deu,2009,66.34931
deu,2010,65.44525
deu,2011,63.56833
deu,2012,61.91576
deu,2013,60.09261
deu,2014,57.78234
deu,2015,55.25262
deu,2016,54.73652
deu,2017,53.42703
deu,2018,50.97848
deu,2019,45.79987
deu,2020,45.89333
deu,2021,45.98727
deu,2022,45.88147
deu,2023,45.77269
deu,2024,45.41571
dji,1970,0.80829
dji,1971,0.73093
dji,1972,0.73093
dji,1973,0.73093
dji,1974,0.73093
dji,1975,0.74359
dji,1976,0.71303
dji,1977,0.65591
dji,1978,0.68959
dji,1979,0.74953
dji,1980,0.80957
dji,1981,0.87602
dji,1982,0.96308
dji,1983,0.98552
dji,1984,0.96034
dji,1985,1.01021
dji,1986,1.01323
dji,1987,0.98436
dji,1988,0.99536
dji,1989,0.92227
dji,1990,0.985
dji,1991,0.987
dji,1992,1.08
dji,1993,1.2
dji,1994,1.2
dji,1995,1.19
dji,1996,1.26
dji,1997,1.23
dji,1998,1.13
dji,1999,1.22
dji,2000,1.29851
dji,2001,1.28767
dji,2002,1.27267
dji,2003,1.25
dji,2004,1.34399
dji,2005,1.26054
dji,2006,1.32057
dji,2007,1.61378
dji,2008,1.67015
dji,2009,1.84767
dji,2010,1.98592
dji,2011,1.94421
dji,2012,2.06414
dji,2013,2.10048
dji,2014,2.18526
dji,2015,2.24461
dji,2016,2.40206
dji,2017,3.46801
dji,2018,3.43834
dji,2019,3.40835
dji,2020,3.51669
dji,2021,2.43711
dji,2022,2.45634
dji,2023,2.48694
dma,1970,1.88693
dma,1971,1.82911
dma,1972,1.82911
dma,1973,1.82911
dma,1974,1.82911
dma,1975,3.0575
dma,1976,3.54017
dma,1977,4.06143
dma,1978,4.33235
dma,1979,0.54969
dma,1980,1.65803
dma,1982,4.26844
dma,1983,4.30337
dma,1984,5.42149
dma,1985,6.72105
dma,1986,8.42531
dma,1987,9.88589
dma,1988,11.36428
dma,1989,14.29082
dma,1990,16.7
dma,1991,17.9
dma,1992,19.8
dma,1993,22.9
dma,1994,24
dma,1995,25.6
dma,1996,27
dma,1997,27.7
dma,1998,29
dma,1999,31
dma,2000,33.13337
dma,2001,34.04698
dma,2002,34.67755
dma,2003,32.78516
dma,2004,30.5365
dma,2005,27.6428
dma,2006,25.43383
dma,2007,25.34606
dma,2008,25.4161
dma,2009,23.96027
dma,2010,22.48653
dma,2011,21.71086
dma,2012,23.49171
dma,2013,24.59155
dma,2014,23.37402
dma,2015,29.2359
dma,2016,19.14777
dma,2017,18.92227
dma,2018,4.1042
dma,2019,8.20271
dma,2020,9.41352
dma,2021,11.09937
dnk,1960,18.20246
dnk,1961,18.2049
dnk,1962,18.2049
dnk,1963,18.2049
dnk,1964,18.2049
dnk,1965,21.67351
dnk,1966,21.6547
dnk,1967,21.6547
dnk,1968,21.6547
dnk,1969,21.6547
dnk,1970,25.37096
dnk,1971,25.3284
dnk,1972,25.3284
dnk,1973,25.3284
dnk,1974,25.3284
dnk,1975,33.74047
dnk,1976,36.13556
dnk,1977,38.36055
dnk,1978,40.22651
dnk,1979,42.09957
dnk,1980,43.42641
dnk,1981,44.63902
dnk,1982,45.86948
dnk,1983,46.8987
dnk,1984,48.15157
dnk,1985,49.67897
dnk,1986,51.3417
dnk,1987,52.9471
dnk,1988,54.46121
dnk,1989,55.4716
dnk,1990,56.6
dnk,1991,57.2
dnk,1992,58.1
dnk,1993,59
dnk,1994,60
dnk,1995,61
dnk,1996,61.8
dnk,1997,63.2
dnk,1998,65.9
dnk,1999,68.4
dnk,2000,71.82108
dnk,2001,72.12097
dnk,2002,68.84106
dnk,2003,67.047
dnk,2004,64.59883
dnk,2005,61.77956
dnk,2006,56.98622
dnk,2007,51.72644
dnk,2008,54.1532
dnk,2009,50.23042
dnk,2010,47.1129
dnk,2011,44.54382
dnk,2012,41.11842
dnk,2013,37.3006
dnk,2014,33.17633
dnk,2015,26.73807
dnk,2016,24.35737
dnk,2017,19.06272
dnk,2018,19.36383
dnk,2019,17.25864
dnk,2020,12.59422
dnk,2021,12.43939
dnk,2022,12.66338
dnk,2023,12.41626
dnk,2024,11.67507
dom,1980,1.88506
dom,1981,1.93535
dom,1982,1.96842
dom,1983,2.03832
dom,1984,2.13464
dom,1985,2.23909
dom,1986,2.2611
dom,1987,2.88971
dom,1988,3.32153
dom,1989,4.06875
dom,1990,4.77
dom,1991,5.62
dom,1992,6.44
dom,1993,6.98
dom,1994,7.17
dom,1995,7.39
dom,1996,7.7
dom,1997,8.62
dom,1998,9.29
dom,1999,9.79
dom,2000,10.41641
dom,2001,10.95314
dom,2002,10.26811
dom,2003,10.11967
dom,2004,9.9096
dom,2005,9.71543
dom,2006,9.60292
dom,2007,9.58669
dom,2008,10.29664
dom,2009,9.95768
dom,2010,10.3146
dom,2011,11.05803
dom,2012,11.21054
dom,2013,11.48782
dom,2014,11.88605
dom,2015,12.50589
dom,2016,12.74795
dom,2017,12.46715
dom,2018,11.85477
dom,2019,11.11691
dom,2020,10.49656
dom,2021,10.38048
dom,2022,10.18538
dom,2023,10.09784
dom,2024,10.05766
dza,1965,0.58718
dza,1966,0.57924
dza,1967,0.57924
dza,1968,0.57924
dza,1969,0.57924
dza,1970,0.69441
dza,1971,0.66229
dza,1972,0.66229
dza,1973,0.66229
dza,1974,0.66229
dza,1975,0.81973
dza,1976,0.85284
dza,1977,1.00618
dza,1978,1.17396
dza,1979,1.43337
dza,1980,1.66174
dza,1981,1.87532
dza,1982,2.04105
dza,1983,2.15538
dza,1984,2.175
dza,1985,2.4265
dza,1986,2.52844
dza,1987,2.69167
dza,1988,2.87592
dza,1989,3.01272
dza,1990,3.2
dza,1991,3.4
dza,1992,3.61
dza,1993,3.92
dza,1994,4.02
dza,1995,4.13
dza,1996,4.4
dza,1997,4.73
dza,1998,4.91
dza,1999,5.25
dza,2000,5.69937
dza,2001,6.0004
dza,2002,6.14157
dza,2003,6.46282
dza,2004,7.62136
dza,2005,7.76822
dza,2006,8.45033
dza,2007,8.97473
dza,2008,8.81507
dza,2009,7.25876
dza,2010,8.07647
dza,2011,8.29013
dza,2012,8.73758
dza,2013,8.1554
dza,2014,7.90405
dza,2015,8.16499
dza,2016,8.33451
dza,2017,9.83701
dza,2018,9.88334
dza,2019,10.70726
dza,2020,10.86634
dza,2021,11.38725
dza,2022,12.26146
dza,2023,13.69975
dza,2024,14.80684
ecu,1965,0.89932
ecu,1966,0.91534
ecu,1967,0.91534
ecu,1968,0.91534
ecu,1969,0.91534
ecu,1970,1.45815
ecu,1971,1.48285
ecu,1972,1.48285
ecu,1973,1.48285
ecu,1974,1.48285
ecu,1975,2.32205
ecu,1976,2.40952
ecu,1977,2.46448
ecu,1978,2.59312
ecu,1979,2.73904
ecu,1980,2.79012
ecu,1981,2.89371
ecu,1982,3.02953
ecu,1983,3.01162
ecu,1984,2.92682
ecu,1985,2.90176
ecu,1986,3.01802
ecu,1987,3.44774
ecu,1988,3.84751
ecu,1989,4.44809
ecu,1990,4.68
ecu,1991,4.59
ecu,1992,4.86
ecu,1993,5.36
ecu,1994,5.79
ecu,1995,6.02
ecu,1996,6.78
ecu,1997,7.48
ecu,1998,8.09
ecu,1999,9.06
ecu,2000,9.64939
ecu,2001,10.34621
ecu,2002,10.73987
ecu,2003,11.44679
ecu,2004,11.68925
ecu,2005,12.13021
ecu,2006,12.60269
ecu,2007,12.72349
ecu,2008,13.08029
ecu,2009,13.57905
ecu,2010,13.83366
ecu,2011,14.42369
ecu,2012,14.82561
ecu,2013,15.14994
ecu,2014,15.22714
ecu,2015,15.44708
ecu,2016,14.85369
ecu,2017,14.41094
ecu,2018,13.84542
ecu,2019,12.66342
ecu,2020,11.75787
ecu,2021,10.44349
ecu,2022,9.22491
ecu,2023,7.97794
ecu,2024,6.71807
egy,1960,0.81564
egy,1961,0.82793
egy,1962,0.82793
egy,1963,0.82793
egy,1964,0.82793
egy,1966,0.82793
egy,1967,0.82793
egy,1968,0.82793
egy,1969,0.82793
egy,1970,0.8352
egy,1971,0.84169
egy,1972,0.84169
egy,1973,0.84169
egy,1974,0.84169
egy,1975,0.88974
egy,1976,0.89031
egy,1977,0.89212
egy,1978,0.89954
egy,1979,0.91949
egy,1981,0.95769
egy,1982,1.03585
egy,1983,1.23196
egy,1984,1.31606
egy,1985,1.78375
egy,1986,2.09327
egy,1987,2.11577
egy,1988,2.21116
egy,1989,2.50023
egy,1990,2.74
egy,1991,3.03
egy,1992,3.3
egy,1993,3.55
egy,1994,3.82
egy,1995,4.14
egy,1996,4.51
egy,1997,5.05
egy,1998,5.68
egy,1999,6.55
egy,2000,7.50322
egy,2001,8.96813
egy,2002,10.2241
egy,2003,11.22062
egy,2004,11.90797
egy,2005,12.81877
egy,2006,13.06847
egy,2007,13.32386
egy,2008,13.80372
egy,2009,11.78556
egy,2010,10.78312
egy,2011,9.56636
egy,2012,9.18571
egy,2013,7.15477
egy,2014,6.47596
egy,2015,6.26034
egy,2016,6.01926
egy,2017,6.36943
egy,2018,7.4424
egy,2019,8.14522
egy,2020,9.01827
egy,2021,9.9416
egy,2022,10.31935
egy,2023,10.89154
egy,2024,11.3698
eri,1992,0.723
eri,1993,0.718
eri,1994,0.794
eri,1995,0.866
eri,1996,0.889
eri,1997,1.02
eri,1998,1.11
eri,1999,1.24
eri,2000,1.35975
eri,2001,1.35155
eri,2002,1.5001
eri,2003,1.52684
eri,2004,1.51142
eri,2005,1.4171
eri,2006,1.38861
eri,2007,1.3638
eri,2008,1.43503
eri,2009,1.67849
eri,2010,1.84138
eri,2011,1.95008
eri,2012,1.97861
eri,2013,2.01457
eri,2014,2.06774
eri,2015,2.12523
eri,2016,2.11496
eri,2017,2.1004
eri,2019,2.03692
eri,2020,2.0053
eri,2021,1.97004
eri,2022,2.00079
esp,1960,4.28317
esp,1961,4.28502
esp,1962,4.28502
esp,1963,4.28502
esp,1964,4.28502
esp,1965,5.52753
esp,1966,5.52164
esp,1967,5.52164
esp,1968,5.52164
esp,1969,5.52164
esp,1970,8.419
esp,1971,8.39636
esp,1972,8.39636
esp,1973,8.39636
esp,1974,8.39636
esp,1975,13.13743
esp,1976,14.16196
esp,1977,15.55333
esp,1978,16.77723
esp,1979,18.01072
esp,1980,19.28109
esp,1981,20.27138
esp,1982,21.1091
esp,1983,22.14764
esp,1984,23.17178
esp,1985,24.27864
esp,1986,25.35656
esp,1987,26.4544
esp,1988,28.29074
esp,1989,30.36801
esp,1990,32.2
esp,1991,33.8
esp,1992,35
esp,1993,35.9
esp,1994,36.8
esp,1995,37.7
esp,1996,38.3
esp,1997,39.2
esp,1998,40.1
esp,1999,40.4
esp,2000,41.69696
esp,2001,42.50393
esp,2002,42.24751
esp,2003,41.77984
esp,2004,41.4818
esp,2005,44.27053
esp,2006,44.44532
esp,2007,44.36304
esp,2008,44.50318
esp,2009,43.40996
esp,2010,43.08544
esp,2011,42.31886
esp,2012,41.63191
esp,2013,41.36595
esp,2014,41.17389
esp,2015,41.49996
esp,2016,41.70037
esp,2017,41.79178
esp,2018,41.96536
esp,2019,41.40345
esp,2020,40.80509
esp,2021,39.92955
esp,2022,39.06889
esp,2023,38.39512
esp,2024,38.0467
est,1975,8.42671
est,1976,9.05699
est,1977,11.05644
est,1978,11.65301
est,1979,12.937
est,1980,13.54112
est,1981,15.48021
est,1982,16.0495
est,1983,16.60342
est,1984,17.14899
est,1985,17.69584
est,1986,18.22889
est,1987,18.73741
est,1988,19.10763
est,1989,19.76982
est,1990,20.4
est,1991,21.2
est,1992,22
est,1993,23.2
est,1994,25.6
est,1995,28.3
est,1996,30.6
est,1997,33
est,1998,35.3
est,1999,36.7
est,2000,37.42428
est,2001,36.47188
est,2002,34.43439
est,2003,33.62877
est,2004,32.58522
est,2005,32.62691
est,2006,33.55251
est,2007,36.95757
est,2008,37.25516
est,2009,36.92384
est,2010,36.21704
est,2011,35.55243
est,2012,33.88829
est,2013,32.36087
est,2014,30.98546
est,2015,29.48532
est,2016,28.16349
est,2017,27.48673
est,2018,26.14971
est,2019,24.44849
est,2020,22.91758
est,2021,22.27297
est,2022,19.69823
est,2023,17.44117
est,2024,16.71535
eth,1960,0.03972
eth,1961,0.03899
eth,1962,0.03899
eth,1963,0.03899
eth,1964,0.03899
eth,1965,0.06875
eth,1966,0.06796
eth,1967,0.06796
eth,1968,0.06796
eth,1969,0.06796
eth,1970,0.11657
eth,1971,0.11614
eth,1972,0.11614
eth,1973,0.11614
eth,1974,0.11614
eth,1975,0.1403
eth,1976,0.15758
eth,1977,0.16973
eth,1978,0.17317
eth,1979,0.17597
eth,1980,0.18333
eth,1981,0.19206
eth,1982,0.20036
eth,1983,0.21916
eth,1984,0.22918
eth,1985,0.23724
eth,1986,0.24891
eth,1987,0.24767
eth,1988,0.23811
eth,1989,0.25076
eth,1990,0.263
eth,1991,0.268
eth,1992,0.245
eth,1993,0.247
eth,1994,0.248
eth,1995,0.248
eth,1996,0.25
eth,1997,0.255
eth,1998,0.259
eth,1999,0.298
eth,2000,0.34407
eth,2001,0.40825
eth,2002,0.49391
eth,2003,0.54825
eth,2004,0.63668
eth,2005,0.77883
eth,2006,0.89841
eth,2007,1.05903
eth,2008,1.04892
eth,2009,1.03975
eth,2010,1.00386
eth,2011,0.88997
eth,2012,0.83248
eth,2013,0.77353
eth,2014,0.81095
eth,2015,0.85748
eth,2016,1.07479
eth,2017,1.0769
eth,2019,1.08176
eth,2020,0.84092
eth,2021,0.72483
eth,2022,0.68761
eth,2023,0.64814
eth,2024,0.57976
fin,1960,9.66741
fin,1961,9.65778
fin,1962,9.65778
fin,1963,9.65778
fin,1964,9.65778
fin,1965,13.29804
fin,1966,13.2864
fin,1967,13.2864
fin,1968,13.2864
fin,1969,13.2864
fin,1970,18.7339
fin,1971,18.7106
fin,1972,18.7106
fin,1973,18.7106
fin,1974,18.7106
fin,1975,28.71777
fin,1976,30.26123
fin,1977,31.50627
fin,1978,32.84656
fin,1979,34.54668
fin,1980,36.40514
fin,1981,38.29274
fin,1982,39.94314
fin,1983,41.6209
fin,1984,43.09932
fin,1985,44.66746
fin,1986,46.19603
fin,1987,47.95044
fin,1988,49.93367
fin,1989,52.00954
fin,1990,53.5
fin,1991,54.2
fin,1992,54.4
fin,1993,54.5
fin,1994,55
fin,1995,55
fin,1996,55.5
fin,1997,55.7
fin,1998,55.1
fin,1999,55.2
fin,2000,55.03667
fin,2001,54.08997
fin,2002,52.41002
fin,2003,49.25406
fin,2004,45.29329
fin,2005,40.41111
fin,2006,36.26871
fin,2007,32.90027
fin,2008,31.0537
fin,2009,26.78476
fin,2010,23.30633
fin,2011,20.04365
fin,2012,16.42971
fin,2013,13.82961
fin,2014,11.69603
fin,2015,9.80343
fin,2016,8.3214
fin,2017,6.86225
fin,2018,5.85597
fin,2019,4.87164
fin,2020,4.069
fin,2021,3.73574
fin,2022,3.24996
fin,2023,2.82083
fin,2024,2.67032
fji,1960,1.28509
fji,1961,1.31239
fji,1962,1.31239
fji,1963,1.31239
fji,1964,1.31239
fji,1965,1.51383
fji,1966,1.53028
fji,1967,1.53028
fji,1968,1.53028
fji,1969,1.53028
fji,1970,1.81944
fji,1971,1.84416
fji,1972,1.84416
fji,1973,1.84416
fji,1974,1.84416
fji,1975,2.80894
fji,1976,2.95973
fji,1977,3.08799
fji,1978,3.19552
fji,1979,3.39361
fji,1980,3.7114
fji,1981,3.70767
fji,1982,3.80461
fji,1983,3.82501
fji,1984,4.05609
fji,1985,4.10043
fji,1986,4.47447
fji,1987,4.50477
fji,1988,4.66463
fji,1989,5.06973
fji,1990,5.49
fji,1991,5.85
fji,1992,6.32
fji,1993,6.83
fji,1994,7.48
fji,1995,8.11
fji,1996,8.71
fji,1997,8.84
fji,1998,9.36
fji,1999,9.8
fji,2000,10.2746
fji,2001,10.85481
fji,2002,11.36474
fji,2003,11.77706
fji,2004,12.0087
fji,2005,12.74883
fji,2006,12.91605
fji,2007,13.57102
fji,2008,14.29047
fji,2009,15.07673
fji,2010,14.26211
fji,2011,14.22197
fji,2012,9.66393
fji,2013,7.66354
fji,2014,8.25537
fji,2015,7.89971
fji,2016,8.07058
fji,2017,8.2668
fji,2018,6.13598
fji,2019,5.58138
fji,2020,5.30185
fji,2021,5.29
fji,2022,4.5
fji,2023,8.41481
fji,2024,8.37278
fra,1960,4.80449
fra,1961,4.80307
fra,1962,4.80307
fra,1963,4.80307
fra,1964,4.80307
fra,1965,6.36304
fra,1966,6.28761
fra,1967,6.28761
fra,1968,6.28761
fra,1969,6.28761
fra,1970,8.44754
fra,1971,8.40755
fra,1972,8.40755
fra,1973,8.40755
fra,1974,8.40755
fra,1975,13.53479
fra,1976,16.02725
fra,1977,19.00787
fra,1978,22.58567
fra,1979,26.12637
fra,1980,29.59759
fra,1981,32.84722
fra,1982,35.85811
fra,1983,38.36067
fra,1984,40.26965
fra,1985,41.79161
fra,1986,43.18293
fra,1987,44.5775
fra,1988,46.19317
fra,1989,47.96596
fra,1990,49.3
fra,1991,50.8
fra,1992,52.3
fra,1993,53.5
fra,1994,54.7
fra,1995,55.7
fra,1996,56.4
fra,1997,57.5
fra,1998,58
fra,1999,57.4
fra,2000,57.13682
fra,2001,56.89653
fra,2002,56.56511
fra,2003,55.83202
fra,2004,55.09254
fra,2005,54.69693
fra,2006,54.99611
fra,2007,55.74025
fra,2008,55.90936
fra,2009,64.86499
fra,2010,64.05501
fra,2011,63.34161
fra,2012,61.99025
fra,2013,60.69479
fra,2014,59.98378
fra,2015,59.96796
fra,2016,59.92915
fra,2017,59.32164
fra,2018,58.19943
fra,2019,57.5039
fra,2020,57.29283
fra,2021,57.63008
fra,2022,57.13712
fra,2023,56.11328
fro,1960,9.39275
fro,1961,9.26766
fro,1962,9.26766
fro,1963,9.26766
fro,1964,9.26766
fro,1965,13.11011
fro,1966,12.9319
fro,1967,12.9319
fro,1968,12.9319
fro,1969,12.9319
fro,1970,17.9873
fro,1971,17.7139
fro,1972,17.7139
fro,1973,17.7139
fro,1974,17.7139
fro,1975,25.9169
fro,1976,27.76831
fro,1977,29.14828
fro,1978,30.28476
fro,1979,31.2403
fro,1980,32.00864
fro,1981,33.56568
fro,1982,35.13495
fro,1983,35.64217
fro,1984,37.75341
fro,1985,38.77784
fro,1986,39.79701
fro,1987,41.82929
fro,1988,44.32803
fro,1989,46.43714
fro,1990,48.1
fro,1991,50.7
fro,1992,51.6
fro,1993,51.5
fro,1994,51.2
fro,1995,50.7
fro,1996,51.7
fro,1997,52.9
fro,1998,53.5
fro,1999,55
fro,2000,54.6438
fro,2001,50.07785
fro,2002,52.12377
fro,2003,51.22409
fro,2004,49.89483
fro,2005,49.26077
fro,2006,47.58198
fro,2007,46.33205
fro,2008,44.99567
fro,2009,43.15206
fro,2010,41.88378
fro,2011,40.80819
fro,2012,38.85342
fro,2013,44.69231
fro,2014,43.30584
fro,2015,41.07457
fro,2016,38.52351
fro,2017,35.86768
fro,2018,33.67951
fro,2019,30.44443
fro,2020,29.17261
fro,2021,28.78236
fro,2022,27.66103
fsm,1983,1.2026
fsm,1984,1.2859
fsm,1985,1.44374
fsm,1986,1.47684
fsm,1987,1.57144
fsm,1988,1.86762
fsm,1989,2.16228
fsm,1990,2.42
fsm,1991,2.61
fsm,1992,2.86
fsm,1993,5.74
fsm,1994,6.61
fsm,1995,7.15
fsm,1996,7.44
fsm,1997,7.57
fsm,1998,8.18
fsm,1999,8.83
fsm,2000,8.61001
fsm,2001,8.96899
fsm,2002,8.98727
fsm,2003,9.92475
fsm,2004,10.72057
fsm,2005,11.17384
fsm,2006,8.05299
fsm,2007,7.915
fsm,2008,7.98634
fsm,2009,8.05876
fsm,2010,7.86033
fsm,2011,7.79959
fsm,2012,7.78571
fsm,2013,9.29237
fsm,2014,6.48087
fsm,2015,6.26219
fsm,2016,6.31034
fsm,2017,6.34539
fsm,2019,6.34736
fsm,2020,6.31108
fsm,2021,6.27105
fsm,2022,5.77626
gab,1981,1.35778
gab,1982,1.32981
gab,1983,1.35236
gab,1984,1.31987
gab,1985,1.40108
gab,1986,1.4767
gab,1987,1.54693
gab,1988,1.82705
gab,1989,1.97353
gab,1990,2.11
gab,1991,2.6
gab,1992,2.66
gab,1993,2.8
gab,1994,2.87
gab,1995,2.85
gab,1996,3.04
gab,1997,3.15
gab,1998,3.19
gab,1999,3.06
gab,2000,3.05541
gab,2001,2.84311
gab,2002,2.38452
gab,2003,2.77896
gab,2004,2.71903
gab,2005,2.6736
gab,2006,2.41829
gab,2007,1.70263
gab,2008,2.06356
gab,2009,2.19433
gab,2010,1.76646
gab,2011,1.26258
gab,2012,1.22427
gab,2013,1.00635
gab,2014,0.935
gab,2015,0.91906
gab,2016,0.90206
gab,2017,0.98451
gab,2018,0.98621
gab,2019,0.98298
gab,2020,1.09484
gab,2021,1.33411
gab,2022,1.78525
gab,2023,2.19564
gab,2024,2.64357
gbr,1960,9.58643
gbr,1961,9.61799
gbr,1962,9.61799
gbr,1963,9.61799
gbr,1964,9.61799
gbr,1965,12.04878
gbr,1966,12.0463
gbr,1967,12.0463
gbr,1968,12.0463
gbr,1969,12.0463
gbr,1970,16.55521
gbr,1971,16.5781
gbr,1972,16.5781
gbr,1973,16.5781
gbr,1974,16.5781
gbr,1975,23.51296
gbr,1976,24.81194
gbr,1977,26.79357
gbr,1978,29.08566
gbr,1979,30.79348
gbr,1980,32.24247
gbr,1981,33.33047
gbr,1982,34.08495
gbr,1983,35.16891
gbr,1984,36.32073
gbr,1985,37.38323
gbr,1986,38.30442
gbr,1987,39.88293
gbr,1988,41.68375
gbr,1989,43.44551
gbr,1990,44.2
gbr,1991,45
gbr,1992,45.9
gbr,1993,47.2
gbr,1994,48.9
gbr,1995,50.6
gbr,1996,52.6
gbr,1997,54.5
gbr,1998,56
gbr,1999,57.8
gbr,2000,59.6505
gbr,2001,58.32369
gbr,2002,58.34255
gbr,2003,57.75677
gbr,2004,57.46469
gbr,2005,56.22214
gbr,2006,55.44292
gbr,2007,54.37838
gbr,2008,55.12394
gbr,2009,53.60426
gbr,2010,53.0247
gbr,2011,52.35825
gbr,2012,51.90297
gbr,2013,51.84682
gbr,2014,51.24121
gbr,2015,50.796
gbr,2016,49.52456
gbr,2017,47.8762
gbr,2018,47.20574
gbr,2019,48.7968
gbr,2020,48.59554
gbr,2021,47.13251
gbr,2022,44.07202
gbr,2023,39.13052
gbr,2024,34.38476
geo,1975,4.42627
geo,1976,4.89497
geo,1977,5.15791
geo,1978,5.31805
geo,1979,5.77111
geo,1980,6.21861
geo,1981,6.56131
geo,1982,6.89716
geo,1983,7.2251
geo,1984,7.54747
geo,1985,7.86684
geo,1986,8.18198
geo,1987,8.49432
geo,1988,8.89886
geo,1989,9.36556
geo,1990,9.91
geo,1991,10.4
geo,1992,10.8
geo,1993,11
geo,1994,10.4
geo,1995,11.3
geo,1996,11.8
geo,1997,13.1
geo,1998,13.7
geo,1999,15.1
geo,2000,11.75388
geo,2001,13.51756
geo,2002,15.51414
geo,2003,16.32904
geo,2004,16.84462
geo,2005,14.16248
geo,2006,13.83942
geo,2007,14.01607
geo,2008,15.68123
geo,2009,15.8206
geo,2010,28.54
geo,2011,34.64936
geo,2012,33.23211
geo,2013,31.51081
geo,2014,28.93194
geo,2015,25.05997
geo,2016,22.16293
geo,2017,18.82026
geo,2018,15.93854
geo,2019,13.69081
geo,2020,10.2142
geo,2021,9.11478
geo,2022,8.32717
geo,2023,7.30053
geo,2024,6.7768
gha,1965,0.22101
gha,1966,0.22353
gha,1967,0.22353
gha,1968,0.22353
gha,1969,0.22353
gha,1970,0.26405
gha,1971,0.26787
gha,1972,0.26787
gha,1973,0.26787
gha,1974,0.26787
gha,1975,0.30617
gha,1976,0.31382
gha,1977,0.31259
gha,1978,0.31708
gha,1979,0.31614
gha,1980,0.31768
gha,1981,0.3038
gha,1982,0.2952
gha,1983,0.28596
gha,1984,0.28558
gha,1985,0.28012
gha,1986,0.27536
gha,1987,0.27678
gha,1988,0.27565
gha,1989,0.28581
gha,1990,0.287
gha,1991,0.295
gha,1992,0.295
gha,1993,0.293
gha,1994,0.294
gha,1995,0.362
gha,1996,0.437
gha,1997,0.579
gha,1998,0.714
gha,1999,0.839
gha,2000,1.08238
gha,2001,1.21303
gha,2002,1.32681
gha,2003,1.36655
gha,2004,1.43279
gha,2005,1.43222
gha,2006,1.54663
gha,2007,1.59252
gha,2008,0.5934
gha,2009,1.07546
gha,2010,1.09086
gha,2011,1.09109
gha,2012,1.06598
gha,2013,0.98744
gha,2014,0.92865
gha,2015,0.96031
gha,2016,0.85667
gha,2017,1.00489
gha,2018,0.90862
gha,2019,0.92303
gha,2020,0.96485
gha,2021,0.96951
gha,2022,0.99555
gha,2023,0.94253
gha,2024,0.78239
gib,1960,8.98176
gib,1961,8.36892
gib,1962,8.36892
gib,1963,8.36892
gib,1964,8.36892
gib,1966,8.36892
gib,1967,8.36892
gib,1968,8.36892
gib,1969,8.36892
gib,1970,13.49073
gib,1971,12.5848
gib,1972,12.5848
gib,1973,12.5848
gib,1974,12.5848
gib,1983,22.52643
gib,1984,24.31569
gib,1985,27.24768
gib,1986,28.06427
gib,1987,30.06508
gib,1988,32.78929
gib,1989,35.08018
gib,1990,39.5
gib,1991,42.9
gib,1992,47.7
gib,1993,50.5
gib,1994,55.6
gib,1995,60.3
gib,1996,63.7
gib,1997,67.6
gib,1998,73.7
gib,1999,79.1
gib,2000,84.95796
gib,2001,88.62856
gib,2002,88.21817
gib,2003,88.42046
gib,2004,88.29532
gib,2005,85.72506
gib,2006,81.09752
gib,2007,79.984
gib,2008,78.91362
gib,2009,77.86393
gib,2010,76.80492
gib,2011,75.80543
gib,2012,72.14712
gib,2014,71.3132
gib,2016,50.58827
gib,2017,57.68141
gib,2018,50.70006
gib,2019,47.80526
gib,2020,47.10972
gib,2021,46.57605
gib,2022,45.61408
gin,1960,0.05841
gin,1961,0.05878
gin,1962,0.05878
gin,1963,0.05878
gin,1964,0.05878
gin,1966,0.05878
gin,1967,0.05878
gin,1968,0.05878
gin,1969,0.05878
gin,1970,0.11131
gin,1971,0.11313
gin,1972,0.11313
gin,1973,0.11313
gin,1974,0.11313
gin,1976,0.14167
gin,1977,0.13952
gin,1981,0.20484
gin,1982,0.22395
gin,1983,0.24705
gin,1984,0.27082
gin,1985,0.26224
gin,1986,0.22934
gin,1987,0.20808
gin,1988,0.1673
gin,1989,0.18013
gin,1990,0.176
gin,1991,0.173
gin,1992,0.156
gin,1993,0.162
gin,1994,0.127
gin,1995,0.144
gin,1996,0.209
gin,1997,0.249
gin,1998,0.188
gin,1999,0.255
gin,2000,0.28843
gin,2001,0.29848
gin,2002,0.29962
gin,2003,0.29496
gin,2004,0.2891
gin,2005,0.27039
gin,2006,0.24361
gin,2007,0.22769
gin,2008,0.27276
gin,2009,0.21689
gin,2010,0.17314
gin,2011,0.16891
gin,2012,0
gin,2013,0
gin,2014,0
gin,2015,0
gin,2016,0
gin,2017,0
gin,2018,0
gin,2021,0
gin,2022,0
gmb,1965,0.16997
gmb,1966,0.19247
gmb,1967,0.19247
gmb,1968,0.19247
gmb,1969,0.19247
gmb,1970,0.18724
gmb,1971,0.21317
gmb,1972,0.21317
gmb,1973,0.21317
gmb,1974,0.21317
gmb,1975,0.23984
gmb,1976,0.25321
gmb,1977,0.26076
gmb,1978,0.26747
gmb,1979,0.28483
gmb,1980,0.2992
gmb,1981,0.30962
gmb,1982,0.29937
gmb,1983,0.2891
gmb,1984,0.29341
gmb,1985,0.29207
gmb,1986,0.33747
gmb,1987,0.44376
gmb,1988,0.53859
gmb,1989,0.57015
gmb,1990,0.585
gmb,1991,0.912
gmb,1992,1.22
gmb,1993,1.37
gmb,1994,1.49
gmb,1995,1.52
gmb,1996,1.64
gmb,1997,1.85
gmb,1998,1.86
gmb,1999,2.06
gmb,2000,2.28853
gmb,2001,2.34306
gmb,2002,2.49725
gmb,2003,2.66137
gmb,2004,2.65174
gmb,2005,2.63941
gmb,2006,2.69939
gmb,2007,2.758
gmb,2008,2.68823
gmb,2009,2.58899
gmb,2010,2.53173
gmb,2011,2.54312
gmb,2012,3.1421
gmb,2013,3.0514
gmb,2014,2.57982
gmb,2015,2.0229
gmb,2016,1.66256
gmb,2017,1.36795
gmb,2018,1.83361
gmb,2019,2.44216
gmb,2020,2.38499
gmb,2021,2.32918
gmb,2022,2.39248
gmb,2023,1.62107
gmb,2024,1.59881
gnb,1960,0.05623
gnb,1961,0.05275
gnb,1962,0.05275
gnb,1963,0.05275
gnb,1964,0.05275
gnb,1966,0.05275
gnb,1967,0.05275
gnb,1968,0.05275
gnb,1969,0.05275
gnb,1971,0.05275
gnb,1972,0.05275
gnb,1973,0.05275
gnb,1974,0.05275
gnb,1981,0.22013
gnb,1982,0.3657
gnb,1983,0.44246
gnb,1984,0.55743
gnb,1985,0.61105
gnb,1986,0.60167
gnb,1987,0.59241
gnb,1988,0.5832
gnb,1989,0.59484
gnb,1990,0.612
gnb,1991,0.621
gnb,1992,0.627
gnb,1993,0.63
gnb,1994,0.635
gnb,1995,0.657
gnb,1996,0.693
gnb,1997,0.655
gnb,1998,0.68
gnb,1999,0.504
gnb,2000,0.90084
gnb,2001,0.785
gnb,2002,0.86845
gnb,2003,0.80057
gnb,2004,0.72016
gnb,2005,0.69587
gnb,2006,0.47933
gnb,2007,0.31523
gnb,2008,0.31229
gnb,2009,0.31735
gnb,2010,0
gnb,2011,0
gnb,2012,0
gnb,2013,0
gnb,2014,0
gnb,2015,0
gnb,2016,0
gnb,2017,0
gnb,2018,0
gnb,2022,0
gnq,1981,0.16838
gnq,1982,0.19003
gnq,1983,0.20787
gnq,1984,0.22347
gnq,1985,0.23786
gnq,1986,0.25171
gnq,1987,0.28932
gnq,1988,0.30121
gnq,1989,0.28991
gnq,1990,0.274
gnq,1991,0.264
gnq,1992,0.255
gnq,1993,0.245
gnq,1994,0.457
gnq,1995,0.44
gnq,1996,0.618
gnq,1997,0.616
gnq,1998,0.87
gnq,1999,0.869
gnq,2000,0.86737
gnq,2001,0.9202
gnq,2002,1.10282
gnq,2003,1.13226
gnq,2004,1.16677
gnq,2005,1.05556
gnq,2006,1.00975
gnq,2007,0.96521
gnq,2008,0.92206
gnq,2009,0.88054
gnq,2010,1.13844
gnq,2011,1.16924
gnq,2012,1.14945
gnq,2013,1.1048
gnq,2014,1.07942
gnq,2015,0.77955
gnq,2016,0.72862
gnq,2017,0.7155
gnq,2018,0.67111
gnq,2019,0.65861
gnq,2020,0.65542
gnq,2021,0.64363
gnq,2022,0.63148
grc,1960,2.1392
grc,1961,2.19655
grc,1962,2.19655
grc,1963,2.19655
grc,1964,2.19655
grc,1965,4.86732
grc,1966,4.90902
grc,1967,4.90902
grc,1968,4.90902
grc,1969,4.90902
grc,1970,10.38049
grc,1971,10.2383
grc,1972,10.2383
grc,1973,10.2383
grc,1974,10.2383
grc,1975,19.15867
grc,1976,20.31398
grc,1977,21.20329
grc,1978,22.29457
grc,1979,23.45012
grc,1980,24.39422
grc,1981,25.49284
grc,1982,26.59736
grc,1983,28.16828
grc,1984,30.04898
grc,1985,31.67432
grc,1986,33.12933
grc,1987,34.55744
grc,1988,35.75096
grc,1989,37.09512
grc,1990,38.5
grc,1991,40.7
grc,1992,43.4
grc,1993,45.6
grc,1994,47.5
grc,1995,49.1
grc,1996,50.4
grc,1997,51.1
grc,1998,51.9
grc,1999,52.3
grc,2000,52.48507
grc,2001,51.71718
grc,2002,57.79285
grc,2003,57.70434
grc,2004,58.02585
grc,2005,57.47622
grc,2006,56.01305
grc,2007,49.51616
grc,2008,47.42941
grc,2009,54.01804
grc,2010,53.01817
grc,2011,51.71515
grc,2012,49.43017
grc,2013,49.16882
grc,2014,48.83024
grc,2015,48.6148
grc,2016,48.26642
grc,2017,48.13744
grc,2018,47.66387
grc,2019,44.84395
grc,2020,45.41559
grc,2021,46.42985
grc,2022,46.84015
grc,2023,47.60843
grc,2024,46.68932
grd,1960,1.12294
grd,1961,1.17088
grd,1962,1.17088
grd,1963,1.17088
grd,1964,1.17088
grd,1966,1.17088
grd,1967,1.17088
grd,1968,1.17088
grd,1969,1.17088
grd,1971,1.17088
grd,1972,1.17088
grd,1973,1.17088
grd,1974,1.17088
grd,1975,3.13899
grd,1980,3.1886
grd,1981,3.15053
grd,1982,3.10771
grd,1983,3.18917
grd,1984,3.60979
grd,1985,3.88164
grd,1986,4.95575
grd,1987,6.95839
grd,1988,9.01099
grd,1989,12.09385
grd,1990,15.2
grd,1991,16.1
grd,1992,18.2
grd,1993,19.6
grd,1994,20.4
grd,1995,22.3
grd,1996,23
grd,1997,25.2
grd,1998,25.9
grd,1999,27.6
grd,2000,29.18074
grd,2001,30.32772
grd,2002,30.94351
grd,2003,29.98053
grd,2004,29.91594
grd,2005,24.99317
grd,2006,25.15277
grd,2007,25.81387
grd,2008,25.77099
grd,2009,25.46605
grd,2010,25.42344
grd,2011,25.04662
grd,2012,24.58612
grd,2013,25.18791
grd,2014,23.90127
grd,2015,23.57424
grd,2016,23.25719
grd,2017,28.14584
grd,2018,19.48466
grd,2019,21.00258
grd,2020,16.60206
grd,2021,22.29107
grd,2022,14.53303
grl,1965,1.50497
grl,1966,1.52776
grl,1967,1.52776
grl,1968,1.52776
grl,1969,1.52776
grl,1970,3.43355
grl,1971,3.38586
grl,1972,3.38586
grl,1973,3.38586
grl,1974,3.38586
grl,1975,9.50763
grl,1976,11.00284
grl,1977,12.0489
grl,1978,14.30209
grl,1979,16.75408
grl,1980,19.07756
grl,1981,19.91956
grl,1982,20.88195
grl,1983,21.27578
grl,1984,22.36027
grl,1985,23.15859
grl,1986,24.75432
grl,1987,27.15123
grl,1988,28.7652
grl,1989,29.94864
grl,1990,29.8
grl,1991,30.1
grl,1992,30.2
grl,1993,31.5
grl,1994,33.1
grl,1995,35.1
grl,1996,37.7
grl,1997,41.6
grl,1998,44.5
grl,1999,45.6
grl,2000,46.57617
grl,2001,42.92957
grl,2002,44.75898
grl,2003,44.48125
grl,2004,44.15625
grl,2005,56.45478
grl,2006,63.25792
grl,2007,40.78581
grl,2008,40.27109
grl,2009,38.99367
grl,2010,38.54524
grl,2011,35.00721
grl,2012,33.30515
grl,2013,31.85108
grl,2014,30.61969
grl,2015,28.56072
grl,2017,16.52726
grl,2018,14.37386
grl,2019,12.71842
grl,2020,11.32668
grl,2022,8.92302
gtm,1960,0.43483
gtm,1961,0.42323
gtm,1962,0.42323
gtm,1963,0.42323
gtm,1964,0.42323
gtm,1965,0.5123
gtm,1966,0.49913
gtm,1967,0.49913
gtm,1968,0.49913
gtm,1969,0.49913
gtm,1970,0.69447
gtm,1971,0.67365
gtm,1972,0.67365
gtm,1973,0.67365
gtm,1974,0.67365
gtm,1975,0.76725
gtm,1976,0.83198
gtm,1977,0.99406
gtm,1978,1.11655
gtm,1979,1.15372
gtm,1980,1.18743
gtm,1981,1.2363
gtm,1982,1.3456
gtm,1983,1.41273
gtm,1984,1.5177
gtm,1985,1.61594
gtm,1986,1.60736
gtm,1987,1.58576
gtm,1988,1.60721
gtm,1989,1.79693
gtm,1990,2.11
gtm,1991,2.18
gtm,1992,2.25
gtm,1993,2.36
gtm,1994,2.44
gtm,1995,2.78
gtm,1996,3.19
gtm,1997,3.96
gtm,1998,4.64
gtm,1999,5.35
gtm,2000,5.78436
gtm,2001,6.3168
gtm,2002,6.9076
gtm,2003,7.53754
gtm,2004,8.83958
gtm,2005,9.53695
gtm,2006,10.136
gtm,2007,10.35519
gtm,2008,10.39737
gtm,2009,9.94142
gtm,2010,10.33512
gtm,2011,10.99464
gtm,2012,11.55655
gtm,2013,12.1077
gtm,2014,10.95733
gtm,2015,10.76182
gtm,2016,15.08891
gtm,2017,14.85517
gtm,2018,14.46123
gtm,2019,11.54133
gtm,2020,13.09227
gtm,2021,13.1808
gtm,2022,10.74453
gtm,2023,10.70574
gtm,2024,10.77494
gum,1960,3.65325
gum,1961,3.96152
gum,1962,3.96152
gum,1963,3.96152
gum,1964,3.96152
gum,1965,6.22017
gum,1966,6.67112
gum,1967,6.67112
gum,1968,6.67112
gum,1969,6.67112
gum,1970,7.68403
gum,1971,8.08923
gum,1972,8.08923
gum,1973,8.08923
gum,1974,8.08923
gum,1975,12.48517
gum,1976,11.26981
gum,1977,11.39608
gum,1978,11.66588
gum,1979,20.37851
gum,1980,22.69826
gum,1981,24.18124
gum,1982,25.00753
gum,1983,25.65194
gum,1984,26.39783
gum,1985,26.40604
gum,1986,21.50602
gum,1987,22.26334
gum,1988,24.04587
gum,1989,26.18832
gum,1990,28.2
gum,1991,30.6
gum,1992,32.3
gum,1993,45.2
gum,1994,43
gum,1995,46.1
gum,1996,46
gum,1997,46.1
gum,1998,48
gum,1999,49
gum,2000,46.4605
gum,2001,49.58811
gum,2002,43.12602
gum,2003,40.16931
gum,2004,39.98535
gum,2005,39.85033
gum,2006,39.73574
gum,2007,39.63284
gum,2008,39.53094
gum,2009,39.41675
gum,2010,39.33414
gum,2012,40.28113
gum,2013,40.36971
gum,2014,40.72852
gum,2015,41.23586
gum,2019,43.26115
gum,2020,43.16777
gum,2021,42.75331
gum,2022,43.16988
guy,1960,0.93061
guy,1961,0.93089
guy,1962,0.93089
guy,1963,0.93089
guy,1964,0.93089
guy,1965,0.93816
guy,1966,0.93577
guy,1967,0.93577
guy,1968,0.93577
guy,1969,0.93577
guy,1970,1.03508
guy,1971,1.03556
guy,1972,1.03556
guy,1973,1.03556
guy,1974,1.03556
guy,1975,1.90453
guy,1976,2.03038
guy,1981,2.08327
guy,1982,2.11637
guy,1983,2.18405
guy,1984,2.25513
guy,1985,2.32958
guy,1986,2.60245
guy,1987,2.09505
guy,1988,2.10957
guy,1989,2.12512
guy,1990,2.13
guy,1991,2.14
guy,1992,3.78
guy,1993,5.48
guy,1994,5.83
guy,1995,5.88
guy,1996,6.6
guy,1997,7.23
guy,1998,7.85
guy,1999,8.38
guy,2000,8.94314
guy,2001,10.45329
guy,2002,10.53372
guy,2003,12.09958
guy,2004,13.46873
guy,2005,14.47417
guy,2006,15.54747
guy,2007,16.96401
guy,2008,18.39662
guy,2009,19.55101
guy,2010,20.00077
guy,2011,20.41123
guy,2012,20.6632
guy,2013,20.90675
guy,2014,21.17779
guy,2015,20.30322
guy,2016,18.54435
guy,2017,17.67062
guy,2019,15.47671
guy,2020,15.48024
guy,2021,15.32836
guy,2022,15.04363
hkg,1960,2.54104
hkg,1961,2.59828
hkg,1962,2.59828
hkg,1963,2.59828
hkg,1964,2.59828
hkg,1966,2.59828
hkg,1967,2.59828
hkg,1968,2.59828
hkg,1969,2.59828
hkg,1970,11.95933
hkg,1971,12.2891
hkg,1972,12.2891
hkg,1973,12.2891
hkg,1974,12.2891
hkg,1975,18.80435
hkg,1976,19.95403
hkg,1977,21.30552
hkg,1978,22.69771
hkg,1979,24.06299
hkg,1980,25.68755
hkg,1981,27.24965
hkg,1982,28.585
hkg,1983,29.95777
hkg,1984,31.20558
hkg,1985,32.60241
hkg,1986,34.17793
hkg,1987,36.23523
hkg,1988,38.67182
hkg,1989,40.76751
hkg,1990,44.5
hkg,1991,47
hkg,1992,49
hkg,1993,50.7
hkg,1994,52.1
hkg,1995,53.1
hkg,1996,54.8
hkg,1997,56.8
hkg,1998,57.2
hkg,1999,58.5
hkg,2000,58.55391
hkg,2001,57.53499
hkg,2002,56.17358
hkg,2003,55.49636
hkg,2004,54.63503
hkg,2005,54.90222
hkg,2006,55.34391
hkg,2007,60.37752
hkg,2008,59.58129
hkg,2009,60.54663
hkg,2010,61.41797
hkg,2011,60.79026
hkg,2012,60.84596
hkg,2013,60.83727
hkg,2014,60.35734
hkg,2015,58.80375
hkg,2016,58.29293
hkg,2017,57.07769
hkg,2018,56.16319
hkg,2019,53.82986
hkg,2020,52.07579
hkg,2021,50.82976
hkg,2022,49.2008
hkg,2023,46.84648
hkg,2024,44.57482
hnd,1975,0.52614
hnd,1976,0.51397
hnd,1977,0.51672
hnd,1978,0.56831
hnd,1979,0.73516
hnd,1980,0.76612
hnd,1981,0.80775
hnd,1982,0.82091
hnd,1983,0.85468
hnd,1984,1.01121
hnd,1985,1.04618
hnd,1986,1.11007
hnd,1987,1.16791
hnd,1988,1.39126
hnd,1989,1.60143
hnd,1990,1.77
hnd,1991,1.84
hnd,1992,1.99
hnd,1993,2.16
hnd,1994,2.35
hnd,1995,2.8
hnd,1996,3.22
hnd,1997,3.85
hnd,1998,4
hnd,1999,4.36
hnd,2000,4.54125
hnd,2001,4.58275
hnd,2002,4.64769
hnd,2003,4.69715
hnd,2004,5.3064
hnd,2005,6.60145
hnd,2006,9.33945
hnd,2007,10.48202
hnd,2008,10.3059
hnd,2009,8.74657
hnd,2010,8.04935
hnd,2011,7.19249
hnd,2012,7.00517
hnd,2013,6.96451
hnd,2014,5.81851
hnd,2015,5.38114
hnd,2016,4.70581
hnd,2017,5.12203
hnd,2018,5.44795
hnd,2019,4.92881
hnd,2020,5.25476
hnd,2021,4.52407
hnd,2022,3.95586
hnd,2023,4.16937
hnd,2024,4.24748
hrv,1970,2.93814
hrv,1971,2.98435
hrv,1972,2.98435
hrv,1973,2.98435
hrv,1974,2.98435
hrv,1975,4.78226
hrv,1976,5.32747
hrv,1977,5.78021
hrv,1978,6.52491
hrv,1979,7.12025
hrv,1980,7.7348
hrv,1981,8.4184
hrv,1982,9.36828
hrv,1983,10.52213
hrv,1984,11.30568
hrv,1985,12.07497
hrv,1986,12.83994
hrv,1987,13.60835
hrv,1988,14.48097
hrv,1989,15.4677
hrv,1990,17
hrv,1991,18.5
hrv,1992,20
hrv,1993,21.7
hrv,1994,25.8
hrv,1995,27.9
hrv,1996,30.4
hrv,1997,33
hrv,1998,35
hrv,1999,37.2
hrv,2000,39.78496
hrv,2001,41.40826
hrv,2002,42.38487
hrv,2003,43.45104
hrv,2004,43.79525
hrv,2005,43.63754
hrv,2006,42.42666
hrv,2007,42.78776
hrv,2008,43.52817
hrv,2009,43.13136
hrv,2010,43.3775
hrv,2011,43.16998
hrv,2012,40.93551
hrv,2013,39.32363
hrv,2014,37.18424
hrv,2015,35.29163
hrv,2016,34.71525
hrv,2017,34.35365
hrv,2018,33.68215
hrv,2019,33.45583
hrv,2020,32.86148
hrv,2021,32.32622
hrv,2022,31.59512
hrv,2023,30.88457
hrv,2024,28.46035
hti,1981,0.34721
hti,1982,0.40832
hti,1983,0.4335
hti,1984,0.45752
hti,1985,0.49635
hti,1986,0.53333
hti,1987,0.5685
hti,1988,0.60196
hti,1989,0.62204
hti,1990,0.657
hti,1991,0.643
hti,1992,0.631
hti,1993,0.618
hti,1994,0.674
hti,1995,0.793
hti,1996,0.778
hti,1997,0.764
hti,1998,0.812
hti,1999,0.859
hti,2000,0.87316
hti,2001,0.94608
hti,2002,1.51029
hti,2003,1.59819
hti,2004,1.57122
hti,2005,1.60353
hti,2006,1.6275
hti,2007,1.15584
hti,2008,1.13317
hti,2009,1.10428
hti,2010,0.51003
hti,2011,0.50429
hti,2012,0.49654
hti,2013,0.40108
hti,2014,0.39525
hti,2015,0.05409
hti,2016,0.05334
hti,2017,0.05474
hti,2018,0.05402
hti,2019,0.0536
hti,2020,0.05336
hti,2021,0.05275
hti,2022,0.0118
hun,1960,2.43824
hun,1961,2.43376
hun,1962,2.43376
hun,1963,2.43376
hun,1964,2.43376
hun,1965,2.99534
hun,1966,2.98681
hun,1967,2.98681
hun,1968,2.98681
hun,1969,2.98681
hun,1970,3.86865
hun,1971,3.84971
hun,1972,3.84971
hun,1973,3.84971
hun,1974,3.84971
hun,1975,4.82901
hun,1976,4.88727
hun,1977,4.921
hun,1978,4.99772
hun,1979,5.24656
hun,1980,5.76894
hun,1981,5.96033
hun,1982,6.14887
hun,1983,6.36855
hun,1984,6.66673
hun,1985,7.00766
hun,1986,7.33026
hun,1987,7.76278
hun,1988,8.22482
hun,1989,8.80913
hun,1990,9.59
hun,1991,10.9
hun,1992,12.4
hun,1993,14.5
hun,1994,17.2
hun,1995,20.9
hun,1996,25.7
hun,1997,30.1
hun,1998,33.4
hun,1999,36.5
hun,2000,37.27213
hun,2001,36.80797
hun,2002,36.19088
hun,2003,35.64077
hun,2004,35.33684
hun,2005,33.93418
hun,2006,33.43672
hun,2007,32.39594
hun,2008,30.88851
hun,2009,30.68262
hun,2010,29.83461
hun,2011,29.49038
hun,2012,29.85525
hun,2013,30.1134
hun,2014,30.53129
hun,2015,31.44793
hun,2016,31.79986
hun,2017,32.00209
hun,2018,31.50814
hun,2019,31.20416
hun,2020,30.46679
hun,2021,30.44937
hun,2022,29.38131
hun,2023,27.80396
hun,2024,26.00272
idn,1960,0.09375
idn,1961,0.09443
idn,1962,0.09443
idn,1963,0.09443
idn,1964,0.09443
idn,1965,0.11962
idn,1966,0.12068
idn,1967,0.12068
idn,1968,0.12068
idn,1969,0.12068
idn,1970,0.1241
idn,1971,0.12457
idn,1972,0.12457
idn,1973,0.12457
idn,1974,0.12457
idn,1975,0.15814
idn,1976,0.1631
idn,1977,0.17481
idn,1978,0.19476
idn,1979,0.21915
idn,1980,0.25362
idn,1981,0.28162
idn,1982,0.3063
idn,1983,0.31693
idn,1984,0.33025
idn,1985,0.36332
idn,1986,0.40044
idn,1987,0.44027
idn,1988,0.47173
idn,1989,0.48271
idn,1990,0.581
idn,1991,0.693
idn,1992,0.869
idn,1993,0.964
idn,1994,1.25
idn,1995,1.65
idn,1996,2.06
idn,1997,2.41
idn,1998,2.66
idn,1999,2.85
idn,2000,3.08343
idn,2001,3.29485
idn,2002,3.48962
idn,2003,3.58063
idn,2004,4.55251
idn,2005,5.8508
idn,2006,6.33496
idn,2007,8.23813
idn,2008,12.64921
idn,2009,14.31199
idn,2010,16.61802
idn,2011,15.47981
idn,2012,15.0309
idn,2013,12.00796
idn,2014,10.13027
idn,2015,3.96412
idn,2016,4.06342
idn,2017,4.13445
idn,2018,3.07592
idn,2019,3.54588
idn,2020,3.51587
idn,2021,3.25898
idn,2022,3.02119
idn,2023,3.25763
idn,2024,1.64194
ind,1960,0.07454
ind,1961,0.07378
ind,1962,0.07378
ind,1963,0.07378
ind,1964,0.07378
ind,1965,0.12465
ind,1966,0.1249
ind,1967,0.1249
ind,1968,0.1249
ind,1969,0.1249
ind,1970,0.17603
ind,1971,0.17676
ind,1972,0.17676
ind,1973,0.17676
ind,1974,0.17676
ind,1975,0.23502
ind,1976,0.25314
ind,1977,0.26497
ind,1978,0.28034
ind,1979,0.29594
ind,1980,0.30846
ind,1981,0.32201
ind,1982,0.33824
ind,1983,0.35776
ind,1984,0.37985
ind,1985,0.40567
ind,1986,0.43715
ind,1987,0.46597
ind,1988,0.50068
ind,1989,0.53859
ind,1990,0.587
ind,1991,0.657
ind,1992,0.753
ind,1993,0.87
ind,1994,1.04
ind,1995,1.25
ind,1996,1.48
ind,1997,1.78
ind,1998,2.12
ind,1999,2.55
ind,2000,3.06602
ind,2001,3.57512
ind,2002,3.77369
ind,2003,3.76073
ind,2004,4.06676
ind,2005,4.3455
ind,2006,3.47606
ind,2007,3.29645
ind,2008,3.1376
ind,2009,3.02401
ind,2010,2.82192
ind,2011,2.60344
ind,2012,2.41974
ind,2013,2.24049
ind,2014,2.0575
ind,2015,1.92165
ind,2016,1.81585
ind,2017,1.70886
ind,2018,1.59081
ind,2019,1.51217
ind,2020,1.42962
ind,2021,1.68107
ind,2022,1.92608
ind,2023,2.15102
ind,2024,2.70418
irl,1960,3.93534
irl,1961,3.96307
irl,1962,3.96307
irl,1963,3.96307
irl,1964,3.96307
irl,1965,5.7846
irl,1966,5.8435
irl,1967,5.8435
irl,1968,5.8435
irl,1969,5.8435
irl,1970,7.96559
irl,1971,8.0456
irl,1972,8.0456
irl,1973,8.0456
irl,1974,8.0456
irl,1975,10.44992
irl,1976,11.13623
irl,1977,11.85991
irl,1978,12.46381
irl,1979,13.00756
irl,1980,14.24196
irl,1981,15.65043
irl,1982,16.7941
irl,1983,17.66416
irl,1984,19.17159
irl,1985,20.05266
irl,1986,21.35596
irl,1987,22.65999
irl,1988,24.09004
irl,1989,26.2968
irl,1990,28
irl,1991,29.7
irl,1992,31.3
irl,1993,32.7
irl,1994,34.5
irl,1995,36.3
irl,1996,38.2
irl,1997,42.4
irl,1998,44
irl,1999,46.3
irl,2000,48.17775
irl,2001,48.14934
irl,2002,50.27437
irl,2003,48.96148
irl,2004,49.55652
irl,2005,49.38291
irl,2006,50.98991
irl,2007,51.4082
irl,2008,49.5464
irl,2009,47.02289
irl,2010,45.57889
irl,2011,44.68875
irl,2012,43.6454
irl,2013,43.99159
irl,2014,43.41817
irl,2015,41.0859
irl,2016,40.34376
irl,2017,38.92323
irl,2018,37.52891
irl,2019,35.82439
irl,2020,33.69022
irl,2021,25.73312
irl,2022,23.92237
irl,2023,22.64652
irl,2024,20.51445
irn,1960,0.54429
irn,1961,0.53142
irn,1962,0.53142
irn,1963,0.53142
irn,1964,0.53142
irn,1965,0.8108
irn,1966,0.80145
irn,1967,0.80145
irn,1968,0.80145
irn,1969,0.80145
irn,1970,1.00177
irn,1971,0.99951
irn,1972,0.99951
irn,1973,0.99951
irn,1974,0.99951
irn,1975,2.08479
irn,1976,2.40536
irn,1977,2.37983
irn,1978,2.36375
irn,1979,2.29227
irn,1980,2.37567
irn,1981,2.53246
irn,1982,2.48413
irn,1983,2.54536
irn,1984,2.63469
irn,1985,2.78981
irn,1986,3.02625
irn,1987,3.28686
irn,1988,3.60701
irn,1989,3.78236
irn,1990,3.77
irn,1991,4.09
irn,1992,4.9
irn,1993,5.86
irn,1994,7.02
irn,1995,8.18
irn,1996,9.26
irn,1997,10.2
irn,1998,11.4
irn,1999,12.8
irn,2000,14.28252
irn,2001,16.15456
irn,2002,18.94909
irn,2003,22.30762
irn,2004,23.26061
irn,2005,28.31608
irn,2006,30.82995
irn,2007,31.94927
irn,2008,32.8415
irn,2009,33.74946
irn,2010,33.34394
irn,2011,35.42441
irn,2012,36.23315
irn,2013,36.91932
irn,2014,36.0434
irn,2015,36.81821
irn,2016,36.83151
irn,2017,36.54137
irn,2018,35.39531
irn,2019,33.2617
irn,2020,33.16512
irn,2021,33.13167
irn,2022,32.77555
irn,2023,32.02769
irn,2024,30.82518
irq,1970,0.93769
irq,1971,0.92761
irq,1972,0.92761
irq,1973,0.92761
irq,1974,0.92761
irq,1980,1.83105
irq,1981,1.95489
irq,1982,2.07359
irq,1983,2.18365
irq,1984,2.53625
irq,1985,2.9834
irq,1986,3.46787
irq,1987,4.06051
irq,1988,3.99008
irq,1989,3.86984
irq,1990,4.05
irq,1991,3.77
irq,1992,3.9
irq,1993,3.54
irq,1994,3.22
irq,1995,3.07
irq,1996,2.98
irq,1997,2.93
irq,1998,2.84
irq,1999,2.86
irq,2000,2.76367
irq,2001,2.6788
irq,2002,4.33852
irq,2003,4.41486
irq,2004,3.75025
irq,2005,3.92503
irq,2006,4.35941
irq,2007,4.80604
irq,2008,3.7358
irq,2009,5.4898
irq,2010,5.54218
irq,2011,5.57811
irq,2012,5.55938
irq,2013,5.38518
irq,2014,5.32886
irq,2015,5.31675
irq,2016,5.27949
irq,2017,8.231
irq,2018,6.71796
irq,2019,6.94087
irq,2020,6.4102
irq,2021,5.89983
irq,2022,5.42862
irq,2023,4.39
irq,2024,11.45935
isl,1960,18.79635
isl,1961,18.7936
isl,1962,18.7936
isl,1963,18.7936
isl,1964,18.7936
isl,1965,23.59016
isl,1966,23.5897
isl,1967,23.5897
isl,1968,23.5897
isl,1969,23.5897
isl,1970,28.16724
isl,1971,28.173
isl,1972,28.173
isl,1973,28.173
isl,1974,28.173
isl,1975,34.62191
isl,1976,33.55369
isl,1977,33.71085
isl,1978,34.74318
isl,1979,35.73121
isl,1980,37.16634
isl,1981,38.0571
isl,1982,38.97519
isl,1983,39.61397
isl,1984,40.57335
isl,1985,42.49453
isl,1986,46.44535
isl,1987,47.70558
isl,1988,48.67616
isl,1989,49.45266
isl,1990,51.2
isl,1991,52.6
isl,1992,53.6
isl,1993,54.4
isl,1994,55.8
isl,1995,55.6
isl,1996,58.3
isl,1997,61
isl,1998,63.4
isl,1999,66.7
isl,2000,69.80091
isl,2001,68.94437
isl,2002,65.36663
isl,2003,66.4878
isl,2004,65.19468
isl,2005,65.30653
isl,2006,62.05697
isl,2007,59.89649
isl,2008,62.83282
isl,2009,59.68545
isl,2010,60.85467
isl,2011,59.88588
isl,2012,56.1038
isl,2013,51.87736
isl,2014,52.37518
isl,2015,50.80767
isl,2016,49.04015
isl,2017,42.56181
isl,2018,35.41833
isl,2019,32.15747
isl,2020,29.19474
isl,2021,26.96461
isl,2022,24.4634
isl,2023,21.28481
isl,2024,17.41706
isr,1960,3.40708
isr,1961,3.14543
isr,1962,3.14543
isr,1963,3.14543
isr,1964,3.14543
isr,1965,7.28478
isr,1966,6.90675
isr,1967,6.90675
isr,1968,6.90675
isr,1969,6.90675
isr,1970,12.69216
isr,1971,13.1142
isr,1972,13.1142
isr,1973,13.1142
isr,1974,13.1142
isr,1975,17.62057
isr,1976,18.5057
isr,1977,19.37101
isr,1978,20.25087
isr,1979,21.39677
isr,1980,22.953
isr,1981,24.16718
isr,1982,25.10764
isr,1983,26.14415
isr,1984,26.63723
isr,1985,28.21157
isr,1986,29.86913
isr,1987,31.57277
isr,1988,32.45362
isr,1989,32.8617
isr,1990,35.8
isr,1991,35.6
isr,1992,36.4
isr,1993,38.5
isr,1994,41
isr,1995,43.7
isr,1996,46.2
isr,1997,47.4
isr,1998,48.5
isr,1999,48.4
isr,2000,48.66483
isr,2001,48.45062
isr,2002,47.05904
isr,2003,44.79595
isr,2004,43.77871
isr,2005,43.64157
isr,2006,43.9018
isr,2007,44.15974
isr,2008,45.51988
isr,2009,46.01659
isr,2010,46.45118
isr,2011,46.84767
isr,2012,47.24111
isr,2013,43.86158
isr,2014,43.39524
isr,2015,42.36979
isr,2016,40.68479
isr,2017,38.74765
isr,2018,37.60252
isr,2019,36.26924
isr,2020,38.29382
isr,2021,39.13709
isr,2022,39.26113
isr,2023,27.65528
ita,1960,6.17485
ita,1961,6.15221
ita,1962,6.15221
ita,1963,6.15221
ita,1964,6.15221
ita,1965,8.82361
ita,1966,8.7853
ita,1967,8.7853
ita,1968,8.7853
ita,1969,8.7853
ita,1970,12.11649
ita,1971,12.0724
ita,1972,12.0724
ita,1973,12.0724
ita,1974,12.0724
ita,1975,17.53367
ita,1976,18.35386
ita,1977,19.36759
ita,1978,20.50217
ita,1979,21.70832
ita,1980,23.10868
ita,1981,24.51669
ita,1982,25.97431
ita,1983,27.56
ita,1984,29.17819
ita,1985,30.71539
ita,1986,32.22683
ita,1987,33.72758
ita,1988,35.453
ita,1989,37.4977
ita,1990,39.2
ita,1991,40.4
ita,1992,41.5
ita,1993,42.3
ita,1994,42.7
ita,1995,43.3
ita,1996,44.2
ita,1997,44.9
ita,1998,45.4
ita,1999,46.3
ita,2000,47.41044
ita,2001,47.73168
ita,2002,47.26873
ita,2003,46.0619
ita,2004,44.61749
ita,2005,42.80439
ita,2006,45.76734
ita,2007,37.92503
ita,2008,37.00198
ita,2009,37.79827
ita,2010,37.45809
ita,2011,36.61793
ita,2012,35.92974
ita,2013,34.78432
ita,2014,33.92682
ita,2015,33.36231
ita,2016,33.51159
ita,2017,34.27811
ita,2018,33.83784
ita,2019,32.46198
ita,2020,32.72648
ita,2021,33.47584
ita,2022,33.32338
ita,2023,33.79322
ita,2024,34.21149
jam,1960,1.21364
jam,1961,1.22393
jam,1962,1.22393
jam,1963,1.22393
jam,1964,1.22393
jam,1965,1.50546
jam,1966,1.49729
jam,1967,1.49729
jam,1968,1.49729
jam,1969,1.49729
jam,1970,1.88264
jam,1971,1.86603
jam,1972,1.86603
jam,1973,1.86603
jam,1974,1.86603
jam,1975,2.48116
jam,1976,2.50802
jam,1977,2.6035
jam,1978,2.57152
jam,1979,2.51289
jam,1980,2.46241
jam,1981,2.59404
jam,1982,2.75017
jam,1983,2.87592
jam,1984,2.95487
jam,1985,3.34542
jam,1986,3.51151
jam,1987,3.49762
jam,1988,3.61724
jam,1989,3.75378
jam,1990,4.42
jam,1991,5.48
jam,1992,6.9
jam,1993,8.51
jam,1994,10.1
jam,1995,11.6
jam,1996,14.2
jam,1997,16.3
jam,1998,18
jam,1999,18.8
jam,2000,18.92469
jam,2001,19.4826
jam,2002,16.46507
jam,2003,17.26534
jam,2004,15.82951
jam,2005,11.87168
jam,2006,12.68775
jam,2007,13.62134
jam,2008,11.61531
jam,2009,11.05048
jam,2010,9.57062
jam,2011,9.78332
jam,2012,9.13073
jam,2013,8.99311
jam,2014,9.10962
jam,2015,9.02216
jam,2016,11.03994
jam,2017,10.54872
jam,2018,12.90097
jam,2019,14.09882
jam,2020,15.41113
jam,2021,16.69028
jam,2022,15.73823
jam,2023,16.15344
jam,2024,15.9864
jor,1960,1.36874
jor,1961,1.24381
jor,1962,1.24381
jor,1963,1.24381
jor,1964,1.24381
jor,1966,1.24381
jor,1967,1.24381
jor,1968,1.24381
jor,1969,1.24381
jor,1970,1.15579
jor,1971,1.04571
jor,1972,1.04571
jor,1973,1.04571
jor,1974,1.04571
jor,1977,2.04506
jor,1978,2.15108
jor,1979,2.44874
jor,1980,2.73052
jor,1981,3.10584
jor,1982,3.57696
jor,1983,3.97648
jor,1984,4.322
jor,1985,5.37428
jor,1986,5.41788
jor,1987,6.73564
jor,1988,7.06036
jor,1989,7.19708
jor,1990,6.79
jor,1991,6.77
jor,1992,6.74
jor,1993,6.67
jor,1994,6.94
jor,1995,6.67
jor,1996,7.03
jor,1997,8.01
jor,1998,9.89
jor,1999,10.7
jor,2000,11.50931
jor,2001,12.00241
jor,2002,12.01038
jor,2003,10.84275
jor,2004,10.84333
jor,2005,10.41531
jor,2006,9.55289
jor,2007,8.1878
jor,2008,7.42489
jor,2009,7.01842
jor,2010,6.65378
jor,2011,6.22141
jor,2012,5.72598
jor,2013,4.73499
jor,2014,4.27088
jor,2015,3.86536
jor,2016,4.03855
jor,2017,3.49028
jor,2018,3.52833
jor,2019,3.33153
jor,2020,3.60311
jor,2021,3.6885
jor,2022,3.98507
jor,2023,4.31115
jor,2024,4.20612
jpn,1960,3.84581
jpn,1961,3.87829
jpn,1962,3.87829
jpn,1963,3.87829
jpn,1964,3.87829
jpn,1965,7.43852
jpn,1966,7.51572
jpn,1967,7.51572
jpn,1968,7.51572
jpn,1969,7.51572
jpn,1970,15.56013
jpn,1971,15.6324
jpn,1972,15.6324
jpn,1973,15.6324
jpn,1974,15.6324
jpn,1975,28.80218
jpn,1976,30.31379
jpn,1977,31.22737
jpn,1978,32.1338
jpn,1979,33.06713
jpn,1980,33.9505
jpn,1981,34.0208
jpn,1982,34.84594
jpn,1983,35.79426
jpn,1984,36.48898
jpn,1985,37.40103
jpn,1986,38.42895
jpn,1987,39.60065
jpn,1988,40.99373
jpn,1989,42.5516
jpn,1990,44.2
jpn,1991,45.4
jpn,1992,46.4
jpn,1993,47.1
jpn,1994,48.4
jpn,1995,49.6
jpn,1996,50.8
jpn,1997,52.1
jpn,1998,49.3
jpn,1999,48.9
jpn,2000,48.77444
jpn,2001,48.18931
jpn,2002,47.67043
jpn,2003,47.16724
jpn,2004,46.63587
jpn,2005,45.38464
jpn,2006,43.7736
jpn,2007,39.99994
jpn,2008,37.78741
jpn,2009,52.10466
jpn,2010,51.19055
jpn,2011,50.48425
jpn,2012,50.20411
jpn,2013,50.12327
jpn,2014,49.85416
jpn,2015,50.05315
jpn,2016,50.43285
jpn,2017,50.33221
jpn,2018,49.98906
jpn,2019,49.5213
jpn,2020,49.07076
jpn,2021,48.87817
jpn,2022,48.40057
jpn,2023,47.7014
kaz,1975,3.57172
kaz,1976,3.9439
kaz,1977,4.13482
kaz,1978,4.29082
kaz,1979,4.44196
kaz,1980,4.65684
kaz,1981,4.84475
kaz,1982,5.13974
kaz,1983,5.44831
kaz,1984,5.6661
kaz,1985,5.89966
kaz,1986,6.10837
kaz,1987,6.36996
kaz,1988,6.8101
kaz,1989,7.33635
kaz,1990,7.77
kaz,1991,8.25
kaz,1992,8.6
kaz,1993,11.4
kaz,1994,11.7
kaz,1995,11.7
kaz,1996,11.7
kaz,1997,11.3
kaz,1998,11.3
kaz,1999,11.4
kaz,2000,11.83287
kaz,2001,12.45303
kaz,2002,13.29693
kaz,2003,14.15093
kaz,2004,16.08817
kaz,2005,16.95879
kaz,2006,18.18462
kaz,2007,19.91055
kaz,2008,21.054
kaz,2009,23.20419
kaz,2010,24.09958
kaz,2011,24.9959
kaz,2012,25.20151
kaz,2013,25.01637
kaz,2014,24.43495
kaz,2015,22.93608
kaz,2016,21.40702
kaz,2017,19.76525
kaz,2018,16.93417
kaz,2019,15.99464
kaz,2020,15.86583
kaz,2021,15.09654
kaz,2022,14.14852
kaz,2023,13.21636
kaz,2024,11.86496
ken,1965,0.29733
ken,1966,0.2938
ken,1967,0.2938
ken,1968,0.2938
ken,1969,0.2938
ken,1970,0.33993
ken,1971,0.34509
ken,1972,0.34509
ken,1973,0.34509
ken,1974,0.34509
ken,1975,0.38822
ken,1976,0.40419
ken,1977,0.42806
ken,1978,0.43281
ken,1979,0.44621
ken,1980,0.45654
ken,1981,0.47778
ken,1982,0.50599
ken,1983,0.52962
ken,1984,0.56577
ken,1985,0.60847
ken,1986,0.6421
ken,1987,0.65848
ken,1988,0.70269
ken,1989,0.7276
ken,1990,0.765
ken,1991,0.846
ken,1992,0.851
ken,1993,0.855
ken,1994,0.884
ken,1995,0.964
ken,1996,0.976
ken,1997,0.967
ken,1998,0.998
ken,1999,0.975
ken,2000,0.95195
ken,2001,0.97845
ken,2002,0.98524
ken,2003,0.97574
ken,2004,0.86207
ken,2005,0.801
ken,2006,0.79494
ken,2007,1.21927
ken,2008,1.6486
ken,2009,1.64345
ken,2010,0.91529
ken,2011,0.66313
ken,2012,0.5732
ken,2013,0.45425
ken,2014,0.39085
ken,2015,0.18156
ken,2016,0.15123
ken,2017,0.142
ken,2018,0.13075
ken,2019,0.13748
ken,2020,0.12763
ken,2021,0.1148
ken,2022,0.11632
ken,2023,0.12259
ken,2024,0.10103
kgz,1975,2.2973
kgz,1976,2.63425
kgz,1977,2.87232
kgz,1978,3.23942
kgz,1979,3.59132
kgz,1980,3.96241
kgz,1981,4.22499
kgz,1982,4.45654
kgz,1983,4.62179
kgz,1984,4.92927
kgz,1985,5.26344
kgz,1986,5.71779
kgz,1987,6.17759
kgz,1988,6.33553
kgz,1989,6.64034
kgz,1990,7.04
kgz,1991,7.32
kgz,1992,7.36
kgz,1993,7.94
kgz,1994,7.29
kgz,1995,7.57
kgz,1996,7.15
kgz,1997,7.24
kgz,1998,7.51
kgz,1999,7.46
kgz,2000,7.4842
kgz,2001,7.65429
kgz,2002,7.716
kgz,2003,7.67853
kgz,2004,8.00359
kgz,2005,8.39411
kgz,2006,8.6868
kgz,2007,9.07155
kgz,2008,9.25599
kgz,2009,9.2317
kgz,2010,8.90519
kgz,2011,8.9734
kgz,2012,8.58161
kgz,2013,7.95677
kgz,2014,7.51373
kgz,2015,6.79848
kgz,2016,6.25606
kgz,2017,5.82443
kgz,2018,5.2216
kgz,2019,4.60199
kgz,2020,4.06654
kgz,2021,3.58648
kgz,2022,3.10031
kgz,2023,2.62194
kgz,2024,2.1806
khm,1960,0.03201
khm,1961,0.031
khm,1962,0.031
khm,1963,0.031
khm,1964,0.031
khm,1966,0.031
khm,1967,0.031
khm,1968,0.031
khm,1969,0.031
khm,1971,0.031
khm,1972,0.031
khm,1973,0.031
khm,1974,0.031
khm,1987,0.03147
khm,1988,0.03229
khm,1989,0.03379
khm,1990,0.0422
khm,1991,0.0505
khm,1992,0.0501
khm,1993,0.0489
khm,1994,0.0751
khm,1995,0.0851
khm,1996,0.143
khm,1997,0.173
khm,1998,0.201
khm,1999,0.226
khm,2000,0.24779
khm,2001,0.2646
khm,2002,0.27552
khm,2003,0.24043
khm,2004,0.24296
khm,2005,0.24533
khm,2006,0.18805
khm,2007,0.27113
khm,2008,0.30669
khm,2009,0.37964
khm,2010,2.4747
khm,2011,3.59991
khm,2012,3.91082
khm,2013,2.77479
khm,2014,2.34501
khm,2015,1.64106
khm,2016,1.43357
khm,2017,0.8269
khm,2018,0.54169
khm,2019,0.34248
khm,2020,0.33244
khm,2021,0.23739
khm,2022,0.22256
khm,2023,0.18781
khm,2024,0.16486
kir,1979,0.81138
kir,1982,0.74313
kir,1983,0.80004
kir,1984,0.9183
kir,1985,1.00288
kir,1986,1.17189
kir,1987,1.301
kir,1988,1.39509
kir,1989,1.4979
kir,1990,1.6
kir,1991,1.67
kir,1992,1.77
kir,1993,2.22
kir,1994,2.4
kir,1995,2.49
kir,1996,2.56
kir,1997,2.96
kir,1998,3.27
kir,1999,3.54
kir,2000,3.78387
kir,2001,4.01616
kir,2002,4.84913
kir,2003,4.67215
kir,2004,4.4752
kir,2005,4.28418
kir,2006,3.99932
kir,2007,3.91896
kir,2008,3.83796
kir,2009,7.79303
kir,2010,7.72465
kir,2011,7.64684
kir,2012,7.12479
kir,2013,5.27065
kir,2014,1.73421
kir,2015,1.26439
kir,2016,0.73516
kir,2017,0.63604
kir,2018,0
kir,2019,0
kir,2020,0.02617
kir,2021,0
kir,2022,0
kir,2023,0.01283
kir,2024,0.01041
kna,1983,5.16432
kna,1984,5.54507
kna,1985,6.99981
kna,1986,10.31297
kna,1987,12.66309
kna,1988,17.07848
kna,1989,19.82094
kna,1990,24
kna,1991,25.2
kna,1992,28.3
kna,1993,29.7
kna,1994,32.5
kna,1995,34
kna,1996,36.5
kna,1997,39.6
kna,1998,41.7
kna,1999,45
kna,2000,48.42203
kna,2001,49.16851
kna,2002,51.06475
kna,2003,50.89224
kna,2004,43.93825
kna,2005,43.71514
kna,2006,44.3428
kna,2007,43.78452
kna,2008,43.55717
kna,2009,43.69511
kna,2010,42.26615
kna,2011,42.23009
kna,2012,42.52333
kna,2013,40.79118
kna,2014,41.19858
kna,2015,41.93939
kna,2016,37.0324
kna,2017,36.75452
kna,2018,33.22839
kna,2019,34.38831
kna,2020,34.23085
kna,2021,33.57355
kna,2022,33.40256
kor,1965,0.75613
kor,1966,0.76356
kor,1967,0.76356
kor,1968,0.76356
kor,1969,0.76356
kor,1970,1.47604
kor,1971,1.49463
kor,1972,1.49463
kor,1973,1.49463
kor,1974,1.49463
kor,1975,2.94477
kor,1976,3.48592
kor,1977,4.16441
kor,1978,5.03419
kor,1979,6.07528
kor,1980,7.08532
kor,1981,8.42541
kor,1982,10.35339
kor,1983,12.00861
kor,1984,13.75891
kor,1985,15.80637
kor,1986,17.98836
kor,1987,20.34063
kor,1988,23.97394
kor,1989,27.06529
kor,1990,30.1
kor,1991,32.8
kor,1992,34.9
kor,1993,37.2
kor,1994,39.1
kor,1995,41
kor,1996,42.9
kor,1997,44.5
kor,1998,43.5
kor,1999,55.1
kor,2000,55.30222
kor,2001,54.78975
kor,2002,54.40914
kor,2003,52.88447
kor,2004,49.41129
kor,2005,49.9568
kor,2006,46.72591
kor,2007,47.75335
kor,2008,50.37086
kor,2009,55.39787
kor,2010,58.52689
kor,2011,59.98355
kor,2012,60.68434
kor,2013,60.57993
kor,2014,58.33355
kor,2015,56.65078
kor,2016,54.65259
kor,2017,52.13952
kor,2018,50.16731
kor,2019,47.76597
kor,2020,46.00644
kor,2021,44.77128
kor,2022,44.04925
kor,2023,42.81255
kor,2024,41.16704
kos,2005,5.84595
kos,2006,5.86295
kos,2007,5.88237
kos,2008,5.90274
kos,2009,5.92306
kos,2010,5.94272
kos,2022,6.53315
kwt,1960,1.08574
kwt,1961,1.23258
kwt,1962,1.23258
kwt,1963,1.23258
kwt,1964,1.23258
kwt,1965,2.52997
kwt,1966,2.75402
kwt,1967,2.75402
kwt,1968,2.75402
kwt,1969,2.75402
kwt,1970,4.73352
kwt,1971,5.10444
kwt,1972,5.10444
kwt,1973,5.10444
kwt,1974,5.10444
kwt,1975,8.12045
kwt,1976,8.81253
kwt,1977,9.14029
kwt,1978,9.48028
kwt,1979,9.84234
kwt,1980,10.50962
kwt,1981,10.82074
kwt,1982,11.5919
kwt,1983,11.74918
kwt,1984,11.58917
kwt,1985,11.74616
kwt,1986,11.9632
kwt,1987,12.43978
kwt,1988,13.23395
kwt,1989,14.06494
kwt,1990,19.7
kwt,1991,23.8
kwt,1992,21.1
kwt,1993,21.4
kwt,1994,22.4
kwt,1995,22.7
kwt,1996,22.6
kwt,1997,23
kwt,1998,23.2
kwt,1999,24
kwt,2000,23.89445
kwt,2001,23.52518
kwt,2002,23.39306
kwt,2003,23.07732
kwt,2004,23.03659
kwt,2005,22.56834
kwt,2006,21.86217
kwt,2007,21.46105
kwt,2008,19.61084
kwt,2009,18.90538
kwt,2010,17.64704
kwt,2011,16.42919
kwt,2012,15.28307
kwt,2013,14.48223
kwt,2014,13.47604
kwt,2015,12.51808
kwt,2016,13.31763
kwt,2017,13.04749
kwt,2018,11.92449
kwt,2019,13.13457
kwt,2020,13.26009
kwt,2022,12.47434
kwt,2023,11.83399
lao,1960,0.03468
lao,1961,0.0347
lao,1962,0.0347
lao,1963,0.0347
lao,1964,0.0347
lao,1965,0.04203
lao,1966,0.04197
lao,1967,0.04197
lao,1968,0.04197
lao,1969,0.04197
lao,1970,0.04112
lao,1971,0.04092
lao,1972,0.04092
lao,1973,0.04092
lao,1974,0.04092
lao,1975,0.17924
lao,1976,0.18555
lao,1977,0.18236
lao,1978,0.17307
lao,1979,0.17008
lao,1980,0.16679
lao,1981,0.16316
lao,1982,0.15635
lao,1983,0.15802
lao,1984,0.15934
lao,1985,0.15932
lao,1986,0.15851
lao,1987,0.15736
lao,1988,0.15873
lao,1989,0.1494
lao,1990,0.16
lao,1991,0.164
lao,1992,0.187
lao,1993,0.184
lao,1994,0.377
lao,1995,0.337
lao,1996,0.386
lao,1997,0.477
lao,1998,0.543
lao,1999,0.657
lao,2000,0.75261
lao,2001,0.9531
lao,2002,1.10339
lao,2003,1.2243
lao,2004,1.29721
lao,2005,1.54708
lao,2006,1.54533
lao,2007,1.56579
lao,2008,2.07838
lao,2009,1.6058
lao,2010,1.62771
lao,2011,1.67496
lao,2012,6.90292
lao,2013,10.61369
lao,2014,13.73612
lao,2015,14.15094
lao,2016,18.33321
lao,2017,16.03655
lao,2018,20.79499
lao,2019,20.07924
lao,2020,18.57961
lao,2021,17.4448
lao,2022,17.53597
lao,2023,16.09639
lbn,1982,10.423
lbn,1983,10.56972
lbn,1984,10.65572
lbn,1985,10.72286
lbn,1986,10.73455
lbn,1987,10.74945
lbn,1988,10.82106
lbn,1989,10.89207
lbn,1990,11
lbn,1991,11
lbn,1992,11.1
lbn,1993,11.2
lbn,1994,11.2
lbn,1995,11.3
lbn,1996,11.4
lbn,1997,13.7
lbn,1998,13.5
lbn,1999,13.4
lbn,2000,13.30457
lbn,2001,14.22107
lbn,2002,15.20868
lbn,2003,15.46788
lbn,2004,13.6978
lbn,2005,13.58866
lbn,2006,14.34143
lbn,2007,14.39973
lbn,2008,15.22733
lbn,2009,16.09964
lbn,2010,16.62274
lbn,2011,16.7778
lbn,2012,16.55926
lbn,2013,15.14773
lbn,2014,15.21545
lbn,2015,15.64857
lbn,2016,28.72442
lbn,2017,14.73802
lbn,2018,14.93167
lbn,2019,15.2241
lbn,2020,15.35284
lbn,2021,15.31062
lbn,2022,16.09301
lbr,1981,0.35181
lbr,1982,0.34186
lbr,1983,0.33189
lbr,1984,0.3353
lbr,1985,0.3679
lbr,1986,0.34855
lbr,1987,0.33876
lbr,1988,0.35239
lbr,1989,0.34886
lbr,1990,0.422
lbr,1991,0.169
lbr,1992,0.217
lbr,1993,0.209
lbr,1994,0.209
lbr,1995,0.207
lbr,1996,0.202
lbr,1997,0.264
lbr,1998,0.243
lbr,1999,0.234
lbr,2000,0.22882
lbr,2001,0.22551
lbr,2002,0.22296
lbr,2007,0.05582
lbr,2008,0.05234
lbr,2009,0.06021
lbr,2010,0.14304
lbr,2011,0.22006
lbr,2012,0.31406
lbr,2013,0.24607
lbr,2014,0.21997
lbr,2015,0.19316
lbr,2016,0.16822
lbr,2019,0.11896
lbr,2020,0.11652
lbr,2021,0.11408
lbr,2022,0.11639
lby,1960,0.59055
lby,1961,0.58181
lby,1962,0.58181
lby,1963,0.58181
lby,1964,0.58181
lby,1966,0.58181
lby,1967,0.58181
lby,1968,0.58181
lby,1969,0.58181
lby,1971,0.58181
lby,1972,0.58181
lby,1973,0.58181
lby,1974,0.58181
lby,1981,2.86952
lby,1982,3.0547
lby,1983,3.25389
lby,1984,3.48852
lby,1985,3.77004
lby,1986,4.07883
lby,1987,4.42491
lby,1988,4.95578
lby,1989,5.22634
lby,1990,4.95
lby,1991,5.13
lby,1992,5.08
lby,1993,5.07
lby,1994,5.47
lby,1995,6.48
lby,1996,7.62
lby,1997,7.9
lby,1998,9.73
lby,1999,10.5
lby,2000,11.40429
lby,2001,12.21399
lby,2002,13.07092
lby,2003,13.34663
lby,2004,13.9366
lby,2005,14.54735
lby,2006,15.20013
lby,2007,15.87385
lby,2008,14.76107
lby,2009,16.70045
lby,2010,18.90321
lby,2011,15.76491
lby,2012,13.17295
lby,2013,12.51462
lby,2014,14.22834
lby,2015,16.27824
lby,2016,20.72349
lby,2017,23.38706
lby,2019,22.67289
lby,2020,22.36921
lby,2021,22.08776
lby,2022,16.86341
lca,1970,2.03706
lca,1971,2.01894
lca,1972,2.01894
lca,1973,2.01894
lca,1974,2.01894
lca,1975,3.22879
lca,1976,3.26218
lca,1977,3.37999
lca,1978,3.5776
lca,1979,3.85056
lca,1980,3.9463
lca,1981,4.03525
lca,1982,3.92491
lca,1983,3.89287
lca,1984,5.09703
lca,1985,5.69789
lca,1986,6.09005
lca,1987,6.50826
lca,1988,7.87394
lca,1989,8.91447
lca,1990,12.3
lca,1991,12.3
lca,1992,14.3
lca,1993,16.9
lca,1994,17.1
lca,1995,20.6
lca,1996,22.5
lca,1997,24.2
lca,1998,26.1
lca,1999,28.4
lca,2000,30.82917
lca,2001,31.20378
lca,2002,31.62626
lca,2003,30.06578
lca,2004,25.57249
lca,2005,23.57208
lca,2006,23.61812
lca,2007,23.65789
lca,2008,24.25241
lca,2009,22.70043
lca,2010,21.91263
lca,2011,20.8986
lca,2012,21.34691
lca,2013,19.32295
lca,2014,18.85401
lca,2015,19.93882
lca,2016,20.23673
lca,2017,19.85573
lca,2018,20.60198
lca,2019,8.89334
lca,2020,8.38373
lca,2021,18.04708
lca,2022,17.13829
lie,1970,25.22168
lie,1971,25.0118
lie,1972,25.0118
lie,1973,25.0118
lie,1974,25.0118
lie,1975,33.59965
lie,1976,35.21524
lie,1977,36.6535
lie,1978,37.83516
lie,1979,38.74716
lie,1980,40.14718
lie,1981,41.82119
lie,1982,42.76539
lie,1983,44.06064
lie,1984,45.26495
lie,1985,46.80231
lie,1986,48.44066
lie,1987,50.14886
lie,1988,52.29029
lie,1989,54.72563
lie,1990,57.3
lie,1991,59.8
lie,1992,62.1
lie,1993,62.7
lie,1994,60.6
lie,1995,63.3
lie,1996,63.3
lie,1997,62
lie,1998,61.2
lie,1999,60.4
lie,2000,60.61668
lie,2001,60.10047
lie,2002,59.04511
lie,2003,58.42631
lie,2004,58.10288
lie,2005,57.68067
lie,2006,56.4832
lie,2007,55.57827
lie,2008,55.2985
lie,2009,54.87583
lie,2010,54.44596
lie,2011,54.03915
lie,2012,50.47
lie,2013,49.58006
lie,2014,48.55098
lie,2015,46.35294
lie,2016,43.55975
lie,2017,40.53369
lie,2018,39.97744
lie,2019,35.7102
lie,2020,32.51993
lie,2021,29.48725
lie,2022,27.49447
lie,2023,25.96091
lie,2024,24.81063
lka,1960,0.23275
lka,1961,0.23061
lka,1962,0.23061
lka,1963,0.23061
lka,1964,0.23061
lka,1965,0.25101
lka,1966,0.24931
lka,1967,0.24931
lka,1968,0.24931
lka,1969,0.24931
lka,1970,0.29946
lka,1971,0.29714
lka,1972,0.29714
lka,1973,0.29714
lka,1974,0.29714
lka,1975,0.31106
lka,1976,0.31308
lka,1977,0.31517
lka,1978,0.31703
lka,1979,0.32288
lka,1980,0.3627
lka,1981,0.43433
lka,1982,0.45587
lka,1983,0.4694
lka,1984,0.50887
lka,1985,0.54489
lka,1986,0.56419
lka,1987,0.58822
lka,1988,0.61716
lka,1989,0.62083
lka,1990,0.742
lka,1991,0.764
lka,1992,0.809
lka,1993,0.927
lka,1994,1.05
lka,1995,1.16
lka,1996,1.42
lka,1997,1.87
lka,1998,2.82
lka,1999,3.53
lka,2000,3.97765
lka,2001,4.2203
lka,2002,4.45885
lka,2003,4.70647
lka,2004,4.93458
lka,2005,6.15335
lka,2006,9.25727
lka,2007,13.38076
lka,2008,16.70633
lka,2009,16.5537
lka,2010,17.13898
lka,2011,17.17542
lka,2012,16.29419
lka,2013,12.67292
lka,2014,12.57619
lka,2015,15.12968
lka,2016,11.31773
lka,2017,11.78574
lka,2018,11.11698
lka,2019,10.22493
lka,2020,11.55877
lka,2021,12.63938
lka,2022,11.3079
lka,2023,7.42933
lka,2024,6.84578
lso,1960,0.05421
lso,1961,0.04777
lso,1962,0.04777
lso,1963,0.04777
lso,1964,0.04777
lso,1965,0.1395
lso,1966,0.13011
lso,1967,0.13011
lso,1968,0.13011
lso,1969,0.13011
lso,1970,0.12702
lso,1971,0.12635
lso,1972,0.12635
lso,1973,0.12635
lso,1974,0.12635
lso,1975,0.15762
lso,1976,0.1552
lso,1977,0.15598
lso,1978,0.19456
lso,1979,0.22536
lso,1980,0.2448
lso,1981,0.30881
lso,1982,0.3272
lso,1983,0.3398
lso,1984,0.34368
lso,1985,0.45513
lso,1986,0.53808
lso,1987,0.60597
lso,1988,0.66077
lso,1989,0.69198
lso,1990,0.683
lso,1991,0.666
lso,1992,0.607
lso,1993,0.769
lso,1994,0.815
lso,1995,0.912
lso,1996,0.81
lso,1997,1.03
lso,1998,1.05
lso,1999,1.08
lso,2000,1.10783
lso,2001,1.06864
lso,2002,1.43397
lso,2003,1.76826
lso,2004,1.88877
lso,2005,2.45582
lso,2006,2.73184
lso,2007,2.43602
lso,2008,2.09454
lso,2009,2.0193
lso,2010,1.93423
lso,2011,1.91553
lso,2012,2.49558
lso,2013,2.44809
lso,2014,2.38999
lso,2015,1.92767
lso,2016,1.93192
lso,2017,0.49311
lso,2018,0.38139
lso,2019,0.58609
lso,2020,0.51768
lso,2021,0.42268
lso,2022,0.295
lso,2023,0.31763
lso,2024,0.3414
ltu,1960,1.40447
ltu,1961,1.45812
ltu,1962,1.45812
ltu,1963,1.45812
ltu,1964,1.45812
ltu,1965,2.35308
ltu,1966,2.42195
ltu,1967,2.42195
ltu,1968,2.42195
ltu,1969,2.42195
ltu,1970,4.46163
ltu,1971,4.56627
ltu,1972,4.56627
ltu,1973,4.56627
ltu,1974,4.56627
ltu,1975,7.60873
ltu,1976,8.34982
ltu,1977,9.07264
ltu,1978,9.75405
ltu,1979,10.44695
ltu,1980,11.18889
ltu,1981,11.83809
ltu,1982,12.4974
ltu,1983,13.1924
ltu,1984,13.98273
ltu,1985,14.81356
ltu,1986,16.01827
ltu,1987,16.94513
ltu,1988,18.129
ltu,1989,19.45849
ltu,1990,21.1
ltu,1991,22
ltu,1992,22.5
ltu,1993,23.3
ltu,1994,24.6
ltu,1995,25.9
ltu,1996,27.6
ltu,1997,29.5
ltu,1998,31.4
ltu,1999,32.7
ltu,2000,33.92916
ltu,2001,33.16072
ltu,2002,27.17437
ltu,2003,24.13329
ltu,2004,24.28523
ltu,2005,24.11338
ltu,2006,24.23252
ltu,2007,24.73982
ltu,2008,24.54087
ltu,2009,23.62795
ltu,2010,24.32237
ltu,2011,23.50588
ltu,2012,22.60106
ltu,2013,21.16003
ltu,2014,20.00206
ltu,2015,19.33808
ltu,2016,18.50299
ltu,2017,17.20895
ltu,2018,15.23887
ltu,2019,13.17372
ltu,2020,11.52128
ltu,2021,10.40301
ltu,2022,8.87619
ltu,2023,7.83084
ltu,2024,7.04632
lux,1960,11.61353
lux,1961,11.598
lux,1962,11.598
lux,1963,11.598
lux,1964,11.598
lux,1965,17.88996
lux,1966,17.8701
lux,1967,17.8701
lux,1968,17.8701
lux,1969,17.8701
lux,1970,24.16441
lux,1971,24.1412
lux,1972,24.1412
lux,1973,24.1412
lux,1974,24.1412
lux,1975,30.25453
lux,1976,31.1895
lux,1977,32.6573
lux,1978,33.78856
lux,1979,34.99278
lux,1980,36.19608
lux,1981,37.03978
lux,1982,38.02751
lux,1983,38.89394
lux,1984,40.20832
lux,1985,41.34763
lux,1986,42.67376
lux,1987,43.6358
lux,1988,44.7629
lux,1989,46.78697
lux,1990,48.1
lux,1991,49.6
lux,1992,52.6
lux,1993,54.1
lux,1994,55.4
lux,1995,56.2
lux,1996,60
lux,1997,61
lux,1998,60.1
lux,1999,58.5
lux,2000,57.06529
lux,2001,58.09957
lux,2002,55.67207
lux,2003,54.22297
lux,2004,53.4589
lux,2005,52.53963
lux,2006,52.53074
lux,2007,51.67926
lux,2008,53.29352
lux,2009,52.91186
lux,2010,53.6844
lux,2011,53.82542
lux,2012,50.231
lux,2013,49.24966
lux,2014,48.73454
lux,2015,48.61852
lux,2016,47.36884
lux,2017,46.15294
lux,2018,44.98101
lux,2019,43.1177
lux,2020,42.51368
lux,2021,41.55565
lux,2022,39.80634
lva,1975,10.02998
lva,1976,11.16049
lva,1977,13.07017
lva,1978,14.16995
lva,1979,15.25689
lva,1980,15.94067
lva,1981,18.16038
lva,1982,18.42649
lva,1983,18.67982
lva,1984,19.31373
lva,1985,19.96155
lva,1986,20.608
lva,1987,21.2541
lva,1988,21.70624
lva,1989,22.27678
lva,1990,23.3
lva,1991,24.3
lva,1992,25
lva,1993,27.1
lva,1994,26.5
lva,1995,28.3
lva,1996,30.1
lva,1997,30.4
lva,1998,30.8
lva,1999,30.6
lva,2000,31.02179
lva,2001,30.86651
lva,2002,30.33771
lva,2003,28.56521
lva,2004,28.72814
lva,2005,32.64127
lva,2006,29.62463
lva,2007,29.26436
lva,2008,27.22354
lva,2009,26.2203
lva,2010,25.36429
lva,2011,25.06596
lva,2012,23.40181
lva,2013,21.01331
lva,2014,20.05868
lva,2015,17.99919
lva,2016,18.51864
lva,2017,17.62056
lva,2018,13.81073
lva,2019,12.3038
lva,2020,11.10538
lva,2021,10.09511
lva,2022,12.27455
lva,2023,11.65031
lva,2024,10.93857
mac,1960,1.30159
mac,1961,1.37314
mac,1962,1.37314
mac,1963,1.37314
mac,1964,1.37314
mac,1966,1.37314
mac,1967,1.37314
mac,1968,1.37314
mac,1969,1.37314
mac,1971,1.37314
mac,1972,1.37314
mac,1973,1.37314
mac,1974,1.37314
mac,1982,6.21562
mac,1983,6.65232
mac,1984,10.02057
mac,1985,13.21724
mac,1986,15.89063
mac,1987,17.84528
mac,1988,20.14959
mac,1989,23.36839
mac,1990,26.5
mac,1991,29.4
mac,1992,32.4
mac,1993,35.3
mac,1994,37.2
mac,1995,38.4
mac,1996,39.7
mac,1997,40.9
mac,1998,41.1
mac,1999,41.5
mac,2000,40.43754
mac,2001,39.64055
mac,2002,38.61855
mac,2003,37.22842
mac,2004,36.06968
mac,2005,35.20087
mac,2006,34.72551
mac,2007,34.08415
mac,2008,32.82518
mac,2009,31.02662
mac,2010,29.91688
mac,2011,28.89167
mac,2012,27.66773
mac,2013,26.45776
mac,2014,25.16566
mac,2015,23.4881
mac,2016,22.38646
mac,2017,21.34392
mac,2018,18.7423
mac,2019,16.39408
mac,2020,16.10384
mac,2021,14.32513
mac,2022,13.11581
mac,2023,12.1917
mac,2024,11.28201
mar,1960,0.63828
mar,1961,0.63828
mar,1962,0.63828
mar,1963,0.63828
mar,1964,0.63828
mar,1965,0.5903
mar,1966,0.5903
mar,1967,0.5903
mar,1968,0.5903
mar,1969,0.5903
mar,1970,0.56858
mar,1971,0.56858
mar,1972,0.56858
mar,1973,0.56858
mar,1974,0.56858
mar,1975,0.61811
mar,1976,0.67587
mar,1977,0.73039
mar,1978,0.78175
mar,1979,0.78906
mar,1980,0.83542
mar,1981,0.86622
mar,1982,0.91231
mar,1983,0.9372
mar,1984,0.97907
mar,1985,1.06868
mar,1986,1.09523
mar,1987,1.13526
mar,1988,1.19854
mar,1989,1.37378
mar,1990,1.65
mar,1991,2
mar,1992,2.59
mar,1993,3.23
mar,1994,3.87
mar,1995,4.27
mar,1996,4.51
mar,1997,4.78
mar,1998,5.04
mar,1999,5.25
mar,2000,5.01347
mar,2001,4.13448
mar,2002,3.86137
mar,2003,4.12294
mar,2004,4.36874
mar,2005,4.41778
mar,2006,4.11463
mar,2007,7.67566
mar,2008,9.46366
mar,2009,10.97782
mar,2010,11.54822
mar,2011,10.83499
mar,2012,9.8307
mar,2013,8.65662
mar,2014,7.27307
mar,2015,6.42163
mar,2016,5.91082
mar,2017,5.7732
mar,2018,6.13603
mar,2019,5.67383
mar,2020,6.44345
mar,2021,6.79582
mar,2022,7.08592
mar,2023,7.62081
mar,2024,7.97507
mco,1960,16.79053
mco,1961,16.3014
mco,1962,16.3014
mco,1963,16.3014
mco,1964,16.3014
mco,1965,26.06203
mco,1966,25.771
mco,1967,25.771
mco,1968,25.771
mco,1969,25.771
mco,1970,30.90235
mco,1971,31.9366
mco,1972,31.9366
mco,1973,31.9366
mco,1974,31.9366
mco,1975,39.17881
mco,1976,46.33562
mco,1977,48.77677
mco,1978,50.46321
mco,1979,51.79996
mco,1980,53.92229
mco,1981,56.07682
mco,1982,59.1158
mco,1983,63.24817
mco,1984,66.5329
mco,1985,72.20467
mco,1986,71.9893
mco,1987,72.88136
mco,1988,74.1561
mco,1989,76.46785
mco,1990,80.4
mco,1991,85
mco,1992,94.3
mco,1993,95.8
mco,1994,97
mco,1995,98.2
mco,1996,99.5
mco,1997,97.3
mco,1998,93.6
mco,1999,91.9
mco,2000,92.34016
mco,2001,91.39828
mco,2002,103.9757
mco,2003,103.47501
mco,2004,104.76058
mco,2005,105.51382
mco,2006,107.14353
mco,2007,108.99268
mco,2008,109.93843
mco,2009,133.41676
mco,2010,129.39119
mco,2011,131.07583
mco,2012,131.78243
mco,2013,132.16915
mco,2014,140.08525
mco,2015,133.53919
mco,2016,124.94635
mco,2017,124.77573
mco,2018,113.6814
mco,2019,115.77055
mco,2020,114.86465
mco,2021,117.6837
mco,2022,109.55023
mco,2023,111.02526
mco,2024,95.47773
mda,1960,0.65427
mda,1961,0.68232
mda,1962,0.68232
mda,1963,0.68232
mda,1964,0.68232
mda,1965,0.80534
mda,1966,0.83918
mda,1967,0.83918
mda,1968,0.83918
mda,1969,0.83918
mda,1970,1.39577
mda,1971,1.44064
mda,1972,1.44064
mda,1973,1.44064
mda,1974,1.44064
mda,1975,3.48299
mda,1976,3.97062
mda,1977,4.41602
mda,1978,4.76629
mda,1979,5.12599
mda,1980,5.51001
mda,1981,5.79754
mda,1982,6.12486
mda,1983,6.38865
mda,1984,6.72026
mda,1985,7.20046
mda,1986,7.64721
mda,1987,8.23702
mda,1988,8.91908
mda,1989,9.57083
mda,1990,10.4
mda,1991,11.1
mda,1992,11.5
mda,1993,11.8
mda,1994,12.3
mda,1995,12.8
mda,1996,13.5
mda,1997,14.4
mda,1998,15.2
mda,1999,13
mda,2000,13.78549
mda,2001,15.25537
mda,2002,17.36177
mda,2003,19.31746
mda,2004,21.33542
mda,2005,23.30101
mda,2006,25.96251
mda,2007,28.03851
mda,2008,29.48969
mda,2009,30.72489
mda,2010,31.97
mda,2011,33.17022
mda,2012,34.62238
mda,2013,35.83361
mda,2014,36.44571
mda,2015,36.58065
mda,2016,36.17546
mda,2017,35.81816
mda,2018,35.13886
mda,2019,34.42547
mda,2020,33.48469
mda,2021,33.07875
mda,2022,31.28759
mda,2023,27.62943
mda,2024,24.19148
mdg,1965,0.16435
mdg,1966,0.16467
mdg,1967,0.16467
mdg,1968,0.16467
mdg,1969,0.16467
mdg,1970,0.18826
mdg,1971,0.19008
mdg,1972,0.19008
mdg,1973,0.19008
mdg,1974,0.19008
mdg,1976,0.18981
mdg,1977,0.18426
mdg,1979,0.21283
mdg,1980,0.21345
mdg,1981,0.20962
mdg,1982,0.20527
mdg,1983,0.20169
mdg,1984,0.21105
mdg,1985,0.21583
mdg,1986,0.22153
mdg,1987,0.22956
mdg,1988,0.22754
mdg,1989,0.24054
mdg,1990,0.262
mdg,1991,0.292
mdg,1992,0.286
mdg,1993,0.264
mdg,1994,0.247
mdg,1995,0.264
mdg,1996,0.272
mdg,1997,0.288
mdg,1998,0.305
mdg,1999,0.314
mdg,2000,0.33297
mdg,2001,0.34286
mdg,2002,0.33898
mdg,2003,0.32978
mdg,2004,0.31549
mdg,2005,0.48208
mdg,2006,0.6579
mdg,2007,0.65897
mdg,2008,0.78786
mdg,2009,0.86391
mdg,2010,0.64041
mdg,2011,0.60608
mdg,2012,0.61045
mdg,2013,0.60463
mdg,2014,0.59987
mdg,2015,0.58456
mdg,2016,0.56929
mdg,2017,0.2568
mdg,2018,0.25112
mdg,2019,0.26107
mdg,2020,0.17146
mdg,2021,0.1213
mdg,2022,0.12918
mdg,2023,0.01094
mdv,1970,0.21097
mdv,1971,0.22474
mdv,1972,0.22474
mdv,1973,0.22474
mdv,1974,0.22474
mdv,1976,0.31871
mdv,1977,0.35575
mdv,1978,0.54478
mdv,1979,0.49898
mdv,1981,0.90768
mdv,1982,0.97408
mdv,1983,1.05945
mdv,1984,1.1389
mdv,1985,1.19338
mdv,1986,1.4197
mdv,1987,1.66458
mdv,1988,1.98901
mdv,1989,2.34013
mdv,1990,2.78
mdv,1991,3.29
mdv,1992,3.57
mdv,1993,4.07
mdv,1994,4.73
mdv,1995,5.4
mdv,1996,5.82
mdv,1997,6.71
mdv,1998,7.33
mdv,1999,7.99
mdv,2000,8.66325
mdv,2001,9.4997
mdv,2002,9.82491
mdv,2003,10.13724
mdv,2004,10.45177
mdv,2005,10.53947
mdv,2006,10.25359
mdv,2007,10.18957
mdv,2008,13.95871
mdv,2009,8.75458
mdv,2010,7.86492
mdv,2011,6.44519
mdv,2012,5.98214
mdv,2013,5.63826
mdv,2014,5.45166
mdv,2015,5.11755
mdv,2016,4.76802
mdv,2017,4.44656
mdv,2018,3.96408
mdv,2019,3.41664
mdv,2020,2.88936
mdv,2021,2.71334
mdv,2022,2.55216
mdv,2023,2.44489
mdv,2024,2.27321
mex,1960,0.93319
mex,1961,0.89604
mex,1962,0.89604
mex,1963,0.89604
mex,1964,0.89604
mex,1965,1.15809
mex,1966,1.12172
mex,1967,1.12172
mex,1968,1.12172
mex,1969,1.12172
mex,1970,1.70771
mex,1971,1.66777
mex,1972,1.66777
mex,1973,1.66777
mex,1974,1.66777
mex,1975,2.80192
mex,1976,3.05921
mex,1977,3.33986
mex,1978,3.60956
mex,1979,3.87571
mex,1980,3.98748
mex,1981,4.25209
mex,1982,4.41039
mex,1983,4.59822
mex,1984,4.76252
mex,1985,4.94769
mex,1986,5.11538
mex,1987,5.31592
mex,1988,5.56132
mex,1989,6.04131
mex,1990,6.47
mex,1991,7.14
mex,1992,7.85
mex,1993,8.69
mex,1994,9.51
mex,1995,9.69
mex,1996,9.55
mex,1997,9.84
mex,1998,10.4
mex,1999,11.3
mex,2000,12.50353
mex,2001,13.76051
mex,2002,14.74671
mex,2003,15.85774
mex,2004,17.3125
mex,2005,18.44036
mex,2006,18.51806
mex,2007,18.38476
mex,2008,18.5654
mex,2009,17.41573
mex,2010,17.53033
mex,2011,17.35178
mex,2012,17.62379
mex,2013,15.71148
mex,2014,15.49427
mex,2015,16.66022
mex,2016,17.03055
mex,2017,16.81738
mex,2018,17.37692
mex,2019,18.03249
mex,2020,19.32227
mex,2021,19.57824
mex,2022,20.61752
mex,2023,22.1889
mex,2024,22.55767
mhl,1983,0.9729
mhl,1990,1.12
mhl,1991,1.54
mhl,1992,1.83
mhl,1993,4.88
mhl,1994,6.24
mhl,1995,6.6
mhl,1996,6.92
mhl,1997,6.92
mhl,1998,7.53
mhl,1999,7.73
mhl,2000,7.88664
mhl,2001,8.1881
mhl,2002,8.51531
mhl,2003,8.63882
mhl,2004,10.63891
mhl,2014,4.74134
mhl,2022,4.85815
mkd,1983,10.63592
mkd,1984,11.0626
mkd,1985,11.49136
mkd,1986,11.92294
mkd,1987,12.35729
mkd,1988,12.7957
mkd,1989,13.23902
mkd,1990,13.8
mkd,1991,14.1
mkd,1992,15.4
mkd,1993,16.2
mkd,1994,16.9
mkd,1995,17.6
mkd,1996,18.2
mkd,1997,20.1
mkd,1998,21.6
mkd,1999,23
mkd,2000,24.65987
mkd,2001,26.0614
mkd,2002,26.99592
mkd,2003,25.22327
mkd,2004,25.73588
mkd,2005,25.53614
mkd,2006,23.49604
mkd,2007,22.26918
mkd,2008,22.07429
mkd,2009,21.22203
mkd,2010,20.136
mkd,2011,20.68435
mkd,2012,20.14108
mkd,2013,19.69537
mkd,2014,19.2003
mkd,2015,18.73406
mkd,2016,18.78232
mkd,2017,18.88469
mkd,2018,19.94559
mkd,2019,21.10273
mkd,2020,22.18946
mkd,2021,22.99412
mkd,2022,23.83318
mkd,2023,24.46438
mkd,2024,25.02363
mli,1960,0.03082
mli,1961,0.03131
mli,1962,0.03131
mli,1963,0.03131
mli,1964,0.03131
mli,1965,0.0454
mli,1966,0.04669
mli,1967,0.04669
mli,1968,0.04669
mli,1969,0.04669
mli,1970,0.04638
mli,1971,0.04797
mli,1972,0.04797
mli,1973,0.04797
mli,1974,0.04797
mli,1975,0.05334
mli,1976,0.05539
mli,1977,0.05723
mli,1978,0.05644
mli,1979,0.05802
mli,1980,0.06673
mli,1981,0.07147
mli,1982,0.07575
mli,1983,0.0825
mli,1984,0.08806
mli,1985,0.08846
mli,1986,0.08814
mli,1987,0.10056
mli,1988,0.10179
mli,1989,0.11018
mli,1990,0.122
mli,1991,0.133
mli,1992,0.134
mli,1993,0.142
mli,1994,0.153
mli,1995,0.169
mli,1996,0.205
mli,1997,0.227
mli,1998,0.248
mli,1999,0.301
mli,2000,0.33932
mli,2001,0.42873
mli,2002,0.46063
mli,2003,0.48029
mli,2004,0.50246
mli,2005,0.56065
mli,2006,0.58985
mli,2007,0.55337
mli,2008,0.54265
mli,2009,0.54936
mli,2010,0.71837
mli,2011,0.63571
mli,2012,0.66037
mli,2013,0.72374
mli,2014,0.85691
mli,2015,0.90898
mli,2016,1.04637
mli,2017,1.08461
mli,2018,1.11582
mli,2019,1.14978
mli,2020,1.29704
mli,2021,1.34468
mli,2022,1.33015
mlt,1960,2.74503
mlt,1961,2.96128
mlt,1962,2.96128
mlt,1963,2.96128
mlt,1964,2.96128
mlt,1965,4.41144
mlt,1966,4.46838
mlt,1967,4.46838
mlt,1968,4.46838
mlt,1969,4.46838
mlt,1970,7.07483
mlt,1971,6.96158
mlt,1972,6.96158
mlt,1973,6.96158
mlt,1974,6.96158
mlt,1975,8.93188
mlt,1976,10.50557
mlt,1977,11.92307
mlt,1978,13.01265
mlt,1979,14.06957
mlt,1980,15.33093
mlt,1981,17.12956
mlt,1982,19.31298
mlt,1983,22.45411
mlt,1984,23.0957
mlt,1985,24.25111
mlt,1986,27.69816
mlt,1987,31.07985
mlt,1988,32.55003
mlt,1989,33.72341
mlt,1990,34.9
mlt,1991,37.4
mlt,1992,40.1
mlt,1993,41.6
mlt,1994,42.7
mlt,1995,44.4
mlt,1996,46.6
mlt,1997,47.9
mlt,1998,48.6
mlt,1999,49.8
mlt,2000,51.06165
mlt,2001,51.57727
mlt,2002,51.10623
mlt,2003,51.01855
mlt,2004,50.27507
mlt,2005,48.90061
mlt,2006,50.1526
mlt,2007,55.23362
mlt,2008,57.5496
mlt,2009,58.67228
mlt,2010,58.59089
mlt,2011,54.68386
mlt,2012,53.85234
mlt,2013,53.99228
mlt,2014,53.01932
mlt,2015,51.73839
mlt,2016,51.47902
mlt,2017,51.35263
mlt,2018,52.71546
mlt,2019,50.71813
mlt,2020,49.76563
mlt,2021,49.20362
mlt,2022,49.05792
mlt,2023,48.80234
mlt,2024,47.34927
mmr,1960,0.05283
mmr,1961,0.05279
mmr,1962,0.05279
mmr,1963,0.05279
mmr,1964,0.05279
mmr,1965,0.07247
mmr,1966,0.07255
mmr,1967,0.07255
mmr,1968,0.07255
mmr,1969,0.07255
mmr,1970,0.07587
mmr,1971,0.07591
mmr,1972,0.07591
mmr,1973,0.07591
mmr,1974,0.07591
mmr,1975,0.08371
mmr,1976,0.08371
mmr,1977,0.08398
mmr,1978,0.08451
mmr,1979,0.08592
mmr,1982,0.11225
mmr,1983,0.11934
mmr,1984,0.11892
mmr,1985,0.12883
mmr,1986,0.15794
mmr,1987,0.17153
mmr,1988,0.17162
mmr,1989,0.16971
mmr,1990,0.176
mmr,1991,0.213
mmr,1992,0.242
mmr,1993,0.283
mmr,1994,0.327
mmr,1995,0.37
mmr,1996,0.414
mmr,1997,0.488
mmr,1998,0.518
mmr,1999,0.556
mmr,2000,0.59914
mmr,2001,0.64502
mmr,2002,0.74042
mmr,2003,0.7778
mmr,2004,0.90266
mmr,2005,1.06228
mmr,2006,1.19555
mmr,2007,0.96434
mmr,2008,1.04244
mmr,2009,0.91299
mmr,2010,1.00626
mmr,2011,1.06003
mmr,2012,1.05187
mmr,2013,1.06403
mmr,2014,1.03941
mmr,2015,1.00789
mmr,2016,0.99889
mmr,2017,1.07161
mmr,2018,0.99644
mmr,2019,0.99278
mmr,2020,0.98828
mmr,2021,0.97803
mmr,2022,0.99608
mmr,2023,1.08566
mmr,2024,1.02508
mne,2005,26.95891
mne,2006,26.54057
mne,2007,27.8331
mne,2008,27.50215
mne,2009,27.15665
mne,2010,26.98248
mne,2011,27.00478
mne,2012,26.80225
mne,2013,26.6948
mne,2014,26.08133
mne,2015,24.58795
mne,2016,23.71089
mne,2017,24.53662
mne,2018,28.07428
mne,2019,30.76429
mne,2020,31.54416
mne,2021,31.38506
mne,2022,31.00881
mne,2023,30.04394
mne,2024,30.10467
mng,1982,2.40779
mng,1983,2.46471
mng,1984,2.51115
mng,1985,2.55242
mng,1986,2.58895
mng,1987,2.62181
mng,1988,2.65217
mng,1989,2.68763
mng,1990,3.07
mng,1991,3.11
mng,1992,3.09
mng,1993,2.92
mng,1994,3
mng,1995,3.33
mng,1996,3.54
mng,1997,3.65
mng,1998,4.28
mng,1999,4.25
mng,2000,4.7858
mng,2001,5.01735
mng,2002,5.11985
mng,2003,5.4777
mng,2004,5.74097
mng,2005,6.08728
mng,2006,7.54895
mng,2007,7.03384
mng,2008,7.61054
mng,2009,7.08638
mng,2010,7.15241
mng,2011,6.83238
mng,2012,6.32118
mng,2013,6.16078
mng,2014,7.8381
mng,2015,8.58833
mng,2016,7.40878
mng,2017,9.42525
mng,2018,11.67574
mng,2019,10.87094
mng,2020,9.99901
mng,2021,11.95437
mng,2022,12.67472
mng,2023,14.0358
mng,2024,14.93779
mnp,1992,28.7
mnp,1993,29.4
mnp,1994,30.7
mnp,1995,32.1
mnp,1996,36.4
mnp,1997,36.5
mnp,1998,33.6
mnp,1999,31.1
mnp,2000,30.70689
mnp,2001,31.47799
mnp,2002,32.79523
mnp,2003,34.23977
mnp,2004,35.65955
mnp,2005,37.36729
mnp,2006,39.22086
mnp,2007,41.05801
mnp,2008,43.2196
mnp,2009,45.36828
mnp,2010,47.14278
mnp,2012,43.20547
mnp,2013,43.59528
mnp,2014,42.92997
mnp,2015,42.70684
mnp,2019,41.55499
mnp,2020,42.08046
mnp,2021,42.57221
mnp,2022,42.26312
moz,1960,0.13852
moz,1961,0.13087
moz,1962,0.13087
moz,1963,0.13087
moz,1964,0.13087
moz,1965,0.22594
moz,1966,0.21146
moz,1967,0.21146
moz,1968,0.21146
moz,1969,0.21146
moz,1970,0.28532
moz,1971,0.26599
moz,1972,0.26599
moz,1973,0.26599
moz,1974,0.26599
moz,1975,0.3205
moz,1976,0.29643
moz,1977,0.27211
moz,1978,0.27278
moz,1979,0.27499
moz,1980,0.28913
moz,1981,0.30412
moz,1982,0.30646
moz,1983,0.30303
moz,1984,0.30225
moz,1985,0.3023
moz,1986,0.3086
moz,1987,0.30987
moz,1988,0.31479
moz,1989,0.3154
moz,1990,0.362
moz,1991,0.396
moz,1992,0.412
moz,1993,0.395
moz,1994,0.382
moz,1995,0.375
moz,1996,0.371
moz,1997,0.387
moz,1998,0.435
moz,1999,0.44
moz,2000,0.47278
moz,2001,0.47088
moz,2002,0.46084
moz,2003,0.40003
moz,2004,0.37931
moz,2005,0.32501
moz,2006,0.33825
moz,2007,0.36641
moz,2008,0.35897
moz,2009,0.3682
moz,2010,0.38289
moz,2011,0.37262
moz,2012,0.36215
moz,2013,0.30963
moz,2014,0.3368
moz,2015,0.33635
moz,2016,0.3015
moz,2017,0.28596
moz,2018,0.21712
moz,2019,0.27035
moz,2020,0.28917
moz,2021,0.18822
moz,2022,0.08905
moz,2023,0.08994
moz,2024,0.0818
mrt,1970,0.05347
mrt,1971,0.05232
mrt,1972,0.05232
mrt,1973,0.05232
mrt,1974,0.05232
mrt,1975,0.10204
mrt,1976,0.11434
mrt,1977,0.16028
mrt,1978,0.18055
mrt,1979,0.20423
mrt,1980,0.2161
mrt,1981,0.21589
mrt,1982,0.21967
mrt,1983,0.22559
mrt,1984,0.22268
mrt,1985,0.22637
mrt,1986,0.22859
mrt,1987,0.23284
mrt,1988,0.23701
mrt,1989,0.23217
mrt,1990,0.301
mrt,1991,0.318
mrt,1992,0.323
mrt,1993,0.345
mrt,1994,0.375
mrt,1995,0.4
mrt,1996,0.433
mrt,1997,0.541
mrt,1998,0.607
mrt,1999,0.65
mrt,2000,0.72582
mrt,2001,0.92789
mrt,2002,1.15126
mrt,2003,1.3625
mrt,2004,1.35952
mrt,2005,1.395
mrt,2006,1.15706
mrt,2007,1.30185
mrt,2008,2.3986
mrt,2009,2.26717
mrt,2010,2.11067
mrt,2011,2.06389
mrt,2012,1.79797
mrt,2013,1.44586
mrt,2014,1.33641
mrt,2015,1.29336
mrt,2016,1.30158
mrt,2017,1.35508
mrt,2018,1.38228
mrt,2019,1.38456
mrt,2020,1.34994
mrt,2021,1.22694
mrt,2022,0.97429
mrt,2023,0.60156
mrt,2024,0.30946
mus,1960,0.89362
mus,1961,0.91618
mus,1962,0.91618
mus,1963,0.91618
mus,1964,0.91618
mus,1965,1.21272
mus,1966,1.22132
mus,1967,1.22132
mus,1968,1.22132
mus,1969,1.22132
mus,1970,1.35053
mus,1971,1.35654
mus,1972,1.35654
mus,1973,1.35654
mus,1974,1.35654
mus,1975,1.73749
mus,1976,1.7219
mus,1977,1.84248
mus,1978,2.15406
mus,1979,2.38885
mus,1980,2.47438
mus,1981,2.56649
mus,1982,2.9702
mus,1983,3.16383
mus,1984,3.49289
mus,1985,3.85945
mus,1986,4.02569
mus,1987,4.50224
mus,1988,4.6868
mus,1989,4.88365
mus,1990,5.1
mus,1991,5.8
mus,1992,7.11
mus,1993,9.44
mus,1994,11.3
mus,1995,12.8
mus,1996,15.7
mus,1997,18.8
mus,1998,20.5
mus,1999,21.3
mus,2000,23.08715
mus,2001,25.02633
mus,2002,25.75122
mus,2003,28.03335
mus,2004,28.30917
mus,2005,28.43507
mus,2006,28.27547
mus,2007,28.41724
mus,2008,28.52581
mus,2009,29.33293
mus,2010,30.22509
mus,2011,29.12304
mus,2012,27.07944
mus,2013,28.11809
mus,2014,28.80794
mus,2015,29.40551
mus,2016,30.15166
mus,2017,32.007
mus,2018,33.69715
mus,2019,35.66125
mus,2020,37.30451
mus,2021,36.65923
mus,2022,36.21104
mus,2023,36.4168
mus,2024,36.87944
mwi,1960,0.09666
mwi,1961,0.09563
mwi,1962,0.09563
mwi,1963,0.09563
mwi,1964,0.09563
mwi,1965,0.09538
mwi,1966,0.09433
mwi,1967,0.09433
mwi,1968,0.09433
mwi,1969,0.09433
mwi,1970,0.12973
mwi,1971,0.12756
mwi,1972,0.12756
mwi,1973,0.12756
mwi,1974,0.12756
mwi,1975,0.16474
mwi,1976,0.17542
mwi,1977,0.19115
mwi,1978,0.203
mwi,1979,0.21834
mwi,1980,0.23223
mwi,1981,0.23678
mwi,1982,0.2424
mwi,1983,0.24227
mwi,1984,0.24844
mwi,1985,0.2604
mwi,1986,0.26838
mwi,1987,0.27081
mwi,1988,0.26957
mwi,1989,0.28295
mwi,1990,0.279
mwi,1991,0.29
mwi,1992,0.304
mwi,1993,0.319
mwi,1994,0.325
mwi,1995,0.338
mwi,1996,0.343
mwi,1997,0.348
mwi,1998,0.346
mwi,1999,0.376
mwi,2000,0.41043
mwi,2001,0.47103
mwi,2002,0.6153
mwi,2003,0.69778
mwi,2004,0.74396
mwi,2005,0.80003
mwi,2006,0.98495
mwi,2007,1.29055
mwi,2008,0.79658
mwi,2009,0.77337
mwi,2010,1.02592
mwi,2011,1.13646
mwi,2012,1.44686
mwi,2013,0.20771
mwi,2014,0.11409
mwi,2015,0.08464
mwi,2016,0.06398
mwi,2017,0.0961
mwi,2018,0.08092
mwi,2019,0.06886
mwi,2020,0.06381
mwi,2021,0.0619
mwi,2022,0.04597
mwi,2023,0.02278
mwi,2024,0.02248
mys,1960,0.613
mys,1961,0.58876
mys,1962,0.58876
mys,1963,0.58876
mys,1964,0.58876
mys,1965,0.86899
mys,1966,0.82926
mys,1967,0.82926
mys,1968,0.82926
mys,1969,0.82926
mys,1970,1.00907
mys,1971,0.96259
mys,1972,0.96259
mys,1973,0.96259
mys,1974,0.96259
mys,1975,1.45465
mys,1976,1.63105
mys,1977,1.86239
mys,1978,2.16049
mys,1979,2.52547
mys,1980,2.99371
mys,1981,3.60254
mys,1982,4.20508
mys,1983,4.89823
mys,1984,5.78172
mys,1985,6.34491
mys,1986,6.70252
mys,1987,7.05864
mys,1988,7.55047
mys,1989,8.15612
mys,1990,8.89
mys,1991,9.91
mys,1992,11.1
mys,1993,12.5
mys,1994,14.4
mys,1995,16.4
mys,1996,18.1
mys,1997,19.8
mys,1998,20
mys,1999,19.7
mys,2000,20.14994
mys,2001,20.01809
mys,2002,19.3752
mys,2003,18.52364
mys,2004,17.60425
mys,2005,16.89749
mys,2006,16.4362
mys,2007,16.11207
mys,2008,16.37283
mys,2009,16.08546
mys,2010,16.08681
mys,2011,15.50955
mys,2012,15.4702
mys,2013,15.03201
mys,2014,14.36728
mys,2015,14.37431
mys,2016,15.21626
mys,2017,20.33896
mys,2018,22.57302
mys,2019,22.14404
mys,2020,22.03599
mys,2021,24.05637
mys,2022,24.3951
mys,2023,23.91883
mys,2024,23.11456
nam,1960,1.86383
nam,1961,1.73463
nam,1962,1.73463
nam,1963,1.73463
nam,1964,1.73463
nam,1965,2.28003
nam,1966,2.09326
nam,1967,2.09326
nam,1968,2.09326
nam,1969,2.09326
nam,1970,2.51833
nam,1971,2.32425
nam,1972,2.32425
nam,1973,2.32425
nam,1974,2.32425
nam,1975,2.73794
nam,1976,2.77211
nam,1977,2.80744
nam,1978,2.86617
nam,1979,2.92479
nam,1980,2.97133
nam,1981,3.34213
nam,1982,3.77914
nam,1983,4.16229
nam,1984,4.14315
nam,1985,4.11594
nam,1986,4.07805
nam,1987,4.03285
nam,1988,4.03734
nam,1989,3.93364
nam,1990,3.87
nam,1991,4.02
nam,1992,4.17
nam,1993,4.42
nam,1994,4.48
nam,1995,4.9
nam,1996,5.2
nam,1997,5.91
nam,1998,6.11
nam,1999,6.09
nam,2000,6.05813
nam,2001,6.32175
nam,2002,6.42407
nam,2003,6.64315
nam,2004,6.58752
nam,2005,7.06795
nam,2006,6.83588
nam,2007,6.84489
nam,2008,7.10093
nam,2009,7.15666
nam,2010,7.44441
nam,2011,7.41076
nam,2012,7.80301
nam,2013,8.1479
nam,2014,7.89715
nam,2015,7.68677
nam,2016,7.70138
nam,2017,7.70069
nam,2018,5.5007
nam,2019,5.28083
nam,2020,5.14409
nam,2021,3.26872
nam,2022,2.96969
nam,2023,2.73748
nam,2024,2.55401
ncl,1960,2.94697
ncl,1961,3.06703
ncl,1962,3.06703
ncl,1963,3.06703
ncl,1964,3.06703
ncl,1965,3.2699
ncl,1966,3.39912
ncl,1967,3.39912
ncl,1968,3.39912
ncl,1969,3.39912
ncl,1970,4.23492
ncl,1971,4.46242
ncl,1972,4.46242
ncl,1973,4.46242
ncl,1974,4.46242
ncl,1975,6.51533
ncl,1976,6.61108
ncl,1977,7.46321
ncl,1978,7.84789
ncl,1979,8.27509
ncl,1980,8.90988
ncl,1981,9.45896
ncl,1982,10.21932
ncl,1983,10.85003
ncl,1984,11.48927
ncl,1985,11.70305
ncl,1986,12.47689
ncl,1987,13.19743
ncl,1988,14.13668
ncl,1989,15.3867
ncl,1990,16.1
ncl,1991,17.4
ncl,1992,18.9
ncl,1993,20.3
ncl,1994,21.3
ncl,1995,21.8
ncl,1996,22.2
ncl,1997,22.7
ncl,1998,23
ncl,1999,23.2
ncl,2000,22.86215
ncl,2001,22.26941
ncl,2002,22.39102
ncl,2003,21.94036
ncl,2004,22.13226
ncl,2005,22.63269
ncl,2006,23.3491
ncl,2007,24.01396
ncl,2008,24.82261
ncl,2009,26.2103
ncl,2010,27.60129
ncl,2011,28.58676
ncl,2012,29.4515
ncl,2013,30.70565
ncl,2014,31.46958
ncl,2015,27.44625
ncl,2019,16.21969
ncl,2020,16.18715
ncl,2021,16.12824
ncl,2022,16.21953
ner,1960,0.02167
ner,1961,0.02237
ner,1962,0.02237
ner,1963,0.02237
ner,1964,0.02237
ner,1966,0.02237
ner,1967,0.02237
ner,1968,0.02237
ner,1969,0.02237
ner,1970,0.04711
ner,1971,0.04877
ner,1972,0.04877
ner,1973,0.04877
ner,1974,0.04877
ner,1975,0.06368
ner,1976,0.06923
ner,1977,0.08681
ner,1978,0.0895
ner,1979,0.09353
ner,1980,0.09509
ner,1981,0.0999
ner,1982,0.10662
ner,1983,0.11003
ner,1984,0.11319
ner,1985,0.11326
ner,1986,0.11204
ner,1987,0.11131
ner,1988,0.11051
ner,1989,0.11223
ner,1990,0.112
ner,1991,0.115
ner,1992,0.116
ner,1993,0.115
ner,1994,0.133
ner,1995,0.141
ner,1996,0.153
ner,1997,0.158
ner,1998,0.169
ner,1999,0.17
ner,2000,0.17369
ner,2001,0.18178
ner,2002,0.18138
ner,2003,0.17953
ner,2004,0.18122
ner,2005,0.17413
ner,2006,0.20973
ner,2007,0.28159
ner,2008,0.42142
ner,2009,0.47879
ner,2010,0.50386
ner,2011,0.49693
ner,2012,0.56365
ner,2013,0.54266
ner,2014,0.54798
ner,2015,0.55167
ner,2016,0.77758
ner,2017,0.53347
ner,2019,0.253
ner,2020,0.245
ner,2021,0.237
ner,2022,0.249
ner,2023,0.65564
ner,2024,0.4349
nga,1960,0.04573
nga,1961,0.04551
nga,1962,0.04551
nga,1963,0.04551
nga,1964,0.04551
nga,1966,0.04551
nga,1967,0.04551
nga,1968,0.04551
nga,1969,0.04551
nga,1971,0.04551
nga,1972,0.04551
nga,1973,0.04551
nga,1974,0.04551
nga,1981,0.21731
nga,1982,0.1959
nga,1983,0.23005
nga,1984,0.23674
nga,1985,0.24404
nga,1986,0.2513
nga,1987,0.25835
nga,1988,0.26068
nga,1989,0.26956
nga,1990,0.298
nga,1991,0.295
nga,1992,0.313
nga,1993,0.326
nga,1994,0.342
nga,1995,0.366
nga,1996,0.363
nga,1997,0.346
nga,1998,0.366
nga,1999,0.385
nga,2000,0.43786
nga,2001,0.46227
nga,2002,0.52595
nga,2003,0.64761
nga,2004,0.72844
nga,2005,0.84353
nga,2006,1.13228
nga,2007,1.03066
nga,2008,0.82974
nga,2009,0.91454
nga,2010,0.63023
nga,2011,0.41977
nga,2012,0.23732
nga,2013,0.19914
nga,2014,0.0986
nga,2015,0.09816
nga,2016,0.07906
nga,2017,0.06958
nga,2018,0.06855
nga,2019,0.05115
nga,2020,0.05002
nga,2021,0.04868
nga,2022,0.04347
nga,2023,0.04914
nga,2024,0.04414
nic,1970,0.69536
nic,1971,0.70642
nic,1972,0.70642
nic,1973,0.70642
nic,1974,0.70642
nic,1975,0.76806
nic,1976,0.86152
nic,1977,0.93531
nic,1978,0.97007
nic,1979,0.91208
nic,1980,0.93322
nic,1981,0.9712
nic,1982,1.02941
nic,1983,1.10327
nic,1984,1.13901
nic,1985,1.15237
nic,1986,1.14532
nic,1987,1.16508
nic,1988,1.12769
nic,1989,1.11804
nic,1990,1.11
nic,1991,1.13
nic,1992,1.25
nic,1993,1.5
nic,1994,1.87
nic,1995,2.08
nic,1996,2.36
nic,1997,2.55
nic,1998,2.89
nic,1999,3.03
nic,2000,3.27486
nic,2001,3.1006
nic,2002,3.33272
nic,2003,3.93409
nic,2004,4.06758
nic,2005,4.13449
nic,2006,4.57407
nic,2007,4.52954
nic,2008,4.56261
nic,2009,4.50246
nic,2010,4.50244
nic,2011,4.9427
nic,2012,5.06878
nic,2013,5.43081
nic,2014,5.59844
nic,2015,5.75692
nic,2016,5.88249
nic,2017,5.95064
nic,2018,5.09089
nic,2019,3.5286
nic,2020,3.41378
nic,2021,3.12393
nic,2022,3.20517
nic,2023,3.434
nic,2024,3.54001
nld,1960,9.08071
nld,1961,9.11584
nld,1962,9.11584
nld,1963,9.11584
nld,1964,9.11584
nld,1965,12.25176
nld,1966,12.2792
nld,1967,12.2792
nld,1968,12.2792
nld,1969,12.2792
nld,1970,16.8895
nld,1971,16.9359
nld,1972,16.9359
nld,1973,16.9359
nld,1974,16.9359
nld,1975,24.41092
nld,1976,26.25051
nld,1977,28.38426
nld,1978,30.68159
nld,1979,32.79705
nld,1980,34.62113
nld,1981,35.89496
nld,1982,37.00897
nld,1983,38.01068
nld,1984,39.07373
nld,1985,40.11517
nld,1986,41.31566
nld,1987,42.47954
nld,1988,43.80071
nld,1989,45.04982
nld,1990,46.2
nld,1991,47.3
nld,1992,48.4
nld,1993,49.6
nld,1994,50.8
nld,1995,52.2
nld,1996,53.9
nld,1997,56.3
nld,1998,59
nld,1999,60.3
nld,2000,61.5801
nld,2001,50.41184
nld,2002,49.27539
nld,2003,47.93818
nld,2004,47.85832
nld,2005,46.15653
nld,2006,45.16835
nld,2007,44.78943
nld,2008,44.0868
nld,2009,43.49038
nld,2010,43.12145
nld,2011,42.32969
nld,2012,42.45887
nld,2013,41.99599
nld,2014,40.78663
nld,2015,40.63455
nld,2016,39.37298
nld,2017,37.83344
nld,2018,33.86663
nld,2019,31.70348
nld,2020,27.99272
nld,2021,28.33525
nld,2022,25.52442
nld,2023,23.55669
nld,2024,21.80622
nld_curacao,2009,53.31622
nld_curacao,2010,50.25912
nld_curacao,2011,42.9285
nld_curacao,2012,39.69669
nld_curacao,2013,39.06284
nld_curacao,2014,37.04242
nld_curacao,2015,37.55492
nld_curacao,2016,35.30236
nld_curacao,2017,36.61907
nld_curacao,2018,32.38464
nld_curacao,2019,28.22579
nld_curacao,2020,28.92313
nld_curacao,2021,28.65122
nld_curacao,2022,27.28749
nld_curacao,2023,24.79358
nor,1960,12.70131
nor,1961,12.6978
nor,1962,12.6978
nor,1963,12.6978
nor,1964,12.6978
nor,1965,15.64653
nor,1966,15.6425
nor,1967,15.6425
nor,1968,15.6425
nor,1969,15.6425
nor,1970,19.15343
nor,1971,19.1509
nor,1972,19.1509
nor,1973,19.1509
nor,1974,19.1509
nor,1975,22.80493
nor,1976,23.74132
nor,1977,24.84319
nor,1978,25.97808
nor,1979,27.35809
nor,1980,29.30378
nor,1981,31.65119
nor,1982,34.64243
nor,1983,37.64483
nor,1984,40.03161
nor,1985,42.32625
nor,1986,44.66538
nor,1987,46.5408
nor,1988,47.89499
nor,1989,48.97593
nor,1990,50.3
nor,1991,51.6
nor,1992,52.9
nor,1993,54.1
nor,1994,55.2
nor,1995,56.1
nor,1996,56.7
nor,1997,63
nor,1998,55.9
nor,1999,54.8
nor,2000,53.46406
nor,2001,51.79516
nor,2002,51.05579
nor,2003,48.98741
nor,2004,47.48587
nor,2005,45.61046
nor,2006,44.09526
nor,2007,42.22047
nor,2008,39.83806
nor,2009,36.67553
nor,2010,33.69494
nor,2011,30.73323
nor,2012,27.81763
nor,2013,24.34385
nor,2014,21.03924
nor,2015,18.19945
nor,2016,15.41569
nor,2017,13.01391
nor,2018,10.64274
nor,2019,8.31381
nor,2020,6.4843
nor,2021,4.33275
nor,2022,2.66051
nor,2023,1.45509
nor,2024,1.31276
npl,1975,0.05099
npl,1976,0.05411
npl,1977,0.0591
npl,1978,0.06112
npl,1979,0.06694
npl,1980,0.07307
npl,1981,0.08015
npl,1982,0.08742
npl,1983,0.09854
npl,1984,0.10846
npl,1985,0.11796
npl,1986,0.14495
npl,1987,0.1659
npl,1988,0.20298
npl,1989,0.23743
npl,1990,0.294
npl,1991,0.324
npl,1992,0.334
npl,1993,0.343
npl,1994,0.348
npl,1995,0.376
npl,1996,0.495
npl,1997,0.603
npl,1998,0.88
npl,1999,1.05
npl,2000,1.08728
npl,2001,1.19479
npl,2002,1.29367
npl,2003,1.44739
npl,2004,1.60645
npl,2005,1.84208
npl,2006,2.30203
npl,2007,2.61727
npl,2008,2.98281
npl,2009,2.99052
npl,2010,3.07841
npl,2011,3.07867
npl,2012,3.02054
npl,2013,3.00506
npl,2014,3.02564
npl,2015,3.04396
npl,2016,3.07002
npl,2017,3.07483
npl,2018,2.84678
npl,2019,2.68177
npl,2020,2.50634
npl,2021,2.4631
npl,2022,2.70187
npl,2023,2.0334
npl,2024,1.37575
nru,1975,16.6713
nru,1976,20.53107
nru,1977,20.16129
nru,1978,21.21735
nru,1979,21.09148
nru,1981,15.60265
nru,1982,15.64129
nru,1983,15.32176
nru,1984,14.76923
nru,1985,14.43522
nru,1986,14.07294
nru,1987,13.70019
nru,1988,13.07914
nru,1989,12.89491
nru,1990,12.5
nru,1991,12.2
nru,1992,12
nru,1993,13.9
nru,1994,14.8
nru,1995,15.2
nru,1996,15.7
nru,1997,16.2
nru,1998,16.7
nru,1999,17.2
nru,2000,17.7026
nru,2001,18.26259
nru,2002,17.8536
nru,2003,17.89442
nru,2004,17.89264
nru,2005,17.91223
nru,2006,17.93901
nru,2007,17.96407
nru,2008,17.98381
nru,2009,18.96965
nru,2010,0
nru,2011,0
nru,2012,0
nru,2013,0
nru,2014,0
nru,2022,0
nzl,1960,22.55323
nzl,1961,22.6349
nzl,1962,22.6349
nzl,1963,22.6349
nzl,1964,22.6349
nzl,1965,27.10062
nzl,1966,27.221
nzl,1967,27.221
nzl,1968,27.221
nzl,1969,27.221
nzl,1970,29.77982
nzl,1971,29.8398
nzl,1972,29.8398
nzl,1973,29.8398
nzl,1974,29.8398
nzl,1975,31.88574
nzl,1976,33.72952
nzl,1977,34.08605
nzl,1978,34.74527
nzl,1979,35.09073
nzl,1980,36.11034
nzl,1981,37.12168
nzl,1982,37.5967
nzl,1983,38.06319
nzl,1984,38.75782
nzl,1985,39.62304
nzl,1986,40.46006
nzl,1987,41.52207
nzl,1988,42.40046
nzl,1989,43.31452
nzl,1990,43.2
nzl,1991,42.9
nzl,1992,43.4
nzl,1993,44.6
nzl,1994,45.8
nzl,1995,46.8
nzl,1996,46.3
nzl,1997,47
nzl,1998,47.5
nzl,1999,47.8
nzl,2000,47.46506
nzl,2001,46.84254
nzl,2002,44.67089
nzl,2003,44.69761
nzl,2004,44.08765
nzl,2005,41.81371
nzl,2006,42.12507
nzl,2007,41.36311
nzl,2008,41.06223
nzl,2009,43.44489
nzl,2010,43.24056
nzl,2011,42.89593
nzl,2012,42.61419
nzl,2013,41.53709
nzl,2014,40.90221
nzl,2015,40.09511
nzl,2016,37.3295
nzl,2017,37.19286
nzl,2018,21.89417
nzl,2019,19.38108
nzl,2020,16.64729
nzl,2021,17.77709
nzl,2022,14.77084
nzl,2023,12.81695
nzl,2024,10.81715
omn,1965,0.032
omn,1966,0.032
omn,1967,0.032
omn,1968,0.032
omn,1969,0.032
omn,1970,0.07695
omn,1971,0.07695
omn,1972,0.07695
omn,1973,0.07695
omn,1974,0.07695
omn,1975,0.41959
omn,1976,0.71692
omn,1977,0.99192
omn,1978,1.07591
omn,1979,1.02239
omn,1980,1.49743
omn,1981,1.41621
omn,1982,1.5225
omn,1983,1.57007
omn,1984,1.63451
omn,1985,2.75757
omn,1986,3.17483
omn,1987,3.51258
omn,1988,4.84599
omn,1989,5.25295
omn,1990,5.78
omn,1991,6.15
omn,1992,6.56
omn,1993,7.13
omn,1994,7.35
omn,1995,7.71
omn,1996,8.84
omn,1997,8.91
omn,1998,9.77
omn,1999,9.77
omn,2000,9.77997
omn,2001,10.04404
omn,2002,9.74899
omn,2003,9.8978
omn,2004,9.92612
omn,2005,10.56195
omn,2006,10.45042
omn,2007,11.09911
omn,2008,10.94199
omn,2009,10.43531
omn,2010,9.33576
omn,2011,8.83769
omn,2012,8.70619
omn,2013,9.33411
omn,2014,9.31641
omn,2015,10.19209
omn,2016,9.43285
omn,2017,10.92507
omn,2018,12.17648
omn,2019,12.82385
omn,2020,13.29748
omn,2021,12.63772
omn,2022,9.08151
omn,2023,11.21865
omn,2024,8.2686
pak,1960,0.14531
pak,1961,0.14843
pak,1962,0.14843
pak,1963,0.14843
pak,1964,0.14843
pak,1965,0.18518
pak,1966,0.18854
pak,1967,0.18854
pak,1968,0.18854
pak,1969,0.18854
pak,1970,0.23612
pak,1971,0.24079
pak,1972,0.24079
pak,1973,0.24079
pak,1974,0.24079
pak,1975,0.30531
pak,1976,0.32322
pak,1977,0.33402
pak,1978,0.34764
pak,1979,0.36947
pak,1980,0.37582
pak,1981,0.38795
pak,1982,0.38451
pak,1983,0.42208
pak,1984,0.46923
pak,1985,0.46918
pak,1986,0.51635
pak,1987,0.56012
pak,1988,0.58961
pak,1989,0.70942
pak,1990,0.726
pak,1991,0.93
pak,1992,1.01
pak,1993,1.2
pak,1994,1.4
pak,1995,1.58
pak,1996,1.72
pak,1997,1.79
pak,1998,1.82
pak,1999,1.91
pak,2000,1.97151
pak,2001,2.0418
pak,2002,2.23956
pak,2003,2.42201
pak,2004,2.62849
pak,2005,2.97962
pak,2006,2.91626
pak,2007,2.60509
pak,2008,2.33074
pak,2009,3.161
pak,2010,3.05116
pak,2011,2.80826
pak,2012,2.82275
pak,2013,3.01831
pak,2014,2.28587
pak,2015,1.62805
pak,2016,1.41021
pak,2017,1.31688
pak,2018,1.29324
pak,2019,1.20374
pak,2020,1.22416
pak,2021,1.07301
pak,2022,1.05882
pak,2023,1.03975
pak,2024,1.01235
pan,1978,5.9283
pan,1979,6.30291
pan,1980,6.47424
pan,1981,6.83094
pan,1982,7.10997
pan,1983,7.1482
pan,1984,7.3216
pan,1985,7.65012
pan,1986,7.86191
pan,1987,8.38836
pan,1988,8.41001
pan,1989,8.38195
pan,1990,8.8
pan,1991,9.15
pan,1992,9.48
pan,1993,10
pan,1994,10.8
pan,1995,11.2
pan,1996,11.7
pan,1997,12.9
pan,1998,14.5
pan,1999,15.7
pan,2000,14.25523
pan,2001,12.44201
pan,2002,12.36374
pan,2003,11.95749
pan,2004,13.06646
pan,2005,14.2001
pan,2006,14.46828
pan,2007,14.40731
pan,2008,14.96863
pan,2009,15.04766
pan,2010,14.86322
pan,2011,15.16673
pan,2012,15.15938
pan,2013,15.0844
pan,2014,15.11772
pan,2015,15.66744
pan,2016,16.20258
pan,2017,16.16578
pan,2018,17.47609
pan,2019,15.32944
pan,2020,18.84148
pan,2021,20.16631
pan,2022,19.15691
pan,2023,17.36044
per,1965,0.70449
per,1966,0.70871
per,1967,0.70871
per,1968,0.70871
per,1969,0.70871
per,1970,1.03227
per,1971,1.04013
per,1972,1.04013
per,1973,1.04013
per,1974,1.04013
per,1975,1.54778
per,1976,1.60487
per,1977,1.6475
per,1978,1.68164
per,1979,1.68238
per,1980,1.73112
per,1981,1.79369
per,1982,1.80413
per,1983,1.92076
per,1984,1.99258
per,1985,2.09058
per,1986,2.20362
per,1987,2.19676
per,1988,2.31463
per,1989,2.45406
per,1990,2.56
per,1991,2.4
per,1992,2.67
per,1993,2.87
per,1994,3.23
per,1995,4.56
per,1996,5.78
per,1997,6.51
per,1998,6.04
per,1999,6.45
per,2000,6.45573
per,2001,5.82599
per,2002,6.07084
per,2003,6.66836
per,2004,7.87586
per,2005,8.54991
per,2006,9.0354
per,2007,9.96929
per,2008,10.70867
per,2009,12.28028
per,2010,10.86393
per,2011,11.09212
per,2012,11.55816
per,2013,10.75157
per,2014,10.06964
per,2015,9.55917
per,2016,9.96052
per,2017,9.83902
per,2018,9.05584
per,2019,7.60112
per,2020,6.72649
per,2021,6.43979
per,2022,5.37023
per,2023,4.44488
per,2024,4.08214
phl,1965,0.25301
phl,1966,0.26852
phl,1967,0.26852
phl,1968,0.26852
phl,1969,0.26852
phl,1970,0.47281
phl,1971,0.49436
phl,1972,0.49436
phl,1973,0.49436
phl,1974,0.49436
phl,1975,0.6699
phl,1976,0.69926
phl,1977,0.81529
phl,1978,0.80844
phl,1979,0.82495
phl,1980,0.86742
phl,1981,0.8914
phl,1982,0.94377
phl,1983,0.93902
phl,1984,0.94378
phl,1985,0.93093
phl,1986,0.95403
phl,1987,0.951
phl,1988,0.97121
phl,1989,0.98333
phl,1990,0.971
phl,1991,1.01
phl,1992,1
phl,1993,1.27
phl,1994,1.61
phl,1995,2
phl,1996,2.48
phl,1997,2.81
phl,1998,3.29
phl,1999,3.72
phl,2000,3.84474
phl,2001,4.07252
phl,2002,3.98577
phl,2003,3.94185
phl,2004,3.97883
phl,2005,3.82573
phl,2006,4.05902
phl,2007,4.32619
phl,2008,4.39717
phl,2009,4.34395
phl,2010,3.46221
phl,2011,3.61934
phl,2012,3.48704
phl,2013,3.08478
phl,2014,2.98094
phl,2015,3.06115
phl,2016,3.5433
phl,2017,3.85062
phl,2018,3.77511
phl,2019,3.84082
phl,2020,4.22122
phl,2021,4.13147
phl,2022,4.21134
phl,2023,4.02738
phl,2024,3.81753
plw,2002,35.52274
plw,2003,37.48919
plw,2004,39.10696
plw,2005,40.24926
plw,2006,37.3909
plw,2007,38.72138
plw,2008,38.85528
plw,2009,38.14742
plw,2010,37.92129
plw,2011,38.25644
plw,2012,41.23276
plw,2013,41.15481
plw,2014,40.22015
plw,2015,40.54024
plw,2019,44.94887
plw,2020,44.96403
plw,2021,44.98679
plw,2022,34.65285
plw,2023,45.1
png,1965,0.19184
png,1966,0.17152
png,1967,0.17152
png,1968,0.17152
png,1969,0.17152
png,1970,0.42185
png,1971,0.37727
png,1972,0.37727
png,1973,0.37727
png,1974,0.37727
png,1975,0.62624
png,1976,0.62328
png,1977,0.63066
png,1978,0.69472
png,1979,0.74953
png,1980,0.8188
png,1981,0.80636
png,1982,0.77991
png,1983,0.83449
png,1984,0.83003
png,1985,0.87023
png,1986,0.84419
png,1987,0.84514
png,1988,0.84228
png,1989,0.82333
png,1990,0.775
png,1991,0.842
png,1992,0.875
png,1993,0.91
png,1994,0.893
png,1995,0.94
png,1996,0.972
png,1997,1.08
png,1998,1.1
png,1999,1.12
png,2000,1.17093
png,2001,1.07551
png,2002,1.04759
png,2003,1.02686
png,2004,1.00277
png,2005,0.97492
png,2006,0.91142
png,2007,0.86165
png,2008,0.93061
png,2009,1.23035
png,2010,1.58737
png,2011,1.65408
png,2012,1.72
png,2013,1.6862
png,2014,1.70236
png,2015,1.71561
png,2016,1.71842
png,2017,1.72137
png,2019,1.72755
png,2020,1.69116
png,2021,1.65786
png,2022,1.69252
pol,1960,1.81364
pol,1961,1.80725
pol,1962,1.80725
pol,1963,1.80725
pol,1964,1.80725
pol,1965,2.51088
pol,1966,2.49993
pol,1967,2.49993
pol,1968,2.49993
pol,1969,2.49993
pol,1970,3.29404
pol,1971,3.27826
pol,1972,3.27826
pol,1973,3.27826
pol,1974,3.27826
pol,1975,4.08852
pol,1976,4.58082
pol,1977,4.83485
pol,1978,5.04722
pol,1979,5.2631
pol,1980,5.46994
pol,1981,5.64278
pol,1982,5.82666
pol,1983,6.0681
pol,1984,6.37049
pol,1985,6.69044
pol,1986,7.01211
pol,1987,7.36809
pol,1988,7.80916
pol,1989,8.23532
pol,1990,8.65
pol,1991,9.34
pol,1992,10.3
pol,1993,11.5
pol,1994,13.1
pol,1995,14.9
pol,1996,17
pol,1997,19.6
pol,1998,23
pol,1999,26.6
pol,2000,28.60982
pol,2001,29.80598
pol,2002,31.02655
pol,2003,32.17622
pol,2004,32.89043
pol,2005,31.04639
pol,2006,30.14253
pol,2007,27.59193
pol,2008,24.88144
pol,2009,22.34992
pol,2010,20.12604
pol,2011,17.93468
pol,2012,15.55877
pol,2013,21.58282
pol,2014,25.43293
pol,2015,23.65958
pol,2016,21.28189
pol,2017,19.3764
pol,2018,17.1942
pol,2019,15.81378
pol,2020,15.13564
pol,2021,13.96324
pol,2022,13.64318
pol,2023,12.63971
pol,2024,11.45492
prk,1983,2.66363
prk,1984,2.62534
prk,1985,2.58726
prk,1986,2.54932
prk,1987,2.51207
prk,1988,2.47556
prk,1989,2.43962
prk,1990,2.37
prk,1991,2.33
prk,1992,2.3
prk,1993,2.27
prk,1994,2.23
prk,1995,2.21
prk,1996,2.18
prk,1997,2.16
prk,1998,2.14
prk,1999,2.13
prk,2000,2.11274
prk,2001,3.61112
prk,2002,3.8256
prk,2003,4.06801
prk,2004,4.12287
prk,2005,4.09896
prk,2006,4.07755
prk,2007,4.78772
prk,2008,4.76486
prk,2009,4.74308
prk,2010,4.72241
prk,2011,4.70159
prk,2012,4.68036
prk,2013,4.65861
prk,2014,4.63631
prk,2015,4.61382
prk,2016,4.59174
prk,2017,4.57051
prk,2019,4.5319
prk,2020,4.51479
prk,2021,4.49823
prk,2022,4.48344
prt,1960,1.07737
prt,1961,1.08198
prt,1962,1.08198
prt,1963,1.08198
prt,1964,1.08198
prt,1965,4.59597
prt,1966,4.61507
prt,1967,4.61507
prt,1968,4.61507
prt,1969,4.61507
prt,1970,6.24163
prt,1971,6.26493
prt,1972,6.26493
prt,1973,6.26493
prt,1974,6.26493
prt,1975,8.45403
prt,1976,8.79512
prt,1977,9.13688
prt,1978,9.44101
prt,1979,9.70041
prt,1980,10.11185
prt,1981,10.72671
prt,1982,11.60396
prt,1983,12.55962
prt,1984,13.2808
prt,1985,14.00853
prt,1986,15.08935
prt,1987,16.52966
prt,1988,18.44946
prt,1989,21.84562
prt,1990,23.8
prt,1991,27
prt,1992,30.3
prt,1993,32.7
prt,1994,34.7
prt,1995,36.3
prt,1996,38
prt,1997,39.6
prt,1998,40.5
prt,1999,41.4
prt,2000,42.01998
prt,2001,42.35384
prt,2002,41.7796
prt,2003,40.95101
prt,2004,40.43618
prt,2005,40.30947
prt,2006,40.30531
prt,2007,39.85844
prt,2008,39.38023
prt,2009,40.9246
prt,2010,42.40812
prt,2011,43.02869
prt,2012,43.35594
prt,2013,43.31292
prt,2014,44.09452
prt,2015,45.15792
prt,2016,46.27397
prt,2017,46.76563
prt,2018,49.13939
prt,2019,49.19354
prt,2020,50.26482
prt,2021,51.19297
prt,2022,52.19865
prt,2023,52.74403
prt,2024,53.00288
pry,1960,0.43218
pry,1961,0.4301
pry,1962,0.4301
pry,1963,0.4301
pry,1964,0.4301
pry,1965,0.4568
pry,1966,0.45067
pry,1967,0.45067
pry,1968,0.45067
pry,1969,0.45067
pry,1970,0.75968
pry,1971,0.73942
pry,1972,0.73942
pry,1973,0.73942
pry,1974,0.73942
pry,1975,1.10426
pry,1976,1.14845
pry,1977,1.23652
pry,1978,1.37305
pry,1979,1.5287
pry,1980,1.60797
pry,1981,1.7305
pry,1982,1.87239
pry,1983,2.02293
pry,1984,2.11839
pry,1985,2.1817
pry,1986,2.21984
pry,1987,2.29031
pry,1988,2.45498
pry,1989,2.61492
pry,1990,2.79
pry,1991,2.9
pry,1992,3.01
pry,1993,3.26
pry,1994,3.38
pry,1995,3.64
pry,1996,3.76
pry,1997,4.55
pry,1998,5.32
pry,1999,5.36
pry,2000,5.54629
pry,2001,5.56737
pry,2002,5.19295
pry,2003,5.27163
pry,2004,5.63131
pry,2005,5.87901
pry,2006,6.01366
pry,2007,7.0946
pry,2008,6.59795
pry,2009,6.82952
pry,2010,6.32513
pry,2011,6.34342
pry,2012,6.96943
pry,2013,7.31545
pry,2014,6.12708
pry,2015,5.59908
pry,2016,5.60806
pry,2017,4.64262
pry,2018,4.71038
pry,2019,4.18501
pry,2020,3.77409
pry,2021,3.05155
pry,2022,2.49268
pry,2023,3.00273
pse,1992,3.14
pse,1993,3.09
pse,1994,3.1
pse,1995,3.03
pse,1996,3.04
pse,1997,3.88
pse,1998,5.65
pse,1999,7.27
pse,2000,8.6367
pse,2001,7.87155
pse,2002,7.28078
pse,2003,7.16566
pse,2004,7.81134
pse,2005,9.47391
pse,2006,8.83376
pse,2007,9.33414
pse,2008,9.26613
pse,2009,9.39028
pse,2010,8.97211
pse,2011,9.29807
pse,2012,9.34403
pse,2013,9.33953
pse,2014,9.12882
pse,2015,8.99025
pse,2016,9.32494
pse,2017,10.04143
pse,2018,9.6842
pse,2019,9.42337
pse,2020,9.19746
pse,2021,9.36929
pse,2022,8.62738
pse,2023,7.0926
pyf,1960,0.97465
pyf,1961,1.05922
pyf,1962,1.05922
pyf,1963,1.05922
pyf,1964,1.05922
pyf,1965,1.92553
pyf,1966,2.03343
pyf,1967,2.03343
pyf,1968,2.03343
pyf,1969,2.03343
pyf,1970,3.39296
pyf,1971,3.62007
pyf,1972,3.62007
pyf,1973,3.62007
pyf,1974,3.62007
pyf,1975,4.86294
pyf,1976,5.54185
pyf,1977,6.03998
pyf,1978,6.50428
pyf,1979,6.93731
pyf,1980,7.64101
pyf,1981,7.81565
pyf,1982,9.00529
pyf,1983,10.05351
pyf,1984,11.17688
pyf,1985,12.68806
pyf,1986,13.9441
pyf,1987,14.83318
pyf,1988,15.69595
pyf,1989,16.51974
pyf,1990,18.7
pyf,1991,19.8
pyf,1992,20.6
pyf,1993,20.9
pyf,1994,21.5
pyf,1995,21.9
pyf,1996,22.7
pyf,1997,22.8
pyf,1998,22.8
pyf,1999,22.1
pyf,2000,22.33905
pyf,2001,21.85607
pyf,2002,21.45737
pyf,2003,21.26794
pyf,2004,20.83871
pyf,2005,20.57324
pyf,2006,20.38196
pyf,2007,20.30454
pyf,2008,20.32685
pyf,2009,20.15727
pyf,2010,20.30527
pyf,2011,20.2409
pyf,2012,22.90467
pyf,2013,22.49243
pyf,2014,22.0506
pyf,2015,21.84254
pyf,2016,21.68151
pyf,2017,30.93003
pyf,2018,32.26346
pyf,2019,33.68765
pyf,2020,33.66654
pyf,2021,47.92632
pyf,2022,49.45395
pyf,2023,23.46666
qat,1960,1.64903
qat,1961,1.26625
qat,1962,1.26625
qat,1963,1.26625
qat,1964,1.26625
qat,1965,4.62663
qat,1966,4.07426
qat,1967,4.07426
qat,1968,4.07426
qat,1969,4.07426
qat,1970,6.864
qat,1971,7.39631
qat,1972,7.39631
qat,1973,7.39631
qat,1974,7.39631
qat,1975,6.3063
qat,1976,6.77757
qat,1977,7.52717
qat,1978,7.42948
qat,1979,8.44958
qat,1980,11.02901
qat,1981,13.9715
qat,1982,16.60802
qat,1983,18.27788
qat,1984,18.61728
qat,1985,18.9962
qat,1986,19.42861
qat,1987,19.49566
qat,1988,20.19086
qat,1989,20.82779
qat,1990,20.9
qat,1991,21.3
qat,1992,22.5
qat,1993,22.8
qat,1994,23.2
qat,1995,23.9
qat,1996,25.2
qat,1997,25.8
qat,1998,25.9
qat,1999,25.3
qat,2000,24.83624
qat,2001,24.69978
qat,2002,24.81971
qat,2003,24.77675
qat,2004,24.68228
qat,2005,24.88297
qat,2006,23.47037
qat,2007,19.64
qat,2008,18.63185
qat,2009,18.15466
qat,2010,15.7966
qat,2011,17.06287
qat,2012,20.6808
qat,2013,20.29793
qat,2014,18.82412
qat,2015,18.9462
qat,2016,17.97157
qat,2017,17.05248
qat,2018,16.37323
qat,2019,16.48685
qat,2020,16.21977
qat,2021,16.34966
qat,2022,18.10797
qat,2023,17.64174
qat,2024,17.21031
rou,1965,1.60066
rou,1966,1.57898
rou,1967,1.57898
rou,1968,1.57898
rou,1969,1.57898
rou,1970,2.20855
rou,1971,2.14123
rou,1972,2.14123
rou,1973,2.14123
rou,1974,2.14123
rou,1975,4.0487
rou,1976,4.58749
rou,1977,5.22633
rou,1978,5.95128
rou,1979,6.72926
rou,1980,7.31292
rou,1981,7.64475
rou,1982,7.83662
rou,1983,8.03436
rou,1984,8.45759
rou,1985,8.71462
rou,1986,9.2225
rou,1987,9.58436
rou,1988,9.93088
rou,1989,10.25925
rou,1990,10.3
rou,1991,10.7
rou,1992,11.2
rou,1993,11.4
rou,1994,12.3
rou,1995,13.1
rou,1996,14.1
rou,1997,15.2
rou,1998,16.1
rou,1999,16.9
rou,2000,17.68647
rou,2001,18.77744
rou,2002,19.36257
rou,2003,20.05962
rou,2004,20.50159
rou,2005,20.66148
rou,2006,19.95652
rou,2007,21.15883
rou,2008,22.9261
rou,2009,22.98691
rou,2010,22.02366
rou,2011,23.07463
rou,2012,23.06725
rou,2013,23.52599
rou,2014,22.83634
rou,2015,21.48858
rou,2016,20.78166
rou,2017,19.75682
rou,2018,18.6755
rou,2019,17.33196
rou,2020,15.59884
rou,2021,13.53896
rou,2022,11.59298
rou,2023,10.25186
rou,2024,9.06123
rus,1975,4.40941
rus,1976,4.82926
rus,1977,5.68629
rus,1978,6.16469
rus,1979,6.7085
rus,1980,7.02628
rus,1981,7.9356
rus,1982,8.45274
rus,1983,9.0041
rus,1984,9.58866
rus,1985,10.21284
rus,1986,10.87535
rus,1987,11.57668
rus,1988,12.32763
rus,1989,13.14142
rus,1990,13.9
rus,1991,14.9
rus,1992,15.3
rus,1993,15.8
rus,1994,16.3
rus,1995,16.9
rus,1996,17.5
rus,1997,19.1
rus,1998,19.8
rus,1999,21
rus,2000,21.85829
rus,2001,22.77499
rus,2002,24.32515
rus,2003,24.76093
rus,2004,26.51879
rus,2005,27.73208
rus,2006,30.46433
rus,2007,31.43215
rus,2008,31.66588
rus,2009,31.54228
rus,2010,31.20575
rus,2011,30.65142
rus,2012,29.22454
rus,2013,27.98894
rus,2014,26.36702
rus,2015,24.46763
rus,2016,22.14083
rus,2017,21.85702
rus,2018,20.56154
rus,2019,18.88593
rus,2020,17.68954
rus,2021,16.36365
rus,2022,15.10336
rus,2023,14.31261
rwa,1960,0.04605
rwa,1961,0.04653
rwa,1962,0.04653
rwa,1963,0.04653
rwa,1964,0.04653
rwa,1965,0.01792
rwa,1966,0.01854
rwa,1967,0.01854
rwa,1968,0.01854
rwa,1969,0.01854
rwa,1970,0.0308
rwa,1971,0.03194
rwa,1972,0.03194
rwa,1973,0.03194
rwa,1974,0.03194
rwa,1975,0.05093
rwa,1976,0.04948
rwa,1977,0.05227
rwa,1978,0.05486
rwa,1979,0.05518
rwa,1980,0.06289
rwa,1981,0.06137
rwa,1982,0.07136
rwa,1983,0.07963
rwa,1984,0.08098
rwa,1985,0.08247
rwa,1986,0.08378
rwa,1987,0.0974
rwa,1988,0.1175
rwa,1989,0.129
rwa,1990,0.141
rwa,1991,0.15
rwa,1992,0.153
rwa,1993,0.138
rwa,1994,0.147
rwa,1995,0.122
rwa,1996,0.153
rwa,1997,0.15
rwa,1998,0.134
rwa,1999,0.155
rwa,2000,0.21388
rwa,2001,0.25944
rwa,2002,0.29886
rwa,2003,0.29772
rwa,2004,0.26055
rwa,2005,0.26065
rwa,2006,0.25122
rwa,2007,0.24213
rwa,2008,0.17105
rwa,2009,0.3325
rwa,2010,0.38443
rwa,2011,0.3679
rwa,2012,0.40963
rwa,2013,0.4087
rwa,2014,0.43654
rwa,2015,0.1459
rwa,2016,0.11245
rwa,2017,0.10107
rwa,2018,0.10378
rwa,2019,0.08917
rwa,2020,0.08932
rwa,2021,0.08905
rwa,2022,0.07565
rwa,2023,0.05992
rwa,2024,0.06492
sau,1970,1.53287
sau,1971,1.60373
sau,1972,1.60373
sau,1973,1.60373
sau,1974,1.60373
sau,1975,1.74738
sau,1976,1.6948
sau,1977,1.74753
sau,1978,2.13818
sau,1979,2.86395
sau,1980,3.14181
sau,1981,4.79673
sau,1982,6.194
sau,1983,6.73174
sau,1984,7.22941
sau,1985,7.02786
sau,1986,7.10029
sau,1987,7.1256
sau,1988,7.26827
sau,1989,7.32537
sau,1990,11.6
sau,1991,13.1
sau,1992,13.4
sau,1993,13.2
sau,1994,13.1
sau,1995,12.9
sau,1996,13
sau,1997,13.1
sau,1998,14.5
sau,1999,17.5
sau,2000,18.326
sau,2001,18.97101
sau,2002,19.07776
sau,2003,18.64413
sau,2004,18.78612
sau,2005,18.6966
sau,2006,18.41173
sau,2007,17.86456
sau,2008,17.60573
sau,2009,17.22297
sau,2010,16.55893
sau,2011,17.74772
sau,2012,17.7435
sau,2013,17.62495
sau,2015,12.50013
sau,2016,13.79908
sau,2017,15.13799
sau,2018,17.74208
sau,2019,17.64845
sau,2020,18.55061
sau,2021,21.05003
sau,2022,21.05112
sau,2023,20.40655
sau,2024,19.74808
sdn,1960,0.20824
sdn,1961,0.16693
sdn,1962,0.16693
sdn,1963,0.16693
sdn,1964,0.16693
sdn,1965,0.27798
sdn,1966,0.22683
sdn,1967,0.22683
sdn,1968,0.22683
sdn,1969,0.22683
sdn,1970,0.29455
sdn,1971,0.24173
sdn,1972,0.24173
sdn,1973,0.24173
sdn,1974,0.24173
sdn,1975,0.31339
sdn,1976,0.30712
sdn,1977,0.29658
sdn,1978,0.28737
sdn,1979,0.27725
sdn,1980,0.27202
sdn,1981,0.26358
sdn,1982,0.26633
sdn,1983,0.27682
sdn,1984,0.28683
sdn,1985,0.29534
sdn,1986,0.2924
sdn,1987,0.29038
sdn,1988,0.28845
sdn,1989,0.28959
sdn,1990,0.282
sdn,1991,0.283
sdn,1992,0.279
sdn,1993,0.273
sdn,1994,0.266
sdn,1995,0.304
sdn,1996,0.392
sdn,1997,0.436
sdn,1998,0.613
sdn,1999,0.927
sdn,2000,1.39044
sdn,2001,1.57101
sdn,2002,2.29857
sdn,2003,3.13338
sdn,2004,3.36719
sdn,2005,1.82327
sdn,2006,1.55974
sdn,2007,1.05357
sdn,2008,1.0891
sdn,2009,1.07154
sdn,2010,1.53888
sdn,2011,1.33815
sdn,2012,1.14992
sdn,2013,1.09981
sdn,2014,1.06922
sdn,2015,0.2972
sdn,2016,0.33076
sdn,2017,0.33544
sdn,2018,0.30957
sdn,2019,0.30263
sdn,2020,0.27658
sdn,2021,0.27355
sdn,2022,0.3155
sen,1960,0.29005
sen,1961,0.29606
sen,1962,0.29606
sen,1963,0.29606
sen,1964,0.29606
sen,1965,0.26519
sen,1966,0.27153
sen,1967,0.27153
sen,1968,0.27153
sen,1969,0.27153
sen,1970,0.25272
sen,1971,0.25926
sen,1972,0.25926
sen,1973,0.25926
sen,1974,0.25926
sen,1975,0.2859
sen,1976,0.28758
sen,1977,0.28727
sen,1978,0.28692
sen,1979,0.3109
sen,1980,0.31559
sen,1981,0.32296
sen,1982,0.32338
sen,1983,0.32172
sen,1984,0.33243
sen,1985,0.33989
sen,1986,0.36965
sen,1987,0.39657
sen,1988,0.40673
sen,1989,0.49395
sen,1990,0.574
sen,1991,0.61
sen,1992,0.711
sen,1993,0.761
sen,1994,0.836
sen,1995,0.927
sen,1996,1.05
sen,1997,1.25
sen,1998,1.47
sen,1999,1.7
sen,2000,2.06544
sen,2001,2.32215
sen,2002,2.14617
sen,2003,2.1345
sen,2004,2.23173
sen,2005,2.37295
sen,2006,2.45714
sen,2007,2.28615
sen,2008,1.97322
sen,2009,2.2597
sen,2010,2.70555
sen,2011,2.67311
sen,2012,2.55452
sen,2013,2.50691
sen,2014,2.20423
sen,2015,2.05723
sen,2016,1.90184
sen,2017,1.8781
sen,2018,1.89917
sen,2019,1.26945
sen,2020,1.36262
sen,2021,1.51816
sen,2022,1.68288
sen,2023,2.20738
sen,2024,1.60548
sgp,1960,2.318
sgp,1961,2.27251
sgp,1962,2.27251
sgp,1963,2.27251
sgp,1964,2.27251
sgp,1965,3.1375
sgp,1966,3.10881
sgp,1967,3.10881
sgp,1968,3.10881
sgp,1969,3.10881
sgp,1970,5.16255
sgp,1971,5.13651
sgp,1972,5.13651
sgp,1973,5.13651
sgp,1974,5.13651
sgp,1975,9.42428
sgp,1976,11.81567
sgp,1977,14.82859
sgp,1978,17.88
sgp,1979,20.35438
sgp,1980,22.35163
sgp,1981,24.04828
sgp,1982,25.6465
sgp,1983,27.04255
sgp,1984,28.94657
sgp,1985,29.97505
sgp,1986,30.59842
sgp,1987,31.48079
sgp,1988,32.58871
sgp,1989,33.88245
sgp,1990,34.7
sgp,1991,35.1
sgp,1992,36.2
sgp,1993,37.5
sgp,1994,39
sgp,1995,40.4
sgp,1996,42.6
sgp,1997,44.4
sgp,1998,45.6
sgp,1999,47.3
sgp,2000,48.22508
sgp,2001,47.31345
sgp,2002,46.47336
sgp,2003,45.65945
sgp,2004,44.50284
sgp,2005,43.21094
sgp,2006,42.05754
sgp,2007,40.5046
sgp,2008,39.02852
sgp,2009,38.8623
sgp,2010,39.31642
sgp,2011,38.94263
sgp,2012,37.54907
sgp,2013,36.5234
sgp,2014,36.58367
sgp,2015,36.48825
sgp,2016,35.82691
sgp,2017,35.54019
sgp,2018,35.51418
sgp,2019,33.70983
sgp,2020,33.64679
sgp,2021,34.28238
sgp,2022,34.64495
sgp,2023,32.82899
sgp,2024,34.99082
slb,1982,0.5994
slb,1983,0.65651
slb,1984,0.74651
slb,1985,0.80604
slb,1986,0.86624
slb,1987,0.94039
slb,1988,1.04873
slb,1989,1.19214
slb,1990,1.41
slb,1991,1.42
slb,1992,1.46
slb,1993,1.5
slb,1994,1.61
slb,1995,1.69
slb,1996,1.82
slb,1997,1.89
slb,1998,1.89
slb,1999,1.89
slb,2000,1.74564
slb,2001,1.6452
slb,2002,1.4423
slb,2003,1.33818
slb,2004,1.46689
slb,2005,1.53329
slb,2006,1.54599
slb,2007,1.55951
slb,2008,1.57236
slb,2009,1.58258
slb,2010,1.57608
slb,2011,1.51751
slb,2012,1.40515
slb,2013,1.28045
slb,2014,1.21979
slb,2015,1.16325
slb,2016,1.11794
slb,2017,1.07996
slb,2018,1.04781
slb,2019,0.97563
slb,2020,0.94023
slb,2021,0.91792
slb,2022,0.89339
sle,1965,0.10712
sle,1966,0.10765
sle,1967,0.10765
sle,1968,0.10765
sle,1969,0.10765
sle,1971,0.10765
sle,1972,0.10765
sle,1973,0.10765
sle,1974,0.10765
sle,1980,0.34002
sle,1981,0.33458
sle,1982,0.34338
sle,1983,0.3539
sle,1984,0.39959
sle,1985,0.33845
sle,1986,0.39293
sle,1987,0.32043
sle,1988,0.31187
sle,1989,0.3092
sle,1990,0.316
sle,1991,0.319
sle,1992,0.332
sle,1993,0.348
sle,1994,0.378
sle,1995,0.398
sle,1996,0.409
sle,1997,0.409
sle,1998,0.405
sle,1999,0.422
sle,2000,0.42906
sle,2001,0.48469
sle,2002,0.48276
sle,2003,0.48864
sle,2004,0.4948
sle,2005,0.5053
sle,2006,0.5156
sle,2007,0.52702
sle,2008,0.53438
sle,2009,0.54164
sle,2010,0.22498
sle,2011,0.2505
sle,2012,0.27476
sle,2013,0.23831
sle,2014,0.23995
sle,2015,0.24156
sle,2016,0.23594
sle,2017,0.23037
sle,2018,0.05761
sle,2019,0.00616
sle,2020,0.00239
sle,2021,0.00332
sle,2022,0.00325
slv,1965,0.38371
slv,1966,0.38109
slv,1967,0.38109
slv,1968,0.38109
slv,1969,0.38109
slv,1970,0.79302
slv,1971,0.78136
slv,1972,0.78136
slv,1973,0.78136
slv,1974,0.78136
slv,1975,1.17986
slv,1976,1.31993
slv,1977,1.45653
slv,1978,1.47617
slv,1979,1.51352
slv,1980,1.52657
slv,1981,1.59787
slv,1982,1.73054
slv,1983,1.71543
slv,1984,1.8037
slv,1985,1.85566
slv,1986,1.83315
slv,1987,1.93612
slv,1988,2.04377
slv,1989,2.27416
slv,1990,2.31
slv,1991,2.37
slv,1992,2.95
slv,1993,3.07
slv,1994,4.13
slv,1995,4.94
slv,1996,5.6
slv,1997,6.17
slv,1998,6.57
slv,1999,8.38
slv,2000,10.52072
slv,2001,10.88928
slv,2002,11.15317
slv,2003,12.54701
slv,2004,14.78542
slv,2005,16.17588
slv,2006,17.27294
slv,2007,17.97196
slv,2008,17.86575
slv,2009,18.17257
slv,2010,16.49407
slv,2011,16.90838
slv,2012,17.32097
slv,2013,15.64685
slv,2014,15.4759
slv,2015,15.2703
slv,2016,15.17843
slv,2017,14.94211
slv,2018,14.84016
slv,2019,14.36169
slv,2020,14.33916
slv,2021,13.68478
slv,2022,13.73683
slv,2023,13.93868
slv,2024,13.96456
smr,1983,31.85873
smr,1984,32.58508
smr,1985,34.17113
smr,1986,36.62349
smr,1987,38.32954
smr,1988,39.12696
smr,1989,42.35846
smr,1990,43.6
smr,1991,45.4
smr,1992,56
smr,1993,57.6
smr,1994,58.1
smr,1995,63.9
smr,1996,67
smr,1997,68
smr,1998,74
smr,1999,75.2
smr,2000,75.75656
smr,2001,75.5296
smr,2002,74.93725
smr,2003,74.30593
smr,2004,73.58792
smr,2005,72.97004
smr,2006,72.55891
smr,2007,71.90613
smr,2008,71.71476
smr,2009,67.88966
smr,2010,63.85841
smr,2011,58.08387
smr,2012,55.87594
smr,2013,55.77632
smr,2014,55.15196
smr,2015,48.81862
smr,2016,46.83704
smr,2017,52.35907
smr,2018,47.78592
smr,2019,46.17205
smr,2020,46.018
smr,2021,46.28023
smr,2022,46.93458
som,1960,0.04351
som,1961,0.04532
som,1962,0.04532
som,1963,0.04532
som,1964,0.04532
som,1966,0.04532
som,1967,0.04532
som,1968,0.04532
som,1969,0.04532
som,1971,0.04532
som,1972,0.04532
som,1973,0.04532
som,1974,0.04532
som,1981,0.1348
som,1982,0.13441
som,1983,0.13024
som,1984,0.12561
som,1985,0.12065
som,1986,0.21712
som,1987,0.20956
som,1988,0.20948
som,1989,0.21321
som,1990,0.212
som,1991,0.22
som,1992,0.231
som,1993,0.225
som,1994,0.213
som,1995,0.206
som,1996,0.199
som,1997,0.192
som,1998,0.282
som,1999,0.283
som,2000,0.28285
som,2001,0.3805
som,2002,0.36649
som,2003,1.00917
som,2004,0.97267
som,2005,0.93948
som,2006,0.91112
som,2007,0.88319
som,2008,0.85741
som,2009,0.83604
som,2010,0.81554
som,2011,0.72881
som,2012,0.56175
som,2013,0.4973
som,2014,0.4288
som,2015,0.36938
som,2016,0.33452
som,2018,0.48406
som,2019,0.56765
som,2020,0.54651
som,2021,0.52688
som,2022,0.51118
som,2023,0.29961
srb,2004,29.05466
srb,2005,33.80968
srb,2006,36.58324
srb,2007,40.47661
srb,2008,41.91558
srb,2009,42.39942
srb,2010,42.66647
srb,2011,41.97816
srb,2012,41.43764
srb,2013,42.40566
srb,2014,40.14586
srb,2015,39.15088
srb,2016,38.12948
srb,2017,37.27233
srb,2018,36.97269
srb,2019,37.03625
srb,2020,37.4334
srb,2021,37.37291
srb,2022,38.23559
srb,2023,37.41294
srb,2024,36.68861
ssd,2010,0.02463
ssd,2011,0.02138
ssd,2012,0.00139
ssd,2013,0
ssd,2014,0
ssd,2015,0
ssd,2016,0
ssd,2017,0
ssd,2018,0
ssd,2022,0
ssd,2023,0
stp,1960,0.51736
stp,1961,0.54742
stp,1962,0.54742
stp,1963,0.54742
stp,1964,0.54742
stp,1966,0.54742
stp,1967,0.54742
stp,1968,0.54742
stp,1969,0.54742
stp,1971,0.54742
stp,1972,0.54742
stp,1973,0.54742
stp,1974,0.54742
stp,1975,0.58115
stp,1976,0.56768
stp,1977,0.66446
stp,1978,0.64754
stp,1981,0.80468
stp,1982,1.21072
stp,1983,1.51486
stp,1984,1.68904
stp,1985,1.75786
stp,1986,1.83635
stp,1987,1.89678
stp,1988,1.95611
stp,1989,1.87322
stp,1990,1.79
stp,1991,1.76
stp,1992,1.84
stp,1993,1.83
stp,1994,1.85
stp,1995,1.85
stp,1996,1.9
stp,1997,3.1
stp,1998,3.05
stp,1999,3.18
stp,2000,3.20377
stp,2001,3.71716
stp,2002,4.24621
stp,2003,4.53145
stp,2004,4.47037
stp,2005,4.39993
stp,2006,4.58409
stp,2007,4.51031
stp,2008,4.39776
stp,2009,4.32604
stp,2010,4.29258
stp,2011,4.28766
stp,2012,4.24147
stp,2013,3.61174
stp,2014,3.45586
stp,2015,3.21582
stp,2016,2.81458
stp,2017,2.69073
stp,2018,2.52109
stp,2019,2.24188
stp,2020,1.28314
stp,2021,1.17994
stp,2022,1.10515
stp,2023,0.84766
stp,2024,0.75615
sur,1975,2.6761
sur,1976,2.83174
sur,1977,3.20313
sur,1978,3.48273
sur,1979,3.79768
sur,1980,4.05292
sur,1981,4.30321
sur,1982,4.38736
sur,1983,5.56576
sur,1984,6.75297
sur,1985,7.13974
sur,1986,7.62108
sur,1987,7.81093
sur,1988,7.97135
sur,1989,8.30076
sur,1990,8.89
sur,1991,9.77
sur,1992,10.4
sur,1993,11.3
sur,1994,12
sur,1995,12.6
sur,1996,13
sur,1997,14.3
sur,1998,14.7
sur,1999,15.2
sur,2000,15.79967
sur,2001,15.90061
sur,2002,15.8453
sur,2003,15.76082
sur,2004,15.89907
sur,2005,15.60831
sur,2006,15.5239
sur,2007,15.4421
sur,2008,15.44919
sur,2009,15.4069
sur,2010,15.44889
sur,2011,15.09791
sur,2012,15.36508
sur,2013,14.92759
sur,2014,14.75565
sur,2015,15.80326
sur,2016,15.14742
sur,2017,14.99546
sur,2018,14.69493
sur,2019,15.31213
sur,2020,16.86055
sur,2021,19.41702
sur,2022,17.37103
sur,2023,20.49783
sur,2024,19.55516
svk,1960,1.92331
svk,1961,1.91593
svk,1962,1.91593
svk,1963,1.91593
svk,1964,1.91593
svk,1965,3.64851
svk,1966,3.63191
svk,1967,3.63191
svk,1968,3.63191
svk,1969,3.63191
svk,1970,5.82182
svk,1971,5.80133
svk,1972,5.80133
svk,1973,5.80133
svk,1974,5.80133
svk,1975,8.08609
svk,1976,8.46093
svk,1977,8.82968
svk,1978,9.18954
svk,1979,9.39377
svk,1980,9.44863
svk,1981,9.56856
svk,1982,9.69845
svk,1983,9.91218
svk,1984,10.21403
svk,1985,10.47921
svk,1986,10.88967
svk,1987,11.41717
svk,1988,12.04213
svk,1989,12.7531
svk,1990,13.5
svk,1991,14.4
svk,1992,15.5
svk,1993,16.8
svk,1994,18.8
svk,1995,20.9
svk,1996,23.2
svk,1997,25.9
svk,1998,28.6
svk,1999,30.8
svk,2000,31.56101
svk,2001,28.92968
svk,2002,26.08416
svk,2003,24.08158
svk,2004,23.25904
svk,2005,22.26357
svk,2006,21.71143
svk,2007,24.36353
svk,2008,23.95673
svk,2009,22.64863
svk,2010,20.37929
svk,2011,19.56287
svk,2012,18.03488
svk,2013,17.87487
svk,2014,16.96441
svk,2015,15.98866
svk,2016,15.17514
svk,2017,13.96034
svk,2018,13.27711
svk,2019,12.38935
svk,2020,11.88743
svk,2021,10.60841
svk,2022,9.87646
svk,2023,9.15991
svk,2024,8.26032
svn,1985,14.67239
svn,1990,21.1
svn,1991,22.9
svn,1992,24.8
svn,1993,26.5
svn,1994,29
svn,1995,30.9
svn,1996,33.4
svn,1997,35.8
svn,1998,36.5
svn,1999,38.2
svn,2000,39.53054
svn,2001,40.30183
svn,2002,40.56027
svn,2003,40.76919
svn,2004,49.8832
svn,2005,51.05057
svn,2006,51.37276
svn,2007,49.92925
svn,2008,48.30745
svn,2009,46.13398
svn,2010,44.54796
svn,2011,43.01236
svn,2012,40.67825
svn,2013,38.82222
svn,2014,37.39223
svn,2015,36.55832
svn,2016,35.34955
svn,2017,35.83608
svn,2018,34.92499
svn,2019,33.93711
svn,2020,33.52847
svn,2021,32.90693
svn,2022,31.85704
svn,2023,30.5391
svn,2024,28.67059
swe,1960,27.88375
swe,1961,27.9223
swe,1962,27.9223
swe,1963,27.9223
swe,1964,27.9223
swe,1965,37.73973
swe,1966,37.7888
swe,1967,37.7888
swe,1968,37.7888
swe,1969,37.7888
swe,1970,44.88208
swe,1971,44.7304
swe,1972,44.7304
swe,1973,44.7304
swe,1974,44.7304
swe,1975,51.17694
swe,1976,52.81924
swe,1977,54.38437
swe,1978,55.48647
swe,1979,56.38839
swe,1980,57.99011
swe,1981,58.78749
swe,1982,59.538
swe,1983,60.04461
swe,1984,61.2521
swe,1985,62.48571
swe,1986,63.87463
swe,1987,64.95027
swe,1988,66.14206
swe,1989,67.20767
swe,1990,68.3
swe,1991,69.1
swe,1992,68.4
swe,1993,67.8
swe,1994,68
swe,1995,68.1
swe,1996,68.2
swe,1997,70.7
swe,1998,72.2
swe,1999,68.8
swe,2000,68.25892
swe,2001,66.92879
swe,2002,65.53467
swe,2003,64.52023
swe,2004,63.24351
swe,2005,62.40468
swe,2006,61.08612
swe,2007,60.12063
swe,2008,57.89651
swe,2009,55.27631
swe,2010,50.48372
swe,2011,47.43443
swe,2012,43.79525
swe,2013,40.91845
swe,2014,38.96865
swe,2015,36.27401
swe,2016,31.28305
swe,2017,26.02613
swe,2018,21.26611
swe,2019,17.03442
swe,2020,14.281
swe,2021,12.10692
swe,2022,10.46704
swe,2023,8.26279
swe,2024,7.51123
swz,1960,0.34776
swz,1961,0.35652
swz,1962,0.35652
swz,1963,0.35652
swz,1964,0.35652
swz,1965,0.51504
swz,1966,0.53487
swz,1967,0.53487
swz,1968,0.53487
swz,1969,0.53487
swz,1970,0.56451
swz,1971,0.57971
swz,1972,0.57971
swz,1973,0.57971
swz,1974,0.57971
swz,1975,0.65903
swz,1976,0.6756
swz,1977,0.6638
swz,1978,0.69614
swz,1979,0.79435
swz,1980,0.87042
swz,1981,0.98002
swz,1982,1.09372
swz,1983,1.13348
swz,1984,1.16639
swz,1985,1.18166
swz,1986,1.29289
swz,1987,1.29384
swz,1988,1.48533
swz,1989,1.51341
swz,1990,1.56
swz,1991,1.58
swz,1992,1.61
swz,1993,1.68
swz,1994,1.87
swz,1995,2.18
swz,1996,2.28
swz,1997,2.49
swz,1998,2.84
swz,1999,3.04
swz,2000,3.05911
swz,2001,3.20999
swz,2002,3.30929
swz,2003,4.33102
swz,2004,4.14729
swz,2005,4.0862
swz,2006,4.08387
swz,2007,4.11193
swz,2008,4.11277
swz,2009,4.08649
swz,2010,4.76463
swz,2011,6.78321
swz,2012,4.05432
swz,2013,4.07083
swz,2014,3.90742
swz,2015,3.76265
swz,2016,3.65374
swz,2017,3.18021
swz,2018,3.77568
swz,2019,3.60267
swz,2020,3.93769
swz,2021,3.31893
swz,2022,3.18151
swz,2023,3.40827
swz,2024,2.86775
syc,1965,0.4821
syc,1966,0.49592
syc,1967,0.49592
syc,1968,0.49592
syc,1969,0.49592
syc,1970,0.80914
syc,1971,0.84021
syc,1972,0.84021
syc,1973,0.84021
syc,1974,0.84021
syc,1975,2.4285
syc,1976,2.75004
syc,1977,3.57787
syc,1978,3.8607
syc,1979,4.40753
syc,1980,5.3607
syc,1981,5.30866
syc,1982,6.07511
syc,1983,6.74853
syc,1984,8.30339
syc,1985,8.68751
syc,1986,9.83549
syc,1987,9.86995
syc,1988,10.37709
syc,1989,10.81928
syc,1990,11.7
syc,1991,12.5
syc,1992,13.3
syc,1993,14.3
syc,1994,15.7
syc,1995,16.8
syc,1996,19.9
syc,1997,22.4
syc,1998,23.2
syc,1999,23.9
syc,2000,24.74975
syc,2001,25.11288
syc,2002,24.74929
syc,2003,24.34796
syc,2004,24.12541
syc,2005,23.97777
syc,2006,22.88183
syc,2007,24.84147
syc,2008,24.11964
syc,2009,27.85278
syc,2010,23.21235
syc,2011,28.76814
syc,2012,21.04417
syc,2013,21.30606
syc,2014,20.26487
syc,2015,19.90208
syc,2016,18.97269
syc,2017,17.47979
syc,2018,17.63734
syc,2019,17.10327
syc,2020,15.69693
syc,2021,15.26015
syc,2022,15.1583
syc,2023,14.41489
syc,2024,12.39553
syr,1960,0.84336
syr,1961,0.85022
syr,1962,0.85022
syr,1963,0.85022
syr,1964,0.85022
syr,1965,1.06176
syr,1966,1.06083
syr,1967,1.06083
syr,1968,1.06083
syr,1969,1.06083
syr,1970,1.26269
syr,1971,1.25646
syr,1972,1.25646
syr,1973,1.25646
syr,1974,1.25646
syr,1975,1.70732
syr,1976,1.76577
syr,1977,1.88061
syr,1978,2.03364
syr,1979,2.22074
syr,1980,2.69497
syr,1981,3.31391
syr,1982,3.52233
syr,1983,3.72123
syr,1984,4.08518
syr,1985,4.17421
syr,1986,4.1714
syr,1987,4.1308
syr,1988,4.10027
syr,1989,4.06345
syr,1990,3.95
syr,1991,3.87
syr,1992,3.84
syr,1993,4.11
syr,1994,4.83
syr,1995,6.56
syr,1996,7.98
syr,1997,8.51
syr,1998,9.34
syr,1999,9.86
syr,2000,10.06886
syr,2001,10.656
syr,2002,11.99313
syr,2003,13.47733
syr,2004,14.49538
syr,2005,15.43066
syr,2006,16.51472
syr,2007,16.5293
syr,2008,16.79307
syr,2009,17.61441
syr,2010,18.09877
syr,2011,18.74719
syr,2012,18.69109
syr,2013,20.44026
syr,2014,17.90031
syr,2015,18.22257
syr,2016,18.05187
syr,2017,14.1807
syr,2018,13.99541
syr,2019,13.9686
syr,2020,13.57373
syr,2021,13.04356
syr,2022,12.44773
syr,2023,11.93523
syr,2024,11.51728
tca,1975,6.82065
tca,1976,7.64847
tca,1977,7.40848
tca,1978,7.59494
tca,1979,7.22859
tca,1980,8.42327
tca,1983,9.7625
tca,1984,9.07702
tca,1985,9.4184
tca,1992,24.7
tca,1993,23.7
tca,1994,23
tca,1995,24.7
tca,1996,25.7
tca,1997,26.8
tca,1998,14
tca,1999,15.7
tca,2000,18.13134
tca,2001,19.52391
tca,2002,17.62878
tca,2003,17.09854
tca,2004,16.26706
tca,2005,15.42438
tca,2006,14.72754
tca,2007,14.08451
tca,2008,13.49036
tca,2009,12.94249
tca,2010,12.44158
tca,2012,11.51679
tca,2013,11.88601
tca,2014,11.69757
tca,2015,10.92747
tca,2019,9.26655
tca,2020,9.01185
tca,2021,8.84115
tca,2022,8.83809
tcd,1965,0.04496
tcd,1966,0.04532
tcd,1967,0.04532
tcd,1968,0.04532
tcd,1969,0.04532
tcd,1970,0.05181
tcd,1971,0.05215
tcd,1972,0.05215
tcd,1973,0.05215
tcd,1974,0.05215
tcd,1975,0.05876
tcd,1976,0.05765
tcd,1977,0.05662
tcd,1981,0.01247
tcd,1982,0.01449
tcd,1983,0.02387
tcd,1984,0.03231
tcd,1985,0.04229
tcd,1986,0.04472
tcd,1987,0.04571
tcd,1988,0.06053
tcd,1989,0.06417
tcd,1990,0.0673
tcd,1991,0.0664
tcd,1992,0.0649
tcd,1993,0.069
tcd,1994,0.0698
tcd,1995,0.0752
tcd,1996,0.081
tcd,1997,0.0974
tcd,1998,0.109
tcd,1999,0.118
tcd,2000,0.12055
tcd,2001,0.12141
tcd,2002,0.12982
tcd,2003,0.13122
tcd,2004,0.13105
tcd,2005,0.12587
tcd,2006,0.1868
tcd,2007,0.28877
tcd,2008,0.39211
tcd,2009,0.4899
tcd,2010,0.41605
tcd,2011,0.24962
tcd,2012,0.21147
tcd,2013,0.22878
tcd,2014,0.16619
tcd,2015,0.11626
tcd,2016,0.08821
tcd,2017,0.05546
tcd,2018,0.05593
tcd,2019,0.0391
tcd,2020,0.031
tcd,2021,0.02969
tcd,2022,0.01009
tcd,2023,0
tcd,2024,0
tgo,1960,0.07049
tgo,1961,0.07365
tgo,1962,0.07365
tgo,1963,0.07365
tgo,1964,0.07365
tgo,1966,0.07365
tgo,1967,0.07365
tgo,1968,0.07365
tgo,1969,0.07365
tgo,1970,0.13653
tgo,1971,0.14181
tgo,1972,0.14181
tgo,1973,0.14181
tgo,1974,0.14181
tgo,1976,0.18679
tgo,1977,0.22048
tgo,1978,0.20792
tgo,1979,0.20643
tgo,1980,0.20376
tgo,1981,0.20917
tgo,1982,0.24559
tgo,1983,0.25382
tgo,1984,0.25837
tgo,1985,0.25146
tgo,1986,0.24583
tgo,1987,0.26023
tgo,1988,0.26263
tgo,1989,0.26222
tgo,1990,0.263
tgo,1991,0.261
tgo,1992,0.362
tgo,1993,0.411
tgo,1994,0.507
tgo,1995,0.492
tgo,1996,0.525
tgo,1997,0.532
tgo,1998,0.646
tgo,1999,0.763
tgo,2000,0.83196
tgo,2001,0.91682
tgo,2002,0.94501
tgo,2003,1.10045
tgo,2004,1.15771
tgo,2005,1.07502
tgo,2006,1.36519
tgo,2007,1.60759
tgo,2008,2.21264
tgo,2009,2.72767
tgo,2010,0.89135
tgo,2011,0.87144
tgo,2012,0.86737
tgo,2013,0.85838
tgo,2014,0.71343
tgo,2015,0.68757
tgo,2016,0.43034
tgo,2017,0.44819
tgo,2018,0.45638
tgo,2019,0.51524
tgo,2020,0.53634
tgo,2021,0.6135
tgo,2022,0.72184
tgo,2023,0.75027
tgo,2024,0.82579
tha,1960,0.13967
tha,1961,0.13559
tha,1962,0.13559
tha,1963,0.13559
tha,1964,0.13559
tha,1965,0.17453
tha,1966,0.16969
tha,1967,0.16969
tha,1968,0.16969
tha,1969,0.16969
tha,1970,0.26542
tha,1971,0.25756
tha,1972,0.25756
tha,1973,0.25756
tha,1974,0.25756
tha,1975,0.53534
tha,1976,0.56587
tha,1977,0.60919
tha,1978,0.6757
tha,1979,0.74173
tha,1980,0.80021
tha,1981,0.81802
tha,1982,0.91052
tha,1983,0.95177
tha,1984,1.04659
tha,1985,1.23826
tha,1986,1.55002
tha,1987,1.71806
tha,1988,1.88327
tha,1989,2.13168
tha,1990,2.42
tha,1991,2.79
tha,1992,3.17
tha,1993,3.86
tha,1994,4.72
tha,1995,5.89
tha,1996,6.94
tha,1997,7.95
tha,1998,8.19
tha,1999,8.37
tha,2000,8.87364
tha,2001,9.50357
tha,2002,10.20287
tha,2003,10.22444
tha,2004,10.40703
tha,2005,10.65577
tha,2006,10.62322
tha,2007,10.46766
tha,2008,10.93518
tha,2009,10.57666
tha,2010,9.96676
tha,2011,9.65261
tha,2012,9.18398
tha,2013,8.67061
tha,2014,8.10352
tha,2015,7.52614
tha,2016,6.64128
tha,2017,13.98956
tha,2018,8.48884
tha,2019,7.57107
tha,2020,6.98338
tha,2021,6.46058
tha,2022,6.08905
tha,2023,5.71389
tha,2024,5.44594
tjk,1975,2.01027
tjk,1976,2.22804
tjk,1977,2.43046
tjk,1978,2.61909
tjk,1979,2.79707
tjk,1980,2.96592
tjk,1981,3.36478
tjk,1982,3.50557
tjk,1983,3.63512
tjk,1984,3.75317
tjk,1985,3.86217
tjk,1986,3.95975
tjk,1987,4.04343
tjk,1988,4.23528
tjk,1989,4.36903
tjk,1990,4.45
tjk,1991,4.65
tjk,1992,4.73
tjk,1993,4.63
tjk,1994,4.6
tjk,1995,4.42
tjk,1996,4.07
tjk,1997,3.67
tjk,1998,3.58
tjk,1999,3.42
tjk,2000,3.47693
tjk,2001,3.54047
tjk,2002,3.63766
tjk,2003,3.68235
tjk,2004,4.02619
tjk,2005,4.04637
tjk,2007,4.06882
tjk,2008,3.91012
tjk,2009,4.63617
tjk,2010,4.8051
tjk,2011,4.85636
tjk,2012,4.90387
tjk,2013,5.17238
tjk,2014,5.23052
tjk,2015,2.63882
tjk,2016,2.6173
tjk,2017,2.64876
tjk,2018,2.6139
tjk,2019,2.49231
tjk,2020,2.42388
tjk,2021,2.30009
tjk,2022,2.24984
tjk,2023,2.21157
tkm,1975,2.37552
tkm,1976,2.70033
tkm,1977,3.00863
tkm,1978,3.30114
tkm,1979,3.5786
tkm,1980,3.84225
tkm,1981,4.09147
tkm,1982,4.32472
tkm,1983,4.54221
tkm,1984,4.74359
tkm,1985,4.9278
tkm,1986,5.09474
tkm,1987,5.24705
tkm,1988,5.50337
tkm,1989,5.79902
tkm,1990,5.85
tkm,1991,6.15
tkm,1992,6.31
tkm,1993,6.57
tkm,1994,7.4
tkm,1995,7.64
tkm,1996,7.93
tkm,1997,8.16
tkm,1998,8.03
tkm,1999,7.99
tkm,2000,7.95168
tkm,2001,8.29061
tkm,2002,7.84155
tkm,2003,7.73253
tkm,2004,7.82559
tkm,2005,7.87965
tkm,2006,8.23395
tkm,2007,8.73715
tkm,2008,8.93671
tkm,2009,9.0673
tkm,2010,9.34523
tkm,2011,9.62449
tkm,2012,9.89921
tkm,2013,10.1358
tkm,2014,10.27771
tkm,2015,10.4251
tkm,2016,10.45591
tkm,2017,10.48092
tkm,2018,11.19171
tkm,2019,11.24214
tkm,2020,11.24
tkm,2021,11.30451
tkm,2022,10.17327
tls,2003,0.21486
tls,2004,0.22582
tls,2005,0.24612
tls,2006,0.2564
tls,2007,0.24281
tls,2008,0.2558
tls,2009,0.27456
tls,2010,0.26801
tls,2011,0.27508
tls,2012,0.26434
tls,2013,0.25891
tls,2014,0.30096
tls,2015,0.2257
tls,2016,0.20719
tls,2017,0.19022
tls,2018,0.17289
tls,2019,0.1595
tls,2020,0.15173
tls,2021,0.13895
tls,2022,0.13438
tls,2023,0.12895
tls,2024,0.12073
ton,1960,0.78454
ton,1961,0.85909
ton,1962,0.85909
ton,1963,0.85909
ton,1964,0.85909
ton,1965,0.72085
ton,1966,0.75325
ton,1967,0.75325
ton,1968,0.75325
ton,1969,0.75325
ton,1970,0.67064
ton,1971,0.6876
ton,1972,0.6876
ton,1973,0.6876
ton,1974,0.6876
ton,1976,0.52676
ton,1977,0.52166
ton,1978,0.53
ton,1979,0.95331
ton,1981,1.74504
ton,1983,2.88716
ton,1984,2.64579
ton,1985,2.67892
ton,1986,2.78127
ton,1987,2.87498
ton,1988,3.47155
ton,1989,4.04964
ton,1990,4.4
ton,1991,5.09
ton,1992,5.49
ton,1993,5.91
ton,1994,6.45
ton,1995,6.6
ton,1996,7.76
ton,1997,7.25
ton,1998,8.38
ton,1999,8.92
ton,2000,9.4471
ton,2001,10.4562
ton,2002,10.78326
ton,2003,11.48721
ton,2004,12.37259
ton,2005,13.0083
ton,2006,17.36139
ton,2007,19.70841
ton,2008,23.86096
ton,2009,28.9171
ton,2010,28.86406
ton,2011,27.88882
ton,2012,27.91736
ton,2013,28.95086
ton,2014,11.25609
ton,2015,12.46053
ton,2016,10.42417
ton,2017,13.94985
ton,2018,13.92196
ton,2019,6.28093
ton,2020,6.62227
ton,2021,10.26069
ton,2022,3.12256
tto,1965,2.39105
tto,1966,2.43491
tto,1967,2.43491
tto,1968,2.43491
tto,1969,2.43491
tto,1970,3.54943
tto,1971,3.71287
tto,1972,3.71287
tto,1973,3.71287
tto,1974,3.71287
tto,1975,3.87091
tto,1976,3.95244
tto,1977,4.00613
tto,1978,4.01306
tto,1979,3.93721
tto,1980,3.82798
tto,1981,3.95136
tto,1982,4.04264
tto,1983,5.66247
tto,1984,6.98318
tto,1985,9.84135
tto,1986,11.6592
tto,1987,12.89935
tto,1988,12.94438
tto,1989,12.59407
tto,1990,13.2
tto,1991,13.8
tto,1992,14.2
tto,1993,15
tto,1994,15.8
tto,1995,16.2
tto,1996,16.9
tto,1997,18.6
tto,1998,20.2
tto,1999,21.2
tto,2000,24.00161
tto,2001,23.52518
tto,2002,23.88787
tto,2003,23.81989
tto,2004,23.95888
tto,2005,23.83816
tto,2006,23.95676
tto,2007,22.50668
tto,2008,22.94262
tto,2009,21.98801
tto,2010,21.15272
tto,2011,20.93474
tto,2012,20.41624
tto,2013,20.62014
tto,2014,20.33043
tto,2015,18.95286
tto,2016,18.94099
tto,2017,17.81305
tto,2018,21.72031
tto,2019,23.12522
tto,2020,21.87034
tto,2021,22.9502
tto,2022,21.82488
tto,2023,20.67246
tto,2024,19.74649
tun,1960,0.62491
tun,1961,0.62749
tun,1962,0.62749
tun,1963,0.62749
tun,1964,0.62749
tun,1965,0.74036
tun,1966,0.7256
tun,1967,0.7256
tun,1968,0.7256
tun,1969,0.7256
tun,1970,0.91136
tun,1971,0.90841
tun,1972,0.90841
tun,1973,0.90841
tun,1974,0.90841
tun,1975,1.1267
tun,1976,1.20236
tun,1977,1.29005
tun,1978,1.39411
tun,1979,1.55856
tun,1980,1.7026
tun,1981,1.8007
tun,1982,2.00377
tun,1983,2.14368
tun,1984,2.31895
tun,1985,2.53257
tun,1986,2.82276
tun,1987,2.89121
tun,1988,3.08454
tun,1989,3.36091
tun,1990,3.64
tun,1991,3.9
tun,1992,4.32
tun,1993,4.76
tun,1994,5.26
tun,1995,5.7
tun,1996,6.29
tun,1997,6.94
tun,1998,7.88
tun,1999,8.81
tun,2000,9.78123
tun,2001,10.70156
tun,2002,11.51867
tun,2003,11.55571
tun,2004,11.83859
tun,2005,12.26154
tun,2006,12.25992
tun,2007,12.19468
tun,2008,11.75298
tun,2009,12.00438
tun,2010,11.97833
tun,2011,11.18663
tun,2012,9.98118
tun,2013,9.17284
tun,2014,8.42089
tun,2015,8.27592
tun,2016,8.44962
tun,2017,9.55468
tun,2018,11.06637
tun,2019,12.24567
tun,2020,12.80496
tun,2021,13.76998
tun,2022,14.76578
tun,2023,15.2711
tun,2024,15.97003
tur,1960,0.65439
tur,1961,0.65531
tur,1962,0.65531
tur,1963,0.65531
tur,1964,0.65531
tur,1965,0.77566
tur,1966,0.78572
tur,1967,0.78572
tur,1968,0.78572
tur,1969,0.78572
tur,1970,1.06071
tur,1971,1.08093
tur,1972,1.08093
tur,1973,1.08093
tur,1974,1.08093
tur,1975,1.71546
tur,1976,1.90096
tur,1977,2.05712
tur,1978,2.33339
tur,1979,2.52883
tur,1980,2.60333
tur,1981,2.89352
tur,1982,3.26872
tur,1983,3.55806
tur,1984,4.03496
tur,1985,4.57113
tur,1986,5.53445
tur,1987,7.21339
tur,1988,9.39422
tur,1989,10.99614
tur,1990,12.2
tur,1991,14.3
tur,1992,16.2
tur,1993,18.5
tur,1994,20.3
tur,1995,21.5
tur,1996,23.1
tur,1997,24.8
tur,1998,26.4
tur,1999,27.7
tur,2000,28.11601
tur,2001,28.53717
tur,2002,28.17351
tur,2003,27.88772
tur,2004,27.88225
tur,2005,27.37393
tur,2006,26.88489
tur,2007,25.72559
tur,2008,24.45729
tur,2009,22.81707
tur,2010,22.08886
tur,2011,20.49559
tur,2012,18.4311
tur,2013,17.73713
tur,2014,16.05521
tur,2015,14.36377
tur,2016,13.56678
tur,2017,13.61091
tur,2018,13.78111
tur,2019,13.51127
tur,2020,14.4597
tur,2021,14.20066
tur,2022,12.8626
tur,2023,11.3733
tur,2024,10.31886
tuv,1985,1.44075
tuv,1986,1.41243
tuv,1987,1.38488
tuv,1988,1.35685
tuv,1989,1.33082
tuv,1990,1.36
tuv,1991,1.34
tuv,1992,1.39
tuv,1993,1.64
tuv,1994,5.35
tuv,1995,5.43
tuv,1996,5.39
tuv,1997,5.4
tuv,1998,6.35
tuv,1999,6.63
tuv,2000,6.91534
tuv,2001,6.78072
tuv,2002,6.85857
tuv,2003,7.22022
tuv,2004,7.64059
tuv,2005,8.95372
tuv,2006,10.93874
tuv,2007,12.76763
tuv,2008,9.68898
tuv,2009,7.64745
tuv,2010,11.30582
tuv,2011,13.45083
tuv,2012,13.26139
tuv,2013,13.18062
tuv,2014,13.65623
tuv,2015,18.24318
tuv,2016,18.29826
tuv,2017,18.40096
tuv,2019,18.90181
tuv,2020,19.23262
tuv,2021,19.61938
tuv,2022,21.14692
tza,1960,0.08096
tza,1961,0.08088
tza,1962,0.08088
tza,1963,0.08088
tza,1964,0.08088
tza,1965,0.08797
tza,1966,0.08793
tza,1967,0.08793
tza,1968,0.08793
tza,1969,0.08793
tza,1970,0.10998
tza,1971,0.11065
tza,1972,0.11065
tza,1973,0.11065
tza,1974,0.11065
tza,1975,0.16656
tza,1976,0.17083
tza,1977,0.18205
tza,1978,0.1937
tza,1979,0.20474
tza,1980,0.20609
tza,1981,0.20464
tza,1982,0.20491
tza,1983,0.20777
tza,1984,0.21736
tza,1985,0.23068
tza,1986,0.23349
tza,1987,0.24448
tza,1988,0.26589
tza,1989,0.27677
tza,1990,0.28
tza,1991,0.285
tza,1992,0.296
tza,1993,0.3
tza,1994,0.3
tza,1995,0.297
tza,1996,0.3
tza,1997,0.333
tza,1998,0.376
tza,1999,0.449
tza,2000,0.50669
tza,2001,0.50514
tza,2002,0.44735
tza,2003,0.39635
tza,2004,0.3893
tza,2005,0.39396
tza,2006,0.37722
tza,2007,0.39403
tza,2008,0.29083
tza,2009,0.3963
tza,2010,0.38989
tza,2011,0.34991
tza,2012,0.37228
tza,2013,0.33795
tza,2014,0.30044
tza,2015,0.27454
tza,2016,0.24078
tza,2017,0.22837
tza,2018,0.2163
tza,2019,0.12892
tza,2020,0.11885
tza,2021,0.11433
tza,2022,0.13088
tza,2023,0.11368
tza,2024,0.1142
uga,1960,0.09189
uga,1961,0.10344
uga,1962,0.10344
uga,1963,0.10344
uga,1964,0.10344
uga,1965,0.11326
uga,1966,0.12522
uga,1967,0.12522
uga,1968,0.12522
uga,1969,0.12522
uga,1970,0.1357
uga,1971,0.14885
uga,1972,0.14885
uga,1973,0.14885
uga,1974,0.14885
uga,1975,0.17134
uga,1976,0.16604
uga,1977,0.16978
uga,1978,0.17792
uga,1979,0.15909
uga,1980,0.14755
uga,1981,0.15099
uga,1982,0.16543
uga,1983,0.16914
uga,1984,0.14345
uga,1985,0.17009
uga,1986,0.16679
uga,1987,0.16276
uga,1988,0.1634
uga,1989,0.16099
uga,1990,0.159
uga,1991,0.156
uga,1992,0.16
uga,1993,0.107
uga,1994,0.151
uga,1995,0.189
uga,1996,0.226
uga,1997,0.247
uga,1998,0.253
uga,1999,0.246
uga,2000,0.25699
uga,2001,0.2269
uga,2002,0.21531
uga,2003,0.23146
uga,2004,0.26356
uga,2005,0.31296
uga,2006,0.37556
uga,2007,0.55909
uga,2008,0.55168
uga,2009,0.74253
uga,2010,1.0099
uga,2011,1.39366
uga,2012,0.91724
uga,2013,0.77212
uga,2014,0.89143
uga,2015,0.87609
uga,2016,0.9491
uga,2017,0.65282
uga,2018,0.19744
uga,2019,0.19933
uga,2020,0.20418
uga,2021,0.22889
uga,2022,0.24721
uga,2023,0.26953
uga,2024,0.39183
ukr,1960,2.8128
ukr,1961,2.8128
ukr,1962,2.8128
ukr,1963,2.8128
ukr,1964,2.8128
ukr,1965,3.53498
ukr,1966,3.53498
ukr,1967,3.53498
ukr,1968,3.53498
ukr,1969,3.53498
ukr,1970,4.45985
ukr,1971,4.45985
ukr,1972,4.45985
ukr,1973,4.45985
ukr,1974,4.45985
ukr,1975,5.74253
ukr,1976,6.1179
ukr,1977,6.49207
ukr,1978,6.86496
ukr,1979,7.236
ukr,1980,7.60474
ukr,1981,7.97146
ukr,1982,8.53524
ukr,1983,9.11587
ukr,1984,9.655
ukr,1985,10.21194
ukr,1986,10.76768
ukr,1987,11.32345
ukr,1988,12.14073
ukr,1989,12.99833
ukr,1990,13.7
ukr,1991,14.3
ukr,1992,14.7
ukr,1993,15.2
ukr,1994,15.8
ukr,1995,16.3
ukr,1996,18.3
ukr,1997,18.7
ukr,1998,19.5
ukr,1999,20.4
ukr,2000,21.3288
ukr,2001,22.04331
ukr,2002,22.57897
ukr,2003,23.34882
ukr,2004,25.71578
ukr,2005,24.87964
ukr,2006,26.59394
ukr,2007,27.82254
ukr,2008,28.52975
ukr,2009,28.32171
ukr,2010,28.26084
ukr,2011,27.82341
ukr,2012,26.86289
ukr,2013,26.22357
ukr,2014,24.67398
ukr,2015,21.31227
ukr,2016,19.8428
ukr,2017,16.94352
ukr,2018,14.38824
ukr,2019,9.9634
ukr,2020,7.94163
ukr,2021,5.51148
ukr,2022,4.24248
ukr,2023,3.80111
ury,1960,4.34951
ury,1961,4.33302
ury,1962,4.33302
ury,1963,4.33302
ury,1964,4.33302
ury,1965,5.29766
ury,1966,5.26992
ury,1967,5.26992
ury,1968,5.26992
ury,1969,5.26992
ury,1970,5.73422
ury,1971,5.69437
ury,1972,5.69437
ury,1973,5.69437
ury,1974,5.69437
ury,1975,6.51126
ury,1976,6.67567
ury,1977,6.94319
ury,1978,6.97236
ury,1979,7.2091
ury,1980,7.44816
ury,1981,7.63467
ury,1982,7.81772
ury,1983,8.27459
ury,1984,8.63105
ury,1985,9.52408
ury,1986,10.09225
ury,1987,10.1996
ury,1988,11.22212
ury,1989,12.13181
ury,1990,13.4
ury,1991,14.5
ury,1992,15.7
ury,1993,16.8
ury,1994,18.3
ury,1995,19.5
ury,1996,20.9
ury,1997,23.6
ury,1998,25.4
ury,1999,27.6
ury,2000,28.4471
ury,2001,29.04072
ury,2002,28.86769
ury,2003,28.59289
ury,2004,30.35809
ury,2005,30.61689
ury,2006,30.00046
ury,2007,29.29199
ury,2008,29.05011
ury,2009,28.81054
ury,2010,28.99394
ury,2011,29.0024
ury,2012,30.30979
ury,2013,31.34049
ury,2014,32.26446
ury,2015,32.85111
ury,2016,32.95273
ury,2017,33.55461
ury,2018,33.98207
ury,2019,34.30387
ury,2020,35.40701
ury,2021,36.41716
ury,2022,37.11558
ury,2023,35.56237
ury,2024,35.62066
usa,1960,27.96379
usa,1961,26.3865
usa,1962,26.3865
usa,1963,26.3865
usa,1964,26.3865
usa,1965,30.72641
usa,1966,29.1834
usa,1967,29.1834
usa,1968,29.1834
usa,1969,29.1834
usa,1970,34.46292
usa,1971,32.9521
usa,1972,32.9521
usa,1973,32.9521
usa,1974,32.9521
usa,1975,38.10918
usa,1976,38.82496
usa,1977,39.65235
usa,1978,40.58675
usa,1979,41.39695
usa,1980,42.25239
usa,1981,46.77924
usa,1982,47.15726
usa,1983,48.01107
usa,1984,48.35354
usa,1985,49.32498
usa,1986,49.80327
usa,1987,51.19351
usa,1988,52.45281
usa,1989,53.68539
usa,1990,53.7
usa,1991,54.4
usa,1992,55.2
usa,1993,56.4
usa,1994,57.8
usa,1995,59.5
usa,1996,61.5
usa,1997,63.6
usa,1998,65.1
usa,1999,68
usa,2000,68.39213
usa,2001,67.38815
usa,2002,65.92144
usa,2003,63.10044
usa,2004,60.68957
usa,2005,59.23269
usa,2006,56.05724
usa,2007,52.48341
usa,2008,53.37011
usa,2009,49.63031
usa,2010,48.1099
usa,2011,45.62772
usa,2012,43.70492
usa,2013,41.62091
usa,2014,39.76753
usa,2015,38.28208
usa,2016,36.86227
usa,2017,35.00764
usa,2018,32.92967
usa,2019,31.50803
usa,2020,29.99062
usa,2021,28.57908
usa,2022,26.62956
usa,2023,24.69741
usa,2024,23.6082
uzb,1975,2.51901
uzb,1976,2.72586
uzb,1977,3.12252
uzb,1978,3.29939
uzb,1979,3.53495
uzb,1980,3.63702
uzb,1981,4.04025
uzb,1982,4.3022
uzb,1983,4.54735
uzb,1984,4.83109
uzb,1985,5.14859
uzb,1986,5.44181
uzb,1987,5.76605
uzb,1988,6.12244
uzb,1989,6.71545
uzb,1990,6.85
uzb,1991,6.96
uzb,1992,7.12
uzb,1993,7.02
uzb,1994,6.93
uzb,1995,6.74
uzb,1996,6.56
uzb,1997,6.49
uzb,1998,6.37
uzb,1999,6.53
uzb,2000,6.67705
uzb,2001,6.62792
uzb,2002,6.61862
uzb,2003,6.67827
uzb,2004,6.72472
uzb,2005,6.80465
uzb,2006,6.89864
uzb,2007,6.72974
uzb,2008,6.72696
uzb,2009,6.64508
uzb,2010,6.66595
uzb,2011,6.68814
uzb,2012,6.76661
uzb,2013,6.72855
uzb,2014,8.29736
uzb,2015,9.15991
uzb,2016,10.90928
uzb,2017,10.8247
uzb,2018,10.68855
uzb,2019,17.17822
uzb,2020,16.29897
uzb,2021,16.83985
uzb,2022,16.27368
uzb,2023,17.24185
uzb,2024,17.38811
vct,1970,1.62504
vct,1971,1.76778
vct,1972,1.76778
vct,1973,1.76778
vct,1974,1.76778
vct,1975,3.05163
vct,1976,3.18024
vct,1977,3.29861
vct,1978,3.34162
vct,1979,3.32142
vct,1980,3.30294
vct,1981,3.43932
vct,1982,3.49441
vct,1983,3.55567
vct,1984,3.57201
vct,1985,4.88612
vct,1986,5.38658
vct,1987,6.26286
vct,1988,7.13801
vct,1989,8.03419
vct,1990,11.7
vct,1991,13
vct,1992,13.9
vct,1993,14.6
vct,1994,15.2
vct,1995,16.1
vct,1996,17.1
vct,1997,18.1
vct,1998,18.6
vct,1999,20.8
vct,2000,21.93492
vct,2001,22.97601
vct,2002,24.10562
vct,2003,18.72884
vct,2004,16.85824
vct,2005,20.01334
vct,2006,20.21176
vct,2007,20.55662
vct,2008,20.51464
vct,2009,20.83017
vct,2010,19.73736
vct,2011,20.78025
vct,2012,17.82206
vct,2013,17.63444
vct,2014,22.22811
vct,2015,23.24701
vct,2016,19.32317
vct,2017,19.01517
vct,2018,18.97242
vct,2019,17.17627
vct,2020,16.84504
vct,2021,11.92423
vct,2022,10.79513
vct,2023,10.11616
vct,2024,9.02143
ven,1960,1.53244
ven,1961,1.53528
ven,1962,1.53528
ven,1963,1.53528
ven,1964,1.53528
ven,1965,1.8373
ven,1966,1.83651
ven,1967,1.83651
ven,1968,1.83651
ven,1969,1.83651
ven,1970,2.45696
ven,1971,2.44814
ven,1972,2.44814
ven,1973,2.44814
ven,1974,2.44814
ven,1975,3.80226
ven,1976,4.26062
ven,1977,4.41811
ven,1978,4.57804
ven,1979,4.74016
ven,1980,5.25954
ven,1981,5.49761
ven,1982,5.9486
ven,1983,6.18509
ven,1984,6.46924
ven,1985,6.97332
ven,1986,7.40038
ven,1987,7.64777
ven,1988,7.75378
ven,1989,7.60128
ven,1990,7.5
ven,1991,7.87
ven,1992,8.81
ven,1993,9.8
ven,1994,10.7
ven,1995,11.1
ven,1996,11.8
ven,1997,12.1
ven,1998,11
ven,1999,10.6
ven,2000,10.33961
ven,2001,10.82838
ven,2002,11.17238
ven,2003,11.41706
ven,2004,12.70446
ven,2005,13.62849
ven,2006,15.48886
ven,2007,18.78912
ven,2008,22.87675
ven,2009,24.14591
ven,2010,24.58218
ven,2011,25.12373
ven,2012,25.88075
ven,2013,25.98865
ven,2014,25.80982
ven,2015,25.4468
ven,2016,24.8992
ven,2017,19.39686
ven,2018,18.61033
ven,2019,18.49227
ven,2020,18.46143
ven,2021,11.41194
ven,2022,9.51115
ven,2023,8.44485
ven,2024,8.50508
vgb,1970,8.34986
vgb,1971,8.14084
vgb,1972,8.14084
vgb,1973,8.14084
vgb,1974,8.14084
vgb,1975,14.78312
vgb,1976,13.71308
vgb,1977,15.0312
vgb,1978,16.12753
vgb,1979,16.36631
vgb,1980,16.56315
vgb,1984,17.71348
vgb,1985,19.67126
vgb,1986,19.34681
vgb,1987,24.79989
vgb,1988,31.31638
vgb,1989,36.29978
vgb,1990,41.3
vgb,1991,45.5
vgb,1992,46.4
vgb,1993,47.3
vgb,1994,50.3
vgb,1995,52.7
vgb,1996,52.6
vgb,1997,52.2
vgb,1998,52
vgb,1999,51.7
vgb,2000,51.38086
vgb,2001,50.49048
vgb,2002,54.61969
vgb,2003,71.44213
vgb,2004,75.81399
vgb,2005,66.61314
vgb,2006,62.8057
vgb,2007,58.16053
vgb,2008,54.13497
vgb,2009,49.84569
vgb,2010,46.09575
vgb,2011,43.5876
vgb,2012,40.42841
vgb,2013,38.10365
vgb,2014,35.94745
vgb,2015,34.07154
vgb,2016,32.96239
vgb,2017,29.18744
vgb,2018,18.07427
vgb,2019,56.61492
vgb,2020,54.96701
vgb,2021,59.69743
vgb,2022,63.09925
vgb,2023,62.70104
vgb,2024,61.92648
vnm,1960,0.02206
vnm,1961,0.02209
vnm,1962,0.02209
vnm,1963,0.02209
vnm,1964,0.02209
vnm,1966,0.02209
vnm,1967,0.02209
vnm,1968,0.02209
vnm,1969,0.02209
vnm,1971,0.02209
vnm,1972,0.02209
vnm,1973,0.02209
vnm,1974,0.02209
vnm,1982,0.11684
vnm,1983,0.11927
vnm,1984,0.11985
vnm,1985,0.12038
vnm,1986,0.12414
vnm,1987,0.12294
vnm,1988,0.1218
vnm,1989,0.1222
vnm,1990,0.15
vnm,1991,0.205
vnm,1992,0.224
vnm,1993,0.374
vnm,1994,0.624
vnm,1995,1.08
vnm,1996,1.62
vnm,1997,1.8
vnm,1998,2.32
vnm,1999,2.76
vnm,2000,3.29564
vnm,2001,3.9117
vnm,2002,4.98798
vnm,2003,5.53267
vnm,2004,12.60272
vnm,2006,10.42685
vnm,2007,13.35067
vnm,2008,17.33782
vnm,2009,20.15656
vnm,2010,16.43635
vnm,2011,11.50112
vnm,2012,10.67596
vnm,2013,7.4253
vnm,2014,7.33569
vnm,2015,7.89128
vnm,2016,5.95533
vnm,2017,4.60766
vnm,2018,4.46428
vnm,2019,3.7644
vnm,2020,3.26856
vnm,2021,3.1561
vnm,2022,2.39833
vnm,2023,2.30815
vnm,2024,2.61816
vut,1970,0.57459
vut,1971,0.58564
vut,1972,0.58564
vut,1973,0.58564
vut,1974,0.58564
vut,1975,0.9901
vut,1976,1.01575
vut,1977,1.01132
vut,1978,1.0964
vut,1982,1.28487
vut,1983,1.36733
vut,1984,1.37596
vut,1985,1.17714
vut,1986,1.49977
vut,1987,1.57192
vut,1988,1.60247
vut,1989,1.63065
vut,1990,1.76
vut,1991,2.01
vut,1992,2.29
vut,1993,2.56
vut,1994,2.7
vut,1995,2.52
vut,1996,2.62
vut,1997,2.75
vut,1998,2.9
vut,1999,3.02
vut,2000,3.56451
vut,2001,3.53974
vut,2002,3.37532
vut,2003,3.25785
vut,2004,3.28568
vut,2005,3.30423
vut,2006,3.47346
vut,2007,3.98597
vut,2008,4.5836
vut,2009,3.10186
vut,2010,2.98471
vut,2011,2.41217
vut,2012,1.9479
vut,2013,2.16007
vut,2014,2.20066
vut,2015,1.8027
vut,2016,1.6741
vut,2017,1.61971
vut,2018,1.45622
vut,2019,1.30452
vut,2020,1.16176
vut,2021,1.19136
vut,2022,1.09792
vut,2023,0.98718
vut,2024,0.92624
wsm,1981,2.08918
wsm,1982,2.12721
wsm,1983,2.15641
wsm,1984,2.18852
wsm,1985,2.222
wsm,1986,2.25408
wsm,1987,2.27855
wsm,1988,2.35888
wsm,1989,2.38257
wsm,1990,2.43
wsm,1991,2.46
wsm,1992,3.82
wsm,1993,4.13
wsm,1994,4.27
wsm,1995,4.47
wsm,1996,4.69
wsm,1997,4.76
wsm,1998,4.74
wsm,1999,4.72
wsm,2000,4.68944
wsm,2001,5.27936
wsm,2002,6.38908
wsm,2003,7.16551
wsm,2004,8.80193
wsm,2005,10.42903
wsm,2010,4.14458
wsm,2012,4.20869
wsm,2013,4.22761
wsm,2014,5.88791
wsm,2015,5.67593
wsm,2016,4.75629
wsm,2017,4.11557
wsm,2019,2.86014
wsm,2020,2.83094
wsm,2021,2.80664
wsm,2022,2.12161
yem,1980,0.18425
yem,1981,0.25365
yem,1982,0.39311
yem,1983,0.48722
yem,1984,0.54574
yem,1985,0.61146
yem,1986,0.64919
yem,1987,0.68123
yem,1988,0.70476
yem,1989,0.72092
yem,1990,0.897
yem,1991,0.907
yem,1992,0.957
yem,1993,1.04
yem,1994,1.07
yem,1995,1.12
yem,1996,1.18
yem,1997,1.23
yem,1998,1.35
yem,1999,1.49
yem,2000,1.76675
yem,2001,2.08754
yem,2002,2.60236
yem,2003,3.23393
yem,2004,3.61165
yem,2005,3.95516
yem,2006,4.113
yem,2007,4.20263
yem,2008,3.82686
yem,2009,3.8453
yem,2010,3.91062
yem,2011,3.89734
yem,2012,3.88272
yem,2013,3.8993
yem,2014,3.86617
yem,2015,3.66576
yem,2016,3.63084
yem,2017,3.59615
yem,2019,3.53162
yem,2020,3.43159
yem,2021,1.96392
yem,2022,1.90415
zaf,1960,3.9346
zaf,1961,3.80128
zaf,1962,3.80128
zaf,1963,3.80128
zaf,1964,3.80128
zaf,1965,3.93492
zaf,1966,3.8948
zaf,1967,3.8948
zaf,1968,3.8948
zaf,1969,3.8948
zaf,1970,4.09508
zaf,1971,4.15047
zaf,1972,4.15047
zaf,1973,4.15047
zaf,1974,4.15047
zaf,1975,4.48445
zaf,1976,4.64119
zaf,1977,4.81621
zaf,1978,5.00296
zaf,1979,5.2549
zaf,1980,5.53905
zaf,1981,5.91617
zaf,1982,6.24265
zaf,1983,6.50182
zaf,1984,6.57027
zaf,1985,6.80762
zaf,1986,7.26157
zaf,1987,7.38826
zaf,1988,7.66443
zaf,1989,7.96596
zaf,1990,8.14
zaf,1991,8.24
zaf,1992,8.15
zaf,1993,8.3
zaf,1994,8.58
zaf,1995,8.99
zaf,1996,9.44
zaf,1997,10.2
zaf,1998,11
zaf,1999,11.8
zaf,2000,10.52115
zaf,2001,10.35272
zaf,2002,10.23961
zaf,2003,10.12364
zaf,2004,10.00787
zaf,2005,9.8929
zaf,2006,9.77834
zaf,2007,9.66186
zaf,2008,9.53739
zaf,2009,9.41067
zaf,2010,9.28663
zaf,2011,9.15932
zaf,2012,9.01221
zaf,2013,7.08791
zaf,2014,6.56135
zaf,2015,7.28279
zaf,2016,7.89886
zaf,2017,8.34573
zaf,2018,5.70768
zaf,2019,3.39789
zaf,2020,3.46552
zaf,2021,2.39371
zaf,2022,2.09943
zaf,2023,2.1406
zaf,2024,1.5827
zmb,1960,0.48086
zmb,1961,0.48848
zmb,1962,0.48848
zmb,1963,0.48848
zmb,1964,0.48848
zmb,1965,0.46747
zmb,1966,0.47893
zmb,1967,0.47893
zmb,1968,0.47893
zmb,1969,0.47893
zmb,1970,0.54184
zmb,1971,0.55515
zmb,1972,0.55515
zmb,1973,0.55515
zmb,1974,0.55515
zmb,1975,0.57592
zmb,1976,0.55515
zmb,1977,0.5637
zmb,1978,0.55645
zmb,1979,0.55277
zmb,1980,0.57092
zmb,1981,0.59224
zmb,1982,0.59647
zmb,1983,0.59597
zmb,1984,0.64455
zmb,1985,0.65464
zmb,1986,0.68443
zmb,1987,0.71766
zmb,1988,0.80188
zmb,1989,0.87769
zmb,1990,0.836
zmb,1991,0.864
zmb,1992,0.928
zmb,1993,0.931
zmb,1994,0.93
zmb,1995,0.874
zmb,1996,0.866
zmb,1997,0.838
zmb,1998,0.819
zmb,1999,0.853
zmb,2000,0.83179
zmb,2001,0.82964
zmb,2002,0.82339
zmb,2003,0.80507
zmb,2004,0.80894
zmb,2005,0.8078
zmb,2006,0.77024
zmb,2007,0.73051
zmb,2008,0.69578
zmb,2009,0.66967
zmb,2010,0.84771
zmb,2011,0.59377
zmb,2012,0.55347
zmb,2013,0.75175
zmb,2014,0.71983
zmb,2015,0.70836
zmb,2016,0.59953
zmb,2017,0.58163
zmb,2018,0.55884
zmb,2019,0.52241
zmb,2020,0.37695
zmb,2021,0.33623
zmb,2022,0.47777
zmb,2023,0.39213
zmb,2024,0.34571
zwe,1960,1.44497
zwe,1961,1.45631
zwe,1962,1.45631
zwe,1963,1.45631
zwe,1964,1.45631
zwe,1965,1.46161
zwe,1966,1.45376
zwe,1967,1.45376
zwe,1968,1.45376
zwe,1969,1.45376
zwe,1970,1.4415
zwe,1971,1.41796
zwe,1972,1.41796
zwe,1973,1.41796
zwe,1974,1.41796
zwe,1975,1.33953
zwe,1976,1.34663
zwe,1977,1.33624
zwe,1978,1.38449
zwe,1979,1.39708
zwe,1980,1.35626
zwe,1981,1.29273
zwe,1982,1.26517
zwe,1983,1.27125
zwe,1984,1.2364
zwe,1985,1.20404
zwe,1986,1.20336
zwe,1987,1.23131
zwe,1988,1.21289
zwe,1989,1.23249
zwe,1990,1.22
zwe,1991,1.21
zwe,1992,1.19
zwe,1993,1.18
zwe,1994,1.24
zwe,1995,1.39
zwe,1996,1.57
zwe,1997,1.86
zwe,1998,2.04
zwe,1999,2.03
zwe,2000,2.0972
zwe,2001,2.11945
zwe,2002,2.38139
zwe,2003,2.46005
zwe,2004,2.5635
zwe,2005,2.62748
zwe,2006,2.6555
zwe,2007,2.69446
zwe,2008,2.68536
zwe,2009,2.93025
zwe,2010,2.83756
zwe,2011,2.61853
zwe,2012,2.18304
zwe,2013,2.17045
zwe,2014,2.31904
zwe,2015,2.31753
zwe,2016,2.09393
zwe,2017,1.78329
zwe,2018,1.78822
zwe,2019,1.74008
zwe,2020,1.62342
zwe,2021,1.54091
zwe,2022,1.81295
zwe,2023,1.89492
zwe,2024,1.79175
